annual_income,age,total_debt,debt_to_income,credit_utilization,num_open_accounts,num_late_payments_2yrs,years_credit_history,loan_amount_requested,employment_years,creditworthy
64934.28,60,33321.75,0.5132,0.2824,6,2,8.68,27908.83,13.22,0
52234.71,21,37830.7,0.7242,0.176,2,1,7.7,16068.85,5.42,1
67953.77,24,49382.54,0.7267,0.3067,5,2,14.09,7972.8,1.15,0
85460.6,50,4176.09,0.0489,0.1159,5,1,13.05,6422.86,1.59,1
50316.93,32,48890.65,0.9717,0.3182,3,1,11.59,500.0,3.78,0
50317.26,55,10749.52,0.2136,0.4637,3,1,3.71,20529.08,3.13,0
86584.26,33,7890.41,0.0911,0.1492,4,2,4.15,15165.0,8.73,1
70348.69,51,18924.87,0.269,0.0731,5,2,7.38,16955.57,2.36,1
45610.51,58,8015.26,0.1757,0.4291,9,2,10.19,1715.38,5.36,1
65851.2,63,19788.53,0.3005,0.3874,2,2,1.99,17886.37,3.14,0
45731.65,43,0.0,0.0,0.3641,3,3,4.58,10095.4,2.52,0
45685.4,24,12134.97,0.2656,0.1958,6,2,1.37,6182.98,6.25,0
59839.25,36,30426.99,0.5085,0.2305,6,1,9.5,16104.8,1.73,1
16734.4,27,14315.26,0.8554,0.1163,4,1,9.38,2399.29,7.59,0
20501.64,42,16699.15,0.8145,0.4012,8,1,2.9,13432.31,8.49,0
43754.25,49,20703.1,0.4732,0.1149,5,2,4.47,9876.39,7.97,0
34743.38,31,29047.94,0.8361,0.0551,7,0,3.83,20580.2,2.33,0
61284.95,53,0.0,0.0,0.0889,5,0,17.64,19135.13,2.07,1
36839.52,49,22014.29,0.5976,0.5089,6,1,4.18,12726.93,4.91,0
26753.93,59,11782.33,0.4404,0.5608,5,0,5.49,14247.4,7.71,0
84312.98,32,16999.65,0.2016,0.5435,2,1,11.6,16788.84,12.51,1
50484.47,27,27719.4,0.5491,0.5821,1,0,4.37,11927.2,6.72,0
56350.56,59,669.76,0.0119,0.0743,5,1,9.79,5458.4,11.09,1
26505.04,62,2848.27,0.1075,0.4363,0,0,10.93,8136.7,3.53,0
44112.35,46,0.0,0.0,0.2806,1,1,6.3,2235.39,1.88,1
57218.45,60,8410.09,0.147,0.2113,1,0,2.24,19403.27,6.01,1
31980.13,29,30965.19,0.9683,0.355,4,2,22.53,15183.23,13.05,0
62513.96,61,13552.95,0.2168,0.4473,2,3,13.54,8615.39,3.91,0
42987.23,54,0.0,0.0,0.0996,1,0,5.6,6201.11,2.15,0
49166.13,33,9171.86,0.1865,0.6424,3,1,4.84,13890.57,8.56,0
42965.87,56,0.0,0.0,0.1659,8,2,7.01,696.15,3.88,1
92045.56,45,1497.77,0.0163,0.7608,5,1,10.19,3450.58,5.54,0
54730.06,44,19665.83,0.3593,0.3024,4,0,16.0,11843.31,4.66,1
33845.78,64,913.52,0.027,0.2218,2,2,11.28,31528.83,1.96,0
71450.9,37,28351.61,0.3968,0.1012,3,2,11.34,15619.15,3.34,0
30583.13,22,14146.56,0.4626,0.1719,5,1,4.87,13482.39,2.01,0
59177.27,33,16027.14,0.2708,0.552,5,1,2.8,2633.75,15.38,0
15806.6,51,11659.52,0.7376,0.287,1,1,11.29,4535.73,6.68,0
28436.28,49,24274.17,0.8536,0.2339,4,3,6.7,22850.5,7.97,0
58937.22,48,24397.92,0.414,0.1093,1,0,8.66,8304.86,6.17,0
69769.33,47,19020.65,0.2726,0.3903,7,2,6.23,12565.23,7.72,1
58427.37,35,21777.47,0.3727,0.4059,4,1,13.09,16734.47,6.64,0
52687.03,51,12454.92,0.2364,0.4709,1,2,9.32,8639.63,7.45,0
48977.93,60,21506.44,0.4391,0.251,1,1,9.96,7938.44,4.47,1
25429.56,35,10945.47,0.4304,0.6391,7,0,3.13,500.0,9.07,0
40603.12,53,15026.78,0.3701,0.3976,1,1,7.37,2273.55,14.53,1
45787.22,40,11704.28,0.2556,0.1864,4,2,10.0,16694.57,3.13,0
76142.44,62,9513.38,0.1249,0.1404,9,0,15.18,8491.69,5.27,1
61872.37,32,6730.66,0.1088,0.2079,3,0,5.55,17347.98,5.59,1
19739.2,57,20612.28,1.0442,0.2351,5,3,4.64,500.0,20.52,0
61481.68,29,30727.27,0.4998,0.1585,3,0,10.73,18490.61,6.27,1
47298.35,43,29053.22,0.6143,0.4637,1,2,22.89,11682.76,0.97,0
41461.56,28,0.0,0.0,0.1425,5,1,6.99,500.0,11.3,1
67233.53,52,30470.44,0.4532,0.2946,4,1,10.2,21033.53,5.12,1
75619.99,34,11182.1,0.1479,0.4261,7,2,6.84,746.72,1.86,0
73625.6,47,22208.8,0.3016,0.2187,3,1,18.43,20618.41,10.74,0
38215.65,45,4125.42,0.108,0.2731,4,1,3.32,11741.48,6.96,0
48815.75,33,16703.76,0.3422,0.497,8,0,7.25,4850.67,3.83,0
61625.27,41,18764.68,0.3045,0.0619,3,1,11.34,26787.24,8.33,1
74510.9,51,0.0,0.0,0.1509,5,1,1.21,15241.84,14.89,1
45416.52,57,22299.21,0.491,0.4504,9,1,10.86,21717.86,1.85,0
51286.82,63,31151.22,0.6074,0.0343,4,1,5.03,15460.74,14.22,0
32873.3,25,12904.22,0.3925,0.4192,7,2,5.09,10268.45,2.38,0
31075.87,33,31322.02,1.0079,0.6988,4,0,31.12,5034.06,3.76,0
71250.52,48,12723.68,0.1786,0.0513,5,5,7.85,10550.4,5.28,1
82124.8,63,25195.01,0.3068,0.1378,5,0,12.13,13307.36,3.52,1
53559.8,45,0.0,0.0,0.4825,1,1,3.58,18532.92,7.43,0
75070.66,55,44025.33,0.5865,0.1731,5,2,11.47,8854.87,5.96,0
62232.72,59,32945.5,0.5294,0.2033,4,4,8.76,16108.35,3.44,1
42097.6,27,11584.49,0.2752,0.3721,4,1,9.42,25427.96,3.19,0
62227.91,58,0.0,0.0,0.2449,6,2,7.91,13265.66,4.6,1
85760.73,52,18456.34,0.2152,0.1509,3,1,4.1,500.0,8.05,0
54283.48,23,0.0,0.0,0.2149,3,3,3.72,12388.03,6.12,1
86292.87,59,20338.24,0.2357,0.0847,7,0,8.06,11242.43,4.33,1
12000.0,57,19938.79,1.6616,0.0482,3,2,16.12,10989.22,5.35,0
71438.05,42,3703.16,0.0518,0.2852,4,2,5.54,500.0,2.42,1
56740.94,28,28451.6,0.5014,0.1941,2,1,18.81,14211.74,7.41,1
49019.85,37,24666.9,0.5032,0.0645,5,2,10.3,7744.88,13.03,0
56835.22,47,26709.88,0.47,0.1482,6,0,9.04,11155.75,3.83,0
15248.62,53,15106.29,0.9907,0.1201,2,0,8.4,19584.03,3.73,0
50606.56,37,0.0,0.0,0.4317,5,2,13.34,5507.8,6.29,1
62142.25,62,26734.47,0.4302,0.0876,3,1,7.18,11180.85,9.15,1
84557.88,32,11755.54,0.139,0.3956,4,0,10.8,10381.91,9.21,1
44634.6,47,0.0,0.0,0.1963,6,0,7.43,10673.82,1.98,0
38830.13,28,31224.47,0.8041,0.2405,0,2,19.12,8450.07,3.63,0
44964.86,43,40192.89,0.8939,0.3238,3,3,4.64,8880.53,6.62,0
73308.04,62,14505.02,0.1979,0.1805,4,3,6.26,25400.5,6.08,1
61575.02,49,40909.45,0.6644,0.5457,6,0,13.87,8617.02,1.6,0
44404.8,40,16095.78,0.3625,0.1972,4,4,12.7,14165.75,5.98,1
65265.35,36,10434.53,0.1599,0.2573,3,1,5.63,12839.67,4.22,0
56941.55,37,7434.5,0.1306,0.0966,5,2,10.99,12582.8,1.94,1
74372.9,36,34644.99,0.4658,0.355,3,1,9.99,15841.9,5.09,0
40958.94,39,5638.27,0.1377,0.0601,4,0,6.74,6936.33,2.84,1
48446.76,28,23823.23,0.4917,0.2294,1,0,8.27,23211.33,4.36,0
47157.84,58,8290.03,0.1758,0.1952,5,0,7.83,4639.57,2.29,0
25729.7,58,9476.32,0.3683,0.1895,3,3,9.57,10683.74,3.92,0
60922.41,49,27363.0,0.4491,0.3241,2,2,6.11,2507.5,1.32,0
60221.11,61,10439.56,0.1734,0.4398,4,0,3.89,19176.32,5.5,1
55102.27,56,10142.46,0.1841,0.014,4,2,2.14,4630.54,10.45,1
50308.26,46,28593.66,0.5684,0.2876,4,1,13.64,18045.6,8.09,0
26692.59,51,34168.77,1.2801,0.3769,1,2,4.14,14119.18,3.65,0
46587.09,64,22736.28,0.488,0.1061,2,2,11.0,13409.51,11.81,0
48145.71,32,7142.76,0.1484,0.2648,8,0,10.46,20929.93,2.7,1
38954.45,37,8872.7,0.2278,0.1698,2,4,8.78,7163.92,6.42,0
51774.29,35,15958.98,0.3082,0.457,9,2,12.03,23735.96,5.57,0
63081.02,29,18851.16,0.2988,0.1725,2,0,17.54,8928.2,2.29,1
92723.72,59,3145.61,0.0339,0.3074,1,1,7.98,15453.68,2.25,0
58491.56,62,23676.46,0.4048,0.2656,1,1,7.61,10452.99,5.06,0
60151.01,32,16026.16,0.2664,0.3148,2,1,9.81,16937.91,7.94,0
53511.08,52,0.0,0.0,0.3437,6,1,9.27,3978.3,3.88,1
16624.58,45,3852.88,0.2318,0.2731,2,2,11.4,12856.92,2.52,0
54469.72,59,8950.46,0.1643,0.3174,5,0,11.77,12145.75,3.35,0
56204.6,38,14125.71,0.2513,0.4084,0,4,8.16,15488.53,5.09,0
104264.84,35,37671.35,0.3613,0.3287,4,4,1.92,15243.78,14.7,1
51152.78,52,17858.06,0.3491,0.4461,4,4,19.65,5115.44,14.79,1
61030.95,26,4910.74,0.0805,0.0838,6,2,16.8,22449.76,3.22,1
54305.76,64,17647.57,0.325,0.3322,4,1,15.07,11539.69,5.28,1
31626.44,63,10774.95,0.3407,0.1499,3,0,14.17,17843.99,4.4,1
77856.46,55,18897.1,0.2427,0.4095,3,2,3.82,1912.94,3.98,0
70038.66,54,21966.81,0.3136,0.1192,1,2,7.02,8682.68,3.46,0
70820.64,58,29510.77,0.4167,0.4837,5,0,6.18,20628.88,6.46,0
36812.25,25,14708.56,0.3996,0.2832,4,0,26.92,25082.79,2.78,1
83055.89,38,34667.53,0.4174,0.4945,1,1,8.18,15394.64,6.93,0
26962.98,36,25896.27,0.9604,0.5508,1,0,16.54,11295.31,3.97,0
66737.14,28,6510.73,0.0976,0.2382,9,3,22.27,3501.9,5.42,1
98809.11,45,41518.27,0.4202,0.2264,5,0,11.17,18378.31,2.05,1
35189.27,52,18923.93,0.5378,0.3199,1,3,19.77,14452.2,11.58,0
43674.05,46,4978.51,0.114,0.2631,3,0,9.18,500.0,2.67,0
56993.03,42,34834.96,0.6112,0.265,1,1,10.96,500.0,2.32,0
44930.49,51,39933.33,0.8888,0.4157,7,1,5.24,14802.13,9.23,0
23986.73,63,14603.7,0.6088,0.4345,3,1,5.86,5342.48,10.21,0
56371.26,30,8956.2,0.1589,0.0985,5,1,7.62,3683.44,7.47,0
33753.93,32,12931.5,0.3831,0.4666,4,0,9.99,11167.61,5.16,1
64471.85,48,23576.78,0.3657,0.0283,6,1,15.59,14745.63,6.33,1
36611.52,26,30334.28,0.8285,0.1599,6,0,7.22,23443.5,9.6,0
85998.69,40,21845.85,0.254,0.3158,4,0,12.28,5460.66,7.22,0
39334.93,25,16220.68,0.4124,0.118,3,0,10.95,15486.47,7.18,0
48558.77,43,32976.14,0.6791,0.2975,3,3,6.64,3787.13,4.64,0
71270.34,29,11245.96,0.1578,0.4258,5,0,3.38,8038.77,6.74,1
30382.71,49,27371.03,0.9009,0.4706,3,1,12.19,13511.14,12.79,0
59549.2,36,11543.25,0.1938,0.2564,3,1,3.35,10818.82,8.28,1
81142.86,42,20172.28,0.2486,0.2833,3,4,7.02,1070.67,10.34,1
22850.34,28,13637.25,0.5968,0.5734,0,0,26.08,16107.64,6.97,0
58692.68,40,14329.77,0.2441,0.1326,2,3,9.53,17929.91,5.55,1
60197.66,34,10471.36,0.1739,0.2883,7,3,5.41,30874.22,3.48,1
70636.46,59,31138.25,0.4408,0.1727,4,1,8.18,13775.31,0.75,0
30260.99,57,6204.89,0.205,0.3402,1,1,13.18,13389.89,5.17,1
28590.87,54,6117.21,0.214,0.6852,2,3,4.66,14426.09,6.94,0
65438.83,31,40451.92,0.6182,0.178,4,4,10.53,1086.7,5.7,1
60939.69,60,26734.17,0.4387,0.3702,5,2,5.0,1634.82,2.72,0
60009.86,53,0.0,0.0,0.3206,1,2,12.35,11339.12,5.67,1
61928.96,51,8216.9,0.1327,0.1591,5,1,19.83,500.0,7.11,1
41399.51,64,0.0,0.0,0.5834,4,2,10.42,2954.24,9.77,1
59645.07,54,3591.71,0.0602,0.3445,4,1,4.42,8019.41,2.86,1
60861.45,27,0.0,0.0,0.1957,7,1,4.96,20070.49,6.07,1
40712.97,43,13356.13,0.3281,0.2524,1,0,16.59,14074.82,3.1,1
92315.49,27,1296.7,0.014,0.1003,6,0,11.12,500.0,6.19,1
64476.66,45,15718.86,0.2438,0.3772,3,1,9.62,11677.81,2.61,0
31173.93,23,0.0,0.0,0.3803,3,0,7.81,16667.53,0.97,1
68131.07,58,15994.94,0.2348,0.3054,2,0,3.72,17713.41,11.14,1
35506.37,40,10021.0,0.2822,0.27,9,0,10.01,20364.08,4.4,1
70741.69,54,33023.44,0.4668,0.3933,7,0,7.8,21584.42,2.75,0
78171.91,64,31936.28,0.4085,0.531,6,0,15.86,16559.23,3.81,1
38586.35,64,24424.15,0.633,0.4576,4,0,11.96,15896.75,1.71,0
74267.52,50,11080.63,0.1492,0.0591,3,0,13.76,13860.44,8.72,1
63255.62,37,38824.56,0.6138,0.1035,2,0,8.33,18739.05,7.29,1
71441.2,30,0.0,0.0,0.2651,7,0,6.86,5697.24,4.18,1
92935.86,55,0.0,0.0,0.3559,4,2,7.19,10364.66,7.04,1
50092.24,40,13994.6,0.2794,0.3499,5,1,11.85,6404.96,5.03,1
39925.28,38,42048.46,1.0532,0.2918,4,3,10.58,15468.38,5.67,0
37209.71,64,12571.93,0.3379,0.1785,3,1,3.19,9929.22,7.91,0
38683.79,47,12801.06,0.3309,0.2645,8,1,24.66,20107.51,9.48,0
53457.97,56,0.0,0.0,0.2603,3,1,14.21,12417.89,2.6,1
61823.04,43,26351.16,0.4262,0.1841,3,2,9.72,20508.16,3.28,1
60533.82,52,26438.12,0.4367,0.0277,6,0,16.14,500.0,3.14,1
71543.66,30,24468.9,0.342,0.1144,5,3,11.64,6241.41,6.87,1
55260.04,31,7449.35,0.1348,0.351,5,2,15.46,19505.35,4.66,0
84070.68,58,6519.52,0.0775,0.2126,5,1,15.78,12162.59,4.79,0
49706.86,26,0.0,0.0,0.2104,2,2,11.76,20447.0,6.3,1
109403.38,61,16006.47,0.1463,0.5565,5,0,6.03,14007.22,2.86,1
67513.35,54,2035.11,0.0301,0.3403,3,1,8.79,4529.17,1.92,0
37856.85,56,871.0,0.023,0.1141,5,1,17.02,26347.54,15.95,1
33582.15,57,9915.71,0.2953,0.0787,7,0,6.35,6692.41,3.62,0
64649.45,37,9130.13,0.1412,0.3659,3,2,2.29,6034.88,6.09,1
50530.74,60,8544.26,0.1691,0.1419,4,2,9.63,18557.51,6.21,1
69280.01,60,20597.34,0.2973,0.0746,7,3,5.89,4708.79,6.0,0
64464.75,32,15948.57,0.2474,0.2557,4,3,12.18,1654.33,5.18,1
53543.42,41,11542.13,0.2156,0.2161,5,0,8.24,5858.73,8.09,1
38064.13,60,17196.16,0.4518,0.4575,2,1,20.86,18561.32,7.37,0
24703.06,39,3101.68,0.1256,0.3284,2,1,8.89,29116.59,2.91,0
46069.7,23,16263.34,0.353,0.2928,1,2,18.78,12039.09,1.97,1
72127.98,38,16807.23,0.233,0.0902,8,2,6.14,6206.81,4.91,0
59281.87,39,0.0,0.0,0.5405,4,1,12.12,21876.84,5.17,1
30085.22,26,26948.33,0.8957,0.4364,5,1,12.75,7077.72,3.61,0
58463.62,36,4422.8,0.0757,0.6887,3,2,11.17,8446.88,6.06,1
62706.35,28,16083.72,0.2565,0.4311,6,3,7.76,15332.69,4.31,0
37322.85,38,28972.94,0.7763,0.2528,4,1,10.64,21128.81,2.17,0
58074.5,63,26108.12,0.4496,0.1769,1,2,15.38,12564.16,3.02,0
56164.17,59,15412.0,0.2744,0.3914,4,1,8.92,9162.27,3.83,0
32140.59,32,10650.01,0.3314,0.4314,3,1,6.43,30570.28,4.06,0
62155.75,30,26370.14,0.4243,0.0621,3,1,6.13,6634.46,5.75,1
66215.69,27,23096.34,0.3488,0.2518,7,0,6.93,7522.13,3.03,1
76661.02,21,7579.62,0.0989,0.059,3,0,4.26,8893.44,2.17,1
76076.04,56,5461.28,0.0718,0.2599,3,0,5.92,16409.11,9.17,1
27446.61,41,0.0,0.0,0.4507,5,0,2.95,8263.07,5.24,1
36243.5,57,16848.38,0.4649,0.4259,8,0,5.03,18538.05,2.28,0
65300.71,44,14007.63,0.2145,0.0328,5,1,5.07,11585.6,1.48,1
65275.72,45,28634.3,0.4387,0.3123,0,1,4.09,9447.52,17.63,0
65300.95,27,19308.66,0.2957,0.0879,8,1,10.68,7504.06,14.39,0
132054.63,62,31010.75,0.2348,0.1302,7,0,17.63,11798.94,13.36,1
66417.81,37,6631.63,0.0998,0.3232,4,2,14.94,15576.95,3.33,0
77711.31,49,28657.8,0.3688,0.2394,4,1,7.73,11718.94,12.71,1
74080.04,50,8653.0,0.1168,0.1151,2,1,17.77,13860.15,6.9,1
68027.83,27,24331.15,0.3577,0.2986,7,1,11.38,5798.71,12.54,1
48694.62,53,0.0,0.0,0.3063,2,1,5.83,6272.12,2.56,0
70179.38,27,17821.62,0.2539,0.1018,6,3,8.52,11961.89,4.14,0
39543.5,44,0.0,0.0,0.3206,3,0,16.3,12956.64,4.16,1
50263.63,31,11794.35,0.2346,0.2949,3,3,8.35,12382.23,2.05,0
45292.73,29,20284.25,0.4478,0.4364,6,3,5.86,7277.47,4.64,0
56637.48,32,8748.38,0.1545,0.4863,4,0,5.9,12583.03,2.94,1
101293.17,55,2394.75,0.0236,0.2566,1,2,18.23,12203.31,9.87,1
17654.7,24,25153.42,1.4247,0.3878,6,3,14.59,11030.72,8.65,0
68725.2,56,13758.45,0.2002,0.2533,5,3,6.77,6782.4,12.2,0
22745.68,48,9125.15,0.4012,0.2325,9,0,7.05,16154.01,4.07,0
45561.36,33,15502.75,0.3403,0.4191,6,1,4.86,11905.28,2.02,0
76779.01,43,46640.03,0.6075,0.4387,3,1,5.24,5997.98,2.84,0
56285.6,39,28842.03,0.5124,0.2885,1,0,13.87,11000.14,4.3,1
33445.1,62,28950.88,0.8656,0.4582,4,2,6.62,7337.95,9.5,0
40693.93,57,20226.56,0.497,0.2835,3,1,6.34,12025.25,9.51,0
68591.95,59,16997.82,0.2478,0.1266,7,1,10.19,23426.1,11.02,1
40392.67,44,0.0,0.0,0.2756,4,2,10.53,13182.97,5.01,1
59329.17,36,6852.24,0.1155,0.2225,3,2,17.14,13611.8,1.32,0
55911.44,53,9233.11,0.1651,0.3472,3,2,7.28,23394.59,3.94,1
41967.99,32,0.0,0.0,0.201,3,0,8.66,14168.57,6.67,1
97878.88,54,1111.01,0.0114,0.335,11,1,8.35,15469.86,9.68,1
67678.38,27,0.0,0.0,0.2671,6,1,9.66,13154.64,4.46,1
14497.15,31,14540.11,1.003,0.3571,5,1,3.41,8922.12,3.41,0
58729.09,51,24825.19,0.4227,0.2433,2,0,10.27,15584.7,4.16,0
41764.27,49,28281.29,0.6772,0.0149,3,1,13.23,25617.32,6.34,0
72048.67,33,19977.41,0.2773,0.2376,9,1,10.11,1433.25,9.27,1
39149.59,51,3439.24,0.0878,0.1953,5,0,3.43,8342.36,5.15,0
52705.27,22,0.0,0.0,0.6974,6,1,16.3,5176.02,7.26,1
65099.75,59,0.0,0.0,0.5036,6,0,13.05,6069.86,4.44,1
72315.1,35,0.0,0.0,0.2305,5,1,17.21,21787.5,1.7,1
30994.07,31,4333.68,0.1398,0.3263,2,3,11.63,10734.13,8.27,0
48309.98,54,13083.02,0.2708,0.1313,3,1,7.9,17783.73,18.18,0
45501.09,59,2830.03,0.0622,0.1997,1,0,32.16,6663.75,7.89,1
41933.42,24,19067.71,0.4547,0.2487,3,4,8.98,6841.23,7.36,0
90309.08,31,12212.72,0.1352,0.6766,3,3,13.89,3858.5,10.08,0
63099.63,49,15126.55,0.2397,0.1105,5,0,9.24,23560.34,9.47,1
29782.32,22,28683.01,0.9631,0.4218,3,1,13.4,18200.88,6.39,0
73357.24,36,837.22,0.0114,0.3788,5,0,7.24,3595.92,2.83,1
97443.12,59,20024.45,0.2055,0.1564,4,0,16.75,21138.14,5.26,1
75649.31,33,14832.32,0.1961,0.4976,3,2,12.5,9924.0,2.51,1
24612.6,57,10998.16,0.4469,0.3812,0,2,14.81,15625.74,3.54,0
45315.32,37,25623.08,0.5654,0.3982,2,3,7.93,12376.09,9.51,1
80338.22,41,25548.17,0.318,0.3344,5,1,7.63,507.03,4.72,1
40846.61,64,3642.11,0.0892,0.3599,3,1,10.07,5378.05,5.77,1
63876.39,39,12814.07,0.2006,0.1818,4,1,4.99,22831.55,6.41,1
70492.68,27,18374.54,0.2607,0.4242,4,0,12.12,19514.4,5.56,1
36461.39,58,11723.92,0.3215,0.4565,2,2,9.97,3826.73,4.89,0
53809.49,28,22020.26,0.4092,0.1895,4,2,17.78,13663.87,11.12,1
12000.0,33,18374.3,1.5312,0.4088,4,2,13.03,10282.82,3.68,0
34512.25,57,36990.73,1.0718,0.204,0,2,10.81,21135.63,17.39,0
49948.64,22,0.0,0.0,0.2832,1,0,6.22,10360.99,1.18,0
30044.34,61,13530.77,0.4504,0.1593,3,1,13.58,5854.68,3.99,0
87648.23,31,4097.97,0.0468,0.1496,3,1,12.88,17896.71,6.59,1
26397.17,44,22249.29,0.8429,0.22,0,1,7.24,21512.84,6.86,0
46199.11,26,0.0,0.0,0.2758,2,2,17.76,15148.33,2.67,1
57614.81,46,19155.75,0.3325,0.1382,5,0,5.71,16576.82,3.99,1
83825.47,27,7439.42,0.0887,0.3428,2,1,13.55,2438.6,9.68,1
26282.76,59,6190.06,0.2355,0.1258,1,0,16.89,1776.66,7.05,1
78263.28,39,0.0,0.0,0.3065,3,1,7.32,1200.02,6.22,1
55204.66,26,9419.09,0.1706,0.3642,3,0,14.38,20406.35,2.63,1
35369.83,63,28014.01,0.792,0.2164,5,0,12.42,8902.14,3.9,1
64242.07,49,14697.74,0.2288,0.4731,5,0,14.11,18610.4,5.34,1
58981.19,63,22532.17,0.382,0.2806,5,0,7.13,7197.96,6.94,0
42995.66,59,34975.7,0.8135,0.2805,2,0,12.8,11883.65,3.99,0
56396.04,22,18165.07,0.3221,0.3837,4,1,7.34,5554.52,3.65,1
47293.73,39,8294.41,0.1754,0.3383,9,1,7.46,9379.44,5.81,1
57270.35,24,20607.03,0.3598,0.2836,2,1,11.85,500.0,6.81,1
68242.61,26,8468.45,0.1241,0.0851,2,3,5.33,9458.83,2.97,1
86720.34,57,8946.93,0.1032,0.3169,3,1,16.66,8752.44,2.52,1
30243.69,48,0.0,0.0,0.0562,2,1,9.13,500.0,3.86,1
97660.67,50,26115.09,0.2674,0.1614,4,2,7.32,15398.31,8.57,1
15958.24,27,10367.97,0.6497,0.1111,8,0,10.18,16594.26,3.56,0
51964.3,29,17185.18,0.3307,0.3328,4,2,6.71,6703.68,3.94,0
66766.34,45,2568.46,0.0385,0.2039,2,2,8.2,2358.11,2.36,1
60619.84,53,20231.37,0.3337,0.3032,2,1,7.74,25843.21,3.81,1
42546.01,21,5856.71,0.1377,0.1214,3,1,7.42,14049.3,3.32,0
50837.55,26,13299.5,0.2616,0.1723,6,1,9.28,500.0,16.16,1
45139.98,38,25533.91,0.5657,0.1249,4,1,4.28,8573.38,6.22,0
43212.7,30,24489.11,0.5667,0.5796,3,3,7.63,6787.24,6.52,0
71992.04,48,14735.64,0.2047,0.152,2,1,16.02,6196.43,10.32,1
62140.31,31,0.0,0.0,0.1642,1,3,11.18,20737.49,3.59,1
41141.81,53,50913.73,1.2375,0.4909,1,2,21.43,14023.63,1.03,0
72992.0,21,35950.31,0.4925,0.3187,4,0,8.47,17082.47,8.66,0
61145.99,33,23672.1,0.3871,0.3394,3,2,5.67,10896.75,3.12,0
71257.24,57,5961.55,0.0837,0.1742,7,1,5.81,18826.81,7.57,1
67592.58,40,13636.89,0.2018,0.3371,8,1,11.45,9013.57,5.58,0
38420.1,21,8478.95,0.2207,0.1995,3,2,10.0,13862.77,10.76,0
43796.38,23,30166.27,0.6888,0.3318,5,1,28.04,15898.42,11.99,1
69945.87,38,18150.03,0.2595,0.4022,5,1,9.62,7016.58,5.25,0
67207.41,61,5590.03,0.0832,0.2365,1,1,15.35,500.0,1.7,1
54581.97,34,9350.94,0.1713,0.5332,3,0,15.11,500.0,3.81,0
57346.55,51,28454.26,0.4962,0.3684,4,2,6.86,30495.24,9.88,1
80553.3,47,34201.17,0.4246,0.248,4,2,22.3,17208.99,3.63,1
43168.57,37,33339.98,0.7723,0.667,1,1,12.86,17585.5,3.12,0
65941.95,49,24084.38,0.3652,0.0755,3,0,11.21,23371.82,9.21,1
50956.15,56,11968.5,0.2349,0.1599,5,1,10.44,3000.73,4.01,1
50646.38,57,0.0,0.0,0.3566,2,2,11.1,6205.57,11.54,1
76975.54,46,18565.92,0.2412,0.3034,3,1,9.28,3161.66,0.7,0
71508.33,37,14978.05,0.2095,0.0262,4,0,8.54,30852.69,5.73,1
71270.19,42,16679.79,0.234,0.2452,3,0,7.87,4017.3,10.83,1
81109.58,45,15646.77,0.1929,0.3792,4,2,10.63,22033.98,11.25,0
55420.08,22,0.0,0.0,0.2671,6,1,4.9,6728.75,1.73,1
68639.06,42,21688.9,0.316,0.4944,3,1,15.28,12682.4,3.99,0
48794.66,25,22586.6,0.4629,0.1824,5,0,7.79,22162.52,7.39,1
61483.33,24,23188.07,0.3771,0.5541,5,3,3.82,14287.94,2.9,0
52397.14,56,26358.92,0.5031,0.2207,2,1,21.92,10946.8,6.23,1
56939.92,26,22248.62,0.3907,0.4021,3,1,8.58,30147.05,7.92,0
66903.14,41,10079.65,0.1507,0.1827,4,0,12.49,500.0,10.12,1
38635.59,33,14149.96,0.3662,0.6901,5,2,7.73,4447.37,8.62,0
96847.75,57,16093.5,0.1662,0.1935,3,1,6.6,9523.12,8.82,1
34879.65,45,16292.39,0.4671,0.4803,4,1,28.82,20354.22,4.81,1
30716.23,46,26978.61,0.8783,0.2654,5,2,13.05,7970.97,8.02,0
78162.22,59,22724.03,0.2907,0.6442,8,0,13.33,19741.73,6.27,1
70833.25,40,39928.12,0.5637,0.1429,2,0,7.98,500.0,3.11,1
67482.4,53,41477.63,0.6146,0.3841,1,0,10.55,21186.27,6.21,0
67566.91,34,15955.79,0.2361,0.6305,3,0,5.79,19148.53,3.99,1
54755.06,56,0.0,0.0,0.2863,5,3,6.14,3402.02,3.69,1
37054.91,37,29841.99,0.8053,0.3096,5,2,4.85,11724.04,3.98,0
56516.09,41,8515.48,0.1507,0.2322,2,1,9.86,9844.73,0.51,1
41456.77,36,5382.19,0.1298,0.0364,5,0,9.55,15601.31,12.15,1
74502.39,36,10218.66,0.1372,0.0828,7,0,12.13,21289.4,3.87,1
52058.85,40,9640.28,0.1852,0.4258,5,1,8.3,6535.71,1.73,0
38490.06,49,22347.24,0.5806,0.2131,3,0,12.66,14955.78,4.39,0
48572.28,48,0.0,0.0,0.1575,7,0,11.31,13965.05,7.56,1
63258.63,28,2067.35,0.0327,0.8334,2,3,14.28,12999.82,6.25,0
43725.51,44,19117.9,0.4372,0.1069,3,2,5.24,23642.72,4.45,0
38555.59,23,22475.33,0.5829,0.2034,2,1,2.62,13284.34,8.29,0
59873.74,45,22698.5,0.3791,0.023,3,2,7.15,2280.04,7.5,0
59899.33,39,5555.56,0.0927,0.1048,5,1,7.01,17902.72,1.85,1
44861.14,53,3260.81,0.0727,0.3998,2,4,9.89,24807.67,11.29,0
45579.23,22,8920.38,0.1957,0.2485,2,3,15.11,13119.99,3.78,0
59641.0,35,17878.47,0.2998,0.3798,2,0,19.58,22816.42,2.99,1
26038.31,42,32825.73,1.2607,0.5241,5,1,13.71,8645.34,8.79,0
26850.72,30,0.0,0.0,0.2004,5,1,13.18,15314.18,4.43,1
40631.12,38,12351.25,0.304,0.0978,2,2,11.26,500.0,2.27,1
50731.06,42,0.0,0.0,0.2774,7,0,6.75,7121.43,3.35,1
61218.15,47,0.0,0.0,0.3196,7,0,13.59,13349.3,9.42,1
84507.12,33,26603.48,0.3148,0.3408,3,1,9.91,17357.83,3.41,1
72153.19,53,21535.49,0.2985,0.7175,6,4,24.17,15493.06,6.8,0
51801.23,25,20393.2,0.3937,0.6841,4,2,12.99,22242.57,1.23,0
54619.68,46,26052.31,0.477,0.2815,4,4,8.62,500.0,10.14,0
34949.41,33,9243.37,0.2645,0.2064,9,3,4.41,23757.97,11.81,1
54629.74,47,9808.35,0.1795,0.1493,7,0,8.92,6290.46,5.47,1
49226.83,34,41228.77,0.8375,0.4766,5,0,13.78,2171.1,3.79,0
61454.37,44,12041.15,0.1959,0.1561,3,0,17.22,20295.98,8.17,1
38455.38,23,23821.59,0.6195,0.4178,6,1,9.85,3100.4,4.89,0
65386.93,50,15076.58,0.2306,0.3401,4,0,12.18,23308.73,4.55,1
85654.78,55,0.0,0.0,0.1871,1,0,5.97,500.0,0.92,1
52824.8,34,0.0,0.0,0.3008,3,1,16.55,5954.45,4.0,1
63034.23,32,8052.19,0.1277,0.2504,1,1,18.86,19016.6,4.07,1
68802.88,48,27673.22,0.4022,0.1877,2,1,1.54,17378.64,5.35,1
46975.59,64,24459.5,0.5207,0.1563,5,0,12.5,500.0,14.45,0
59481.85,49,25968.93,0.4366,0.3812,9,1,10.25,6689.98,4.7,0
55251.85,63,3155.45,0.0571,0.2031,4,3,6.45,500.0,10.99,1
56953.52,37,34390.47,0.6038,0.1883,3,2,8.22,13108.05,3.74,1
39539.8,60,3421.28,0.0865,0.1923,4,1,17.89,12409.34,2.55,1
55490.2,41,17553.89,0.3163,0.2804,5,1,7.71,10018.42,4.74,1
64959.97,43,14875.77,0.229,0.4907,4,0,10.31,11146.3,11.74,1
84022.87,40,12913.51,0.1537,0.1859,6,1,4.93,3187.79,11.17,1
74185.42,31,31063.11,0.4187,0.27,4,2,11.71,6127.9,4.3,0
98063.65,54,6538.67,0.0667,0.514,3,3,6.18,20533.55,9.36,1
39653.05,30,0.0,0.0,0.2324,7,2,8.91,8082.5,3.43,1
72446.41,30,15239.95,0.2104,0.1509,5,3,6.21,7427.98,10.71,1
58666.84,63,10202.08,0.1739,0.2425,2,1,5.68,21118.39,11.42,1
98796.06,26,55528.6,0.5621,0.3662,4,2,6.2,2568.8,2.65,0
38834.03,56,23118.09,0.5953,0.1809,3,2,6.01,23837.2,5.89,1
38205.56,44,10087.91,0.264,0.2613,2,2,6.15,24518.18,5.72,0
43012.15,32,2326.66,0.0541,0.4327,6,2,9.77,3875.76,3.19,1
12522.09,63,0.0,0.0,0.3472,3,0,5.57,19365.25,3.95,1
44484.9,43,2697.37,0.0606,0.039,2,2,9.01,500.0,0.89,0
39817.35,47,16379.3,0.4114,0.4451,3,1,9.58,12813.9,8.12,0
58007.88,57,32127.94,0.5539,0.1514,5,2,17.07,3931.46,10.99,0
61835.12,26,28460.27,0.4603,0.1623,5,2,19.43,16042.41,6.87,0
92523.42,21,17749.14,0.1918,0.2943,7,2,17.5,14518.88,3.98,1
74008.48,26,11121.99,0.1503,0.3663,3,2,7.63,9786.56,6.03,0
43461.93,42,18225.75,0.4193,0.6674,0,0,11.5,3255.7,7.13,0
37031.71,61,8776.34,0.237,0.123,3,0,8.04,19338.37,3.77,0
64838.38,44,35620.37,0.5494,0.3304,0,1,10.66,11749.56,10.11,0
28595.34,45,12729.72,0.4452,0.4036,5,0,10.43,6340.69,5.09,0
91629.18,35,13963.95,0.1524,0.2317,4,3,8.26,7893.66,7.25,1
78588.8,46,0.0,0.0,0.5542,5,0,5.11,11235.35,4.14,1
45616.49,28,12654.78,0.2774,0.6513,7,1,4.78,11205.68,4.23,0
20737.31,44,25037.81,1.2074,0.3365,5,3,6.24,14479.21,6.02,0
82077.45,58,2187.33,0.0266,0.0892,9,1,5.54,19646.69,2.82,1
52709.2,26,5991.36,0.1137,0.0858,3,0,12.98,20379.97,7.16,0
79756.33,55,24512.53,0.3073,0.3096,2,1,13.61,10188.63,8.72,1
23111.45,62,0.0,0.0,0.3498,3,1,8.56,15400.27,11.56,1
43012.5,21,27693.61,0.6439,0.5088,7,1,11.35,10394.9,9.42,0
55104.87,56,8614.27,0.1563,0.2895,1,1,12.86,21707.83,10.27,0
55939.61,32,10337.18,0.1848,0.2436,8,0,10.67,10940.77,2.57,1
45998.69,58,1513.46,0.0329,0.3143,4,3,7.63,12967.74,5.04,1
67457.0,31,19536.56,0.2896,0.2768,1,2,13.91,11793.68,3.19,1
33647.59,32,44518.46,1.3231,0.2001,5,3,5.51,15688.5,5.1,0
52152.41,62,24377.97,0.4674,0.6213,4,0,7.74,17051.87,14.54,0
57405.91,59,4628.58,0.0806,0.3128,2,2,3.75,23080.48,11.32,0
65288.78,27,28627.45,0.4385,0.0907,7,1,7.02,21691.46,5.85,1
69232.3,31,11199.85,0.1618,0.2717,6,4,8.27,12345.92,10.23,1
32507.16,56,31493.82,0.9688,0.4525,3,0,12.9,11655.53,7.04,0
24317.72,51,24680.12,1.0149,0.3439,6,1,6.96,10199.96,4.22,0
80553.54,53,0.0,0.0,0.1754,4,1,13.25,20065.52,6.19,1
61646.28,33,2951.04,0.0479,0.6207,9,1,7.41,13962.54,10.81,0
40030.27,38,26332.62,0.6578,0.4008,4,0,3.2,31693.57,4.72,0
86023.04,61,16819.89,0.1955,0.1284,3,1,8.73,11491.59,6.22,1
57313.49,44,2714.93,0.0474,0.0943,1,1,11.26,24171.95,9.07,1
78585.94,29,7396.93,0.0941,0.1776,3,0,15.65,24241.52,6.42,1
56350.37,51,0.0,0.0,0.0353,4,1,19.61,24028.35,4.79,1
96214.96,61,13939.52,0.1449,0.5738,4,2,8.07,9363.33,4.89,1
90106.82,30,41528.28,0.4609,0.2544,2,0,9.38,11325.52,3.45,0
50020.72,22,24659.2,0.493,0.1008,3,0,17.41,10703.26,3.31,1
74431.42,58,41285.0,0.5547,0.2705,3,4,11.75,23788.63,3.0,0
67907.52,35,25588.77,0.3768,0.0893,1,1,10.12,8398.56,8.92,1
82372.63,23,27329.75,0.3318,0.4531,4,1,3.04,7373.36,2.07,1
35701.53,63,38688.94,1.0837,0.3781,1,0,13.2,17550.48,7.36,0
68721.03,51,19527.16,0.2842,0.3913,8,1,12.6,1377.94,8.52,1
76168.49,26,12753.27,0.1674,0.2898,2,1,5.68,18145.37,2.79,0
19825.21,23,27391.89,1.3817,0.3461,5,2,12.12,2870.26,2.94,0
31334.83,31,32446.08,1.0355,0.2259,1,0,16.31,8706.53,4.01,0
14215.36,35,9240.42,0.65,0.412,4,2,6.69,21243.39,7.42,0
49611.86,48,6341.17,0.1278,0.4036,4,2,11.12,7553.93,3.33,0
69350.85,30,16666.27,0.2403,0.2967,4,2,3.92,14452.34,3.99,0
85047.14,58,24977.99,0.2937,0.5219,3,2,8.56,21669.41,4.66,0
56481.9,27,24577.09,0.4351,0.4522,3,0,6.74,2889.77,3.81,1
87572.31,35,0.0,0.0,0.1193,5,0,16.42,13384.86,5.28,1
27397.97,38,37939.27,1.3847,0.123,7,1,12.74,17174.8,7.43,0
20932.35,38,7306.02,0.349,0.093,7,1,13.18,641.04,10.39,0
53889.05,61,11819.22,0.2193,0.1597,5,0,6.33,3698.37,4.3,0
62681.31,44,4168.15,0.0665,0.3442,6,0,7.37,24926.34,7.79,1
54346.11,22,47379.95,0.8718,0.6918,2,2,12.74,2831.45,6.52,0
13651.16,60,17904.85,1.3116,0.2877,1,0,8.69,9203.42,3.66,0
53217.6,40,4788.3,0.09,0.3135,5,2,20.88,500.0,6.83,1
28910.61,54,25367.08,0.8774,0.3809,3,1,11.28,5713.45,16.16,0
68393.45,63,24229.63,0.3543,0.3512,6,3,10.43,18209.33,2.74,0
62331.96,46,12747.28,0.2045,0.1707,1,0,6.78,19668.55,5.42,1
36202.4,27,25087.28,0.693,0.2075,5,1,15.94,18350.2,3.45,0
44722.66,58,5096.5,0.114,0.3666,3,2,8.86,11721.21,9.3,0
33815.73,50,9084.98,0.2687,0.2147,4,0,24.63,3399.51,3.87,1
53746.42,62,0.0,0.0,0.2237,5,0,12.4,15308.0,8.72,1
74102.85,25,0.0,0.0,0.2151,3,1,7.38,8467.54,0.76,0
35285.48,31,36691.57,1.0398,0.3967,3,1,6.13,500.0,9.35,0
65080.93,21,34697.14,0.5331,0.1376,3,2,9.48,12231.11,6.2,0
44394.85,54,15789.46,0.3557,0.2044,5,0,6.68,22160.51,1.73,1
39142.54,21,34955.18,0.893,0.6426,5,1,3.59,20882.65,6.57,0
52859.39,39,13079.11,0.2474,0.4043,2,1,2.24,21420.12,3.61,0
34295.15,22,12079.08,0.3522,0.1412,4,4,11.05,14422.31,5.82,0
43927.01,41,15678.13,0.3569,0.3196,5,0,10.7,4562.99,15.6,0
31042.44,40,13500.94,0.4349,0.1513,11,2,8.29,16696.9,3.79,0
94294.5,43,12417.64,0.1317,0.6704,4,3,32.51,13208.78,9.82,1
55705.27,41,28720.78,0.5156,0.1226,0,0,10.12,9943.13,5.34,0
41005.49,44,16801.63,0.4097,0.1363,5,2,28.18,17334.14,3.79,0
59279.6,24,23549.78,0.3973,0.3773,4,0,8.2,15654.65,5.44,0
52753.44,32,27376.57,0.519,0.1799,1,2,9.24,7042.02,2.86,0
50580.61,42,19658.23,0.3887,0.5116,9,0,12.79,6669.48,2.48,0
67283.33,40,3356.74,0.0499,0.3315,0,3,4.47,2778.03,5.68,0
70150.15,38,0.0,0.0,0.4982,7,1,1.38,14053.13,6.13,1
44389.98,21,16785.37,0.3781,0.1218,2,1,8.78,19257.39,5.52,1
43483.64,50,12944.92,0.2977,0.1152,5,1,9.51,7269.17,5.29,1
49498.97,53,16048.7,0.3242,0.2995,2,2,11.47,3471.42,4.59,1
12000.0,44,14807.35,1.2339,0.4057,3,1,7.54,16027.17,9.95,0
24696.18,34,46002.88,1.8628,0.0609,4,3,12.81,24630.77,4.86,0
82337.49,56,0.0,0.0,0.3988,3,1,12.46,27921.47,5.53,1
87899.35,25,0.0,0.0,0.3524,4,0,6.72,24122.9,4.08,1
50019.28,31,18988.52,0.3796,0.3762,5,0,9.19,11605.06,2.06,0
66531.14,44,10482.93,0.1576,0.1792,2,1,14.82,4794.21,7.48,1
61225.0,51,18792.81,0.3069,0.5211,5,1,3.93,16861.55,5.65,0
116577.62,33,22006.6,0.1888,0.0834,8,2,7.43,11435.03,3.65,1
77391.5,36,30409.26,0.3929,0.3219,4,0,5.61,10406.51,7.86,1
52441.65,44,0.0,0.0,0.3957,5,2,9.44,27204.7,12.08,1
35889.19,33,8319.39,0.2318,0.1296,4,0,10.48,23083.58,2.23,1
22871.07,44,20145.14,0.8808,0.0575,3,0,16.95,17095.03,7.07,0
59069.27,46,24245.56,0.4105,0.5824,5,3,3.08,11228.34,4.53,0
39872.99,22,41321.39,1.0363,0.4263,5,5,2.18,12060.56,4.0,0
26554.93,36,26468.45,0.9967,0.3999,3,2,9.79,500.0,18.16,0
42068.54,58,14318.54,0.3404,0.2503,3,4,10.82,20368.23,4.6,0
33369.04,21,4314.77,0.1293,0.3103,7,2,6.84,22378.22,5.49,0
88742.83,31,8228.52,0.0927,0.2807,3,0,9.12,5884.1,5.49,1
72632.8,55,7887.57,0.1086,0.4364,6,1,7.68,6975.86,1.95,0
54840.55,63,22862.8,0.4169,0.2755,2,1,10.15,19801.22,1.65,0
84598.88,49,18083.97,0.2138,0.1328,4,3,5.83,9404.82,4.62,0
56547.37,57,0.0,0.0,0.126,3,1,14.34,21085.0,1.66,1
37774.32,37,9769.18,0.2586,0.512,2,0,4.5,5744.48,2.78,1
85462.48,59,25530.57,0.2987,0.0819,5,0,14.3,9505.27,3.58,1
65778.2,62,19219.95,0.2922,0.3915,3,2,7.58,16148.82,2.06,1
34255.08,48,21823.74,0.6371,0.1851,1,1,20.59,9410.51,15.11,1
51193.23,49,19595.06,0.3828,0.039,3,0,11.55,8947.93,3.1,1
37487.63,63,34517.17,0.9208,0.398,3,1,7.17,8768.02,10.65,0
27344.01,23,17832.52,0.6522,0.3591,2,1,7.13,17559.89,2.5,0
73523.55,30,10367.73,0.141,0.2568,5,2,14.11,19703.23,9.07,1
93188.33,62,4010.94,0.043,0.1877,1,3,13.04,15942.01,3.01,1
27028.65,34,17995.31,0.6658,0.568,5,0,11.94,6419.55,14.64,0
66259.38,32,0.0,0.0,0.2853,3,1,11.45,22943.06,9.28,1
41987.15,62,12788.53,0.3046,0.2239,3,1,4.39,14042.74,10.88,1
45257.49,50,12529.92,0.2769,0.1124,5,0,19.51,20404.26,16.6,1
43152.12,52,0.0,0.0,0.1194,2,3,7.51,1679.24,20.15,1
37720.18,52,3860.81,0.1024,0.4021,6,2,14.16,21340.12,5.43,1
55970.43,62,24715.89,0.4416,0.2212,4,1,4.5,9021.49,4.23,0
38381.0,52,17768.54,0.463,0.0114,6,0,6.34,8460.61,5.56,1
60409.14,46,16221.46,0.2685,0.1704,2,1,6.84,15241.86,3.55,0
53995.24,21,18676.17,0.3459,0.4507,6,1,11.46,500.0,7.64,0
50221.04,62,16111.53,0.3208,0.3726,4,1,10.61,14799.45,5.78,0
36848.73,22,29914.35,0.8118,0.1909,11,4,4.32,9786.19,2.83,0
43464.57,37,16481.15,0.3792,0.6533,8,2,9.74,23312.71,2.81,0
70107.82,50,0.0,0.0,0.1073,4,2,8.36,14170.0,6.02,1
65018.34,59,34561.56,0.5316,0.0909,3,1,21.79,4054.3,6.53,1
35448.9,27,19444.08,0.5485,0.0822,3,3,7.29,5590.71,10.78,0
56986.65,47,7928.96,0.1391,0.1536,4,3,9.7,500.0,8.29,1
70027.74,29,0.0,0.0,0.3759,2,1,18.45,31430.61,4.79,1
21611.89,42,19750.97,0.9139,0.1845,3,0,9.29,500.0,3.94,0
65867.2,54,13593.94,0.2064,0.2396,3,1,8.81,7674.84,4.39,1
41747.52,21,33889.76,0.8118,0.0565,3,2,5.81,17930.18,2.13,0
66411.97,29,10849.11,0.1634,0.5111,1,0,4.21,23740.21,13.0,0
39734.82,40,4951.43,0.1246,0.4585,7,2,8.51,26433.73,2.43,0
18902.36,39,25749.55,1.3622,0.2268,7,1,14.7,11203.12,4.29,0
22449.15,56,26103.38,1.1628,0.2256,5,1,3.6,16018.34,5.19,0
55961.7,60,17023.82,0.3042,0.2684,4,0,8.85,9556.16,1.53,1
60194.45,24,23116.28,0.384,0.3079,1,1,14.54,500.0,4.25,1
36913.67,29,14547.75,0.3941,0.2879,3,1,3.94,3636.83,5.6,0
67771.85,61,17806.38,0.2627,0.3069,3,0,5.09,500.0,5.56,1
21769.6,42,28979.89,1.3312,0.237,4,1,9.09,14528.62,4.88,0
53678.4,38,22503.82,0.4192,0.1203,3,4,9.06,9262.05,11.93,0
30779.68,32,12968.71,0.4213,0.3096,3,1,12.39,10500.02,4.6,0
41963.28,62,31228.35,0.7442,0.202,3,2,5.41,17377.51,3.37,0
55947.97,63,0.0,0.0,0.2785,1,1,15.84,13979.63,4.1,1
37791.73,59,39624.88,1.0485,0.0813,8,3,8.24,17298.78,6.74,0
47308.89,29,0.0,0.0,0.2115,5,1,6.6,26492.3,7.17,0
75125.86,26,7474.89,0.0995,0.1541,6,3,18.22,5646.8,5.37,1
43462.16,39,14508.99,0.3338,0.3746,8,2,14.42,500.0,5.44,1
71713.84,27,13242.23,0.1847,0.2915,2,1,5.88,7357.41,3.99,0
32405.86,36,27076.93,0.8356,0.1666,5,1,11.17,10346.49,3.94,0
65596.08,25,2305.96,0.0352,0.1819,5,1,11.17,15484.87,4.41,0
83831.37,36,18129.2,0.2163,0.3356,1,0,12.54,17792.77,7.52,1
12000.0,21,8061.45,0.6718,0.3233,4,0,10.85,3483.16,8.63,0
39062.09,57,18541.69,0.4747,0.262,7,1,21.73,2299.44,6.73,1
66541.44,59,14222.73,0.2137,0.3525,5,2,12.57,22916.02,13.8,1
50939.09,39,16115.23,0.3164,0.4731,3,1,10.55,14549.36,0.61,0
62422.92,57,8400.9,0.1346,0.1531,5,1,11.49,14826.51,14.48,1
42920.3,37,8879.23,0.2069,0.0738,2,0,10.93,14114.66,10.73,1
56731.8,46,18447.27,0.3252,0.3676,2,1,24.92,13183.13,9.47,1
51886.46,42,26324.59,0.5073,0.178,5,3,10.82,10203.31,3.25,0
78355.64,28,7820.65,0.0998,0.357,4,2,15.46,6327.85,5.77,0
60088.42,53,4574.79,0.0761,0.3878,4,1,12.03,7684.14,6.55,1
61752.05,22,22361.52,0.3621,0.309,4,2,6.14,29329.0,5.56,1
46762.46,50,14609.95,0.3124,0.1711,1,1,8.86,26435.34,9.39,0
45247.88,40,24965.98,0.5518,0.0296,9,2,11.39,19417.12,8.73,0
46348.84,38,4130.43,0.0891,0.1037,2,0,12.94,11462.4,10.12,1
62889.04,63,0.0,0.0,0.1279,5,1,11.61,16522.01,2.3,0
46580.31,30,8603.95,0.1847,0.3346,5,2,24.55,605.68,5.56,1
60795.5,44,5803.77,0.0955,0.5243,2,1,4.1,19971.92,8.0,1
96508.02,24,14054.54,0.1456,0.1321,2,1,10.25,10077.66,8.97,1
72422.49,57,7357.86,0.1016,0.2946,3,3,5.28,12122.84,11.56,1
48479.53,24,23892.2,0.4928,0.2131,5,0,6.66,12784.01,3.3,0
79024.28,33,11542.2,0.1461,0.146,11,1,7.28,10567.44,9.65,1
46838.49,45,16805.69,0.3588,0.3961,6,3,3.88,18429.63,5.31,0
14237.51,33,16891.61,1.1864,0.4602,3,0,10.2,24758.41,1.78,0
34838.27,38,17339.46,0.4977,0.3032,4,1,4.69,18855.81,2.43,0
17584.16,44,14710.45,0.8366,0.3731,3,3,9.88,12527.38,4.28,0
47969.73,22,21127.21,0.4404,0.2973,4,0,14.41,3471.79,3.89,0
55368.37,53,5452.14,0.0985,0.2531,1,3,15.39,12316.43,5.0,1
88528.75,39,31793.02,0.3591,0.4933,3,1,8.18,11382.11,1.27,1
61538.55,29,12161.55,0.1976,0.1142,3,1,7.2,18595.82,5.31,1
50617.99,48,0.0,0.0,0.1209,2,0,5.92,6843.52,3.61,1
71588.11,55,17256.88,0.2411,0.0293,3,1,3.41,4895.44,6.91,1
12000.0,59,4785.83,0.3988,0.3321,5,1,6.24,14387.16,4.54,0
59712.29,30,22984.01,0.3849,0.3711,2,1,7.08,19363.01,7.89,1
70417.3,21,41515.27,0.5896,0.2731,3,1,13.74,13223.36,3.37,0
25428.28,62,5561.13,0.2187,0.3206,7,0,17.5,19730.77,0.68,0
77875.08,41,18988.47,0.2438,0.15,3,1,9.35,1792.7,4.29,0
61769.93,29,0.0,0.0,0.1995,5,0,12.56,15788.16,1.68,1
46694.24,35,20446.86,0.4379,0.2222,2,1,21.32,1744.96,7.86,0
67655.64,55,4371.43,0.0646,0.1213,2,2,19.16,33338.52,2.53,1
100413.86,25,7501.98,0.0747,0.1254,6,2,5.36,22726.14,3.09,1
58637.33,61,1784.56,0.0304,0.2968,3,2,9.93,15079.99,7.71,0
59964.41,42,23785.81,0.3967,0.1399,7,0,6.48,500.0,3.34,0
45812.78,61,27087.65,0.5913,0.3536,2,0,17.37,999.37,3.75,0
38003.11,43,15280.62,0.4021,0.4942,5,2,4.58,27163.4,5.21,1
71606.72,27,4626.88,0.0646,0.2172,2,2,3.79,2739.06,4.87,1
37878.32,43,34074.28,0.8996,0.2701,7,1,2.75,16001.11,5.66,0
56431.32,64,5995.08,0.1062,0.0802,4,0,9.25,26586.66,3.71,1
45446.85,45,0.0,0.0,0.1117,4,1,10.34,12847.42,8.88,1
64579.6,47,20500.67,0.3174,0.0883,4,0,13.11,2440.11,5.66,0
61673.24,61,1742.7,0.0283,0.2931,6,5,9.78,500.0,4.08,1
75750.8,26,26863.31,0.3546,0.3792,6,0,21.99,15062.7,4.25,1
44799.67,54,10426.35,0.2327,0.1445,6,0,13.61,3168.31,3.08,1
49602.5,29,22244.56,0.4485,0.4462,8,1,8.68,12018.3,4.45,0
35424.73,53,31818.0,0.8982,0.4956,5,2,8.36,3477.28,2.4,0
46114.13,26,493.69,0.0107,0.2387,5,1,10.4,7188.46,1.94,1
62546.01,57,8208.75,0.1312,0.2904,6,1,3.18,7444.75,7.21,1
70139.77,51,14091.95,0.2009,0.25,3,2,8.03,9910.14,6.73,1
36556.69,54,33450.62,0.915,0.2772,6,2,8.55,6076.81,11.23,0
72392.12,61,7099.41,0.0981,0.0389,4,2,9.32,14278.25,6.19,1
82112.76,49,7865.96,0.0958,0.2357,4,0,11.25,19978.55,1.13,1
63268.7,34,20737.69,0.3278,0.0186,5,1,12.69,9118.22,4.95,1
92535.92,56,8073.26,0.0872,0.4306,4,2,24.67,14086.84,12.83,1
39524.22,56,16830.31,0.4258,0.4219,5,2,8.44,4518.11,3.52,1
30106.91,35,0.0,0.0,0.2182,3,1,6.95,500.0,5.36,0
19425.6,28,41571.96,2.1401,0.5305,3,1,7.7,15213.48,4.25,0
84920.89,46,0.0,0.0,0.6007,5,1,6.71,19037.07,9.38,1
68087.31,56,11138.97,0.1636,0.2052,3,1,5.59,500.0,4.2,0
53888.31,41,14610.23,0.2711,0.3932,4,3,11.12,11269.42,3.18,0
60599.37,48,37952.26,0.6263,0.5094,5,1,13.9,15457.89,2.15,0
32490.22,24,0.0,0.0,0.175,3,2,2.89,14314.76,7.8,1
103915.04,36,38804.45,0.3734,0.0809,3,1,3.06,7279.25,7.64,0
57584.42,42,24086.12,0.4183,0.293,3,4,3.87,12380.62,7.52,0
57187.9,32,20005.14,0.3498,0.3058,5,1,9.76,19411.07,6.42,0
69515.33,36,3184.4,0.0458,0.3033,2,1,6.32,5121.33,3.54,1
64620.18,60,21853.69,0.3382,0.1836,5,1,12.67,24438.91,7.14,1
59477.68,58,6318.16,0.1062,0.2061,1,0,8.57,896.64,1.81,1
39190.51,62,30199.94,0.7706,0.0504,3,3,6.97,19182.21,14.07,0
64429.37,57,3347.26,0.052,0.2734,3,1,6.56,12431.97,3.83,1
92640.49,49,13642.1,0.1473,0.538,4,2,15.58,7881.81,1.02,1
81908.4,38,8336.72,0.1018,0.3644,4,2,6.9,500.0,8.34,0
86863.73,30,3149.72,0.0363,0.0713,4,1,6.59,21521.55,7.55,1
44775.69,62,23895.84,0.5337,0.1553,4,0,7.17,4527.31,4.02,0
35207.9,59,21425.5,0.6085,0.18,5,3,12.06,11760.16,2.26,0
52484.26,38,29508.12,0.5622,0.4371,6,0,16.21,15768.25,6.31,1
56114.5,21,0.0,0.0,0.6261,5,2,6.59,31033.91,7.02,0
76883.83,59,27770.05,0.3612,0.1085,8,0,6.67,9154.59,12.61,1
21150.71,41,45065.39,2.1307,0.3467,2,0,16.29,12408.43,3.77,0
85591.01,21,9580.31,0.1119,0.3846,2,0,6.17,15312.55,3.68,1
51839.84,35,37741.78,0.728,0.0469,1,0,4.32,12931.35,3.21,0
46462.38,24,11842.06,0.2549,0.1486,2,1,12.19,5909.85,10.38,1
34757.91,40,0.0,0.0,0.5002,3,1,11.29,23882.51,5.85,0
21902.87,30,11332.41,0.5174,0.0304,3,1,7.4,8312.51,5.78,0
71463.41,43,27578.45,0.3859,0.1026,2,3,14.86,15745.01,3.84,0
56466.36,61,4941.88,0.0875,0.6143,8,0,3.8,10264.88,8.64,0
29200.78,54,7795.94,0.267,0.3153,6,1,19.97,7153.23,2.01,1
29098.42,53,22122.47,0.7603,0.1489,1,0,9.83,20385.94,7.7,0
48284.31,54,15036.72,0.3114,0.1924,4,1,25.52,14103.57,8.25,1
88380.43,59,22015.48,0.2491,0.3677,2,1,10.81,500.0,3.1,1
49808.17,30,17853.95,0.3585,0.4872,7,2,3.61,14382.0,0.8,0
24937.14,40,20755.5,0.8323,0.4771,5,4,9.3,6983.28,4.58,0
50085.14,21,9812.39,0.1959,0.0897,3,1,10.0,500.0,1.39,1
49545.53,33,17780.77,0.3589,0.2565,2,1,4.19,19652.34,3.64,1
12000.0,21,3871.52,0.3226,0.1614,3,1,7.37,5891.56,7.45,0
53914.1,25,30461.2,0.565,0.1444,4,5,7.19,14098.9,8.72,0
50381.31,36,7388.7,0.1467,0.251,3,0,10.17,19358.56,4.08,1
68924.13,35,28546.17,0.4142,0.3578,3,0,13.0,10060.27,1.47,0
91979.12,48,12196.72,0.1326,0.1243,6,1,19.88,14009.66,4.4,1
77531.3,51,17423.99,0.2247,0.1339,4,0,14.8,6553.6,8.98,1
49622.23,43,9060.43,0.1826,0.2291,6,3,8.8,20831.39,2.19,1
32869.48,63,2808.05,0.0854,0.5144,3,0,9.86,10546.03,2.01,1
106467.2,37,0.0,0.0,0.304,7,0,11.18,16299.8,3.37,1
56184.37,54,2336.11,0.0416,0.1156,4,0,12.95,24043.16,5.11,1
55278.59,33,11113.09,0.201,0.4994,6,2,8.33,500.0,3.84,0
54517.5,34,17542.55,0.3218,0.2339,1,0,6.96,6518.52,5.66,1
58961.7,31,27124.55,0.46,0.2677,5,3,15.85,10617.76,1.93,1
52112.79,48,9650.91,0.1852,0.2968,6,2,20.38,13020.92,8.07,1
43526.76,62,4416.47,0.1015,0.1465,10,1,23.46,16923.1,2.56,0
44062.82,52,0.0,0.0,0.115,4,2,11.26,21766.49,6.78,1
54344.93,55,20760.76,0.382,0.0294,9,3,12.28,6036.72,1.37,0
44131.5,51,31598.33,0.716,0.0217,3,0,10.2,10386.33,1.01,0
40743.08,37,30195.96,0.7411,0.3732,7,0,15.66,20974.26,3.74,0
57128.6,29,23519.19,0.4117,0.2106,2,1,11.96,14704.14,6.8,0
49900.46,30,22662.52,0.4542,0.0036,5,0,10.1,500.0,6.97,0
85079.86,28,35371.49,0.4157,0.6224,3,4,4.59,500.0,6.8,0
12000.0,41,18984.98,1.5821,0.3769,4,0,2.46,8087.86,4.07,0
76830.14,33,22753.56,0.2962,0.2033,7,1,5.04,16416.04,2.17,0
79921.7,25,11150.59,0.1395,0.5818,3,0,15.24,16266.68,4.11,1
13532.2,26,0.0,0.0,0.3637,8,2,8.39,4854.73,9.18,0
48146.25,50,6793.81,0.1411,0.2409,3,1,15.9,17308.67,2.71,1
47571.18,51,14890.09,0.313,0.0611,1,2,8.13,14015.45,3.44,0
26849.77,37,15729.42,0.5858,0.228,4,1,10.61,3349.36,11.11,0
39443.67,31,38115.43,0.9663,0.2477,4,1,2.41,7188.52,6.15,0
32788.48,40,15975.33,0.4872,0.1648,3,1,8.75,500.0,3.67,0
90045.41,29,29146.12,0.3237,0.2877,4,5,5.86,2472.5,5.98,1
73713.57,22,9779.07,0.1327,0.4199,4,1,7.07,500.0,4.19,1
80431.1,57,11259.89,0.14,0.2267,4,0,15.27,500.0,13.75,1
69433.44,21,0.0,0.0,0.0643,2,0,4.56,25434.54,7.13,1
32418.96,24,6092.06,0.1879,0.1275,2,2,15.8,8799.43,6.17,1
44509.59,56,21323.78,0.4791,0.6439,3,2,8.14,500.0,1.51,0
64787.49,45,15090.72,0.2329,0.0495,1,0,10.53,15349.89,2.63,1
30557.44,23,26315.26,0.8612,0.2766,3,0,3.58,14319.17,6.52,0
69259.97,29,17175.05,0.248,0.2215,4,0,3.07,13543.3,5.12,1
50193.49,42,10770.56,0.2146,0.3672,5,2,4.87,5014.29,4.24,0
47503.58,43,40779.56,0.8585,0.2514,4,0,6.48,16981.83,8.77,0
69219.2,32,13873.16,0.2004,0.2252,6,2,9.23,3217.57,1.02,1
63885.27,30,28956.01,0.4533,0.46,2,4,6.49,18349.18,2.36,0
47780.68,54,10185.49,0.2132,0.3599,2,1,11.65,19076.85,2.52,1
78186.6,63,23515.19,0.3008,0.2462,3,1,5.74,11486.07,6.76,1
33378.73,30,26136.19,0.783,0.2788,5,1,5.37,500.0,2.56,0
67318.71,50,17501.9,0.26,0.5463,3,3,13.52,18419.97,6.94,1
66862.03,42,0.0,0.0,0.2668,7,2,8.74,7331.5,5.2,1
48809.07,26,15219.03,0.3118,0.4775,5,2,4.13,14194.87,10.92,0
61522.66,22,29765.52,0.4838,0.4848,3,2,16.56,17526.18,5.19,1
29977.73,50,21329.77,0.7115,0.1299,7,1,12.8,5522.73,7.5,0
73480.54,22,20350.07,0.2769,0.1267,5,1,10.6,29165.59,2.88,1
51301.96,52,0.0,0.0,0.3268,2,2,10.02,11648.98,4.03,0
44545.54,62,6354.54,0.1427,0.5013,6,1,10.29,6634.07,5.47,0
75980.18,36,19936.29,0.2624,0.1626,4,4,4.71,19995.45,10.2,0
40913.13,32,19924.6,0.487,0.3539,6,1,14.05,24398.86,2.79,1
26830.77,21,29576.0,1.1023,0.3612,2,2,5.16,500.0,16.25,0
23867.42,28,13261.6,0.5556,0.0267,6,1,14.33,950.9,10.25,0
67120.2,33,19869.89,0.296,0.3841,4,2,17.52,5795.17,1.9,0
29391.41,35,15196.49,0.517,0.1691,6,2,12.21,28907.47,7.97,0
90095.88,64,3156.69,0.035,0.2716,2,2,7.54,8167.06,2.02,1
13361.41,28,0.0,0.0,0.0521,5,0,23.65,24166.77,9.58,1
88929.13,30,20172.12,0.2268,0.1734,5,1,5.95,13760.89,3.23,1
59220.35,25,17087.37,0.2885,0.2522,4,1,9.47,500.0,12.02,0
53065.74,39,7581.9,0.1429,0.3001,7,1,11.34,19044.99,5.9,1
44101.62,58,0.0,0.0,0.1978,3,0,1.1,14535.59,12.62,1
62982.72,31,22556.87,0.3581,0.2385,5,2,9.77,5101.88,4.0,0
54247.31,63,11808.96,0.2177,0.3581,6,0,4.95,6713.94,3.45,0
77066.04,40,21682.5,0.2813,0.2929,7,2,4.51,3603.18,6.7,1
57284.55,40,37368.58,0.6523,0.1045,2,2,18.97,7002.1,2.65,0
58006.04,41,0.0,0.0,0.0873,0,1,7.85,17267.64,6.59,1
47727.76,38,6604.79,0.1384,0.449,4,1,5.97,4770.44,3.17,0
53861.09,30,12487.49,0.2318,0.3759,3,2,7.0,12675.1,13.08,0
61156.04,54,32457.91,0.5307,0.332,4,2,16.35,14510.81,2.58,0
20796.63,46,0.0,0.0,0.2626,4,2,3.3,11563.68,6.53,1
28036.29,50,38230.33,1.3636,0.178,5,0,10.65,500.0,6.98,0
69865.28,29,16630.27,0.238,0.1511,1,5,14.16,17991.01,8.61,1
58417.31,51,13847.99,0.2371,0.3628,6,0,9.86,2676.66,2.23,1
51320.33,62,12623.28,0.246,0.1397,3,2,6.38,7399.53,3.66,0
55368.68,24,9764.84,0.1764,0.2973,1,1,11.25,8318.84,6.26,1
61951.63,26,27577.4,0.4451,0.3581,3,1,4.71,11745.19,12.75,1
44204.81,34,2177.75,0.0493,0.1088,1,0,10.48,12769.85,9.32,1
39433.91,24,19144.97,0.4855,0.225,6,0,5.57,17486.84,12.05,0
58916.91,46,10389.82,0.1763,0.3623,3,0,6.79,9505.63,6.99,1
35432.54,59,5854.4,0.1652,0.244,4,1,6.43,2265.77,5.99,0
63165.06,37,46031.7,0.7288,0.0481,8,2,6.52,20696.56,3.54,0
20948.33,39,20028.61,0.9561,0.5361,5,0,12.87,8791.77,4.85,0
75583.11,26,22359.19,0.2958,0.2664,6,1,8.28,10520.48,3.64,1
64451.95,49,28653.32,0.4446,0.1298,3,1,5.27,3993.6,2.36,1
60120.59,31,0.0,0.0,0.5393,3,1,4.91,5074.93,4.44,0
74653.82,36,36027.5,0.4826,0.0891,2,1,19.36,23539.5,6.14,1
88309.49,50,0.0,0.0,0.3557,3,2,9.15,999.35,7.32,1
75287.4,45,5774.8,0.0767,0.294,4,2,4.52,2182.02,6.67,1
18182.52,60,9491.62,0.522,0.1689,1,2,11.06,8301.88,9.92,1
29408.46,31,21980.68,0.7474,0.089,6,1,12.2,14545.19,6.05,0
42503.63,27,17624.62,0.4147,0.4528,4,1,6.64,4260.53,1.91,0
55521.82,46,12998.22,0.2341,0.216,2,1,4.75,500.0,5.5,0
65353.18,42,14856.03,0.2273,0.4227,5,1,7.9,2235.81,5.25,0
40485.12,45,3263.72,0.0806,0.0333,7,1,4.54,8673.28,14.93,1
58735.34,39,0.0,0.0,0.452,3,0,6.74,3994.92,6.48,0
39892.34,51,23718.14,0.5946,0.4816,0,1,11.52,29786.62,4.37,0
42769.64,46,23324.47,0.5454,0.3426,1,0,8.0,27857.61,3.79,1
26866.78,62,34013.93,1.266,0.1747,2,0,10.32,21324.73,3.56,0
36535.34,61,5519.79,0.1511,0.2195,2,2,15.69,15011.45,4.62,1
27966.31,56,23313.78,0.8336,0.297,7,0,15.46,15026.94,8.42,0
35482.53,43,11595.52,0.3268,0.251,1,0,5.55,22576.68,7.13,0
76072.84,33,29285.7,0.385,0.1859,4,2,20.18,13046.05,2.14,0
36012.02,45,27263.55,0.7571,0.4774,3,1,8.42,5412.09,11.84,0
107647.64,22,17534.51,0.1629,0.1369,5,2,7.76,28985.71,3.22,1
64866.36,22,10925.64,0.1684,0.4925,0,0,11.45,16601.82,2.24,0
58696.72,36,26531.19,0.452,0.1915,5,0,8.84,23624.39,5.41,1
37832.84,29,22762.85,0.6017,0.3025,2,1,11.78,26497.03,13.24,1
69006.2,48,6786.72,0.0983,0.4355,2,1,10.74,500.0,6.97,1
43487.24,33,0.0,0.0,0.1308,3,0,8.06,5088.22,13.8,1
57440.2,55,11537.61,0.2009,0.1561,4,2,11.0,10373.39,4.8,1
106201.69,61,33184.97,0.3125,0.2197,3,2,11.0,16007.52,2.81,1
53078.8,33,28757.85,0.5418,0.2871,4,2,24.55,19332.31,4.86,0
77985.47,51,1652.07,0.0212,0.6014,6,1,12.04,11494.59,4.26,0
40936.47,41,986.91,0.0241,0.0493,4,1,2.48,22342.4,3.26,0
54300.23,52,30296.21,0.5579,0.1819,5,1,7.27,16875.3,5.72,0
90416.01,54,1372.37,0.0152,0.2467,5,1,12.86,16776.85,3.58,1
42460.66,28,21111.54,0.4972,0.367,7,0,6.14,9785.71,11.24,1
91248.97,61,7607.15,0.0834,0.24,5,1,8.03,14526.19,7.08,1
69155.04,22,34404.54,0.4975,0.0965,4,2,11.1,14471.24,7.1,1
43750.66,58,5754.9,0.1315,0.2442,4,2,13.28,19702.36,5.34,1
67648.15,52,28720.34,0.4246,0.1298,6,2,21.84,1461.98,1.73,0
74451.09,60,17218.3,0.2313,0.4325,4,1,17.28,17617.18,4.94,1
67436.2,48,18026.34,0.2673,0.6156,3,3,8.84,500.0,5.69,1
23595.51,57,0.0,0.0,0.2776,6,0,4.74,5173.47,2.63,1
40457.26,61,0.0,0.0,0.084,7,1,19.17,16861.48,3.61,0
50049.63,21,12353.21,0.2468,0.1213,5,1,14.42,5294.78,1.28,1
53511.33,61,17962.87,0.3357,0.1926,7,0,8.49,12218.23,5.52,1
67413.44,30,1497.63,0.0222,0.5092,3,2,8.34,4629.9,7.89,1
58554.02,24,1935.68,0.0331,0.1221,3,0,3.84,16794.23,4.8,1
28293.11,55,21737.67,0.7683,0.0997,5,2,7.18,12379.09,7.2,0
62603.96,30,21754.25,0.3475,0.0464,3,1,5.13,11802.05,11.58,1
67211.71,31,13347.11,0.1986,0.2988,7,1,13.79,20797.72,3.53,1
66195.81,34,24362.42,0.368,0.082,4,3,16.9,15334.69,8.28,1
76615.61,58,909.57,0.0119,0.0979,4,1,10.89,15949.87,2.51,1
71678.44,32,10728.78,0.1497,0.4809,4,1,10.84,20871.06,2.7,1
64183.6,37,34774.53,0.5418,0.3053,5,0,6.95,21694.05,3.82,1
53596.69,36,15819.87,0.2952,0.3322,2,1,5.77,4398.82,5.94,1
21780.78,55,16515.75,0.7583,0.1443,2,1,16.86,17895.66,3.07,0
63592.36,22,42671.36,0.671,0.5147,5,1,8.51,15467.31,12.55,0
59153.75,31,0.0,0.0,0.4411,5,1,14.73,22495.72,4.06,0
60431.58,61,24557.16,0.4064,0.2684,2,2,18.59,1705.25,3.15,0
29465.03,23,34967.84,1.1868,0.1206,3,1,11.6,6475.02,8.53,0
33378.87,49,11101.7,0.3326,0.5322,7,2,5.71,10423.19,7.13,0
76063.06,38,25315.57,0.3328,0.097,4,2,4.23,23221.68,3.3,1
54208.9,40,3215.77,0.0593,0.2776,2,5,4.26,9704.77,3.85,1
68630.01,34,6759.21,0.0985,0.0651,3,0,7.64,11668.11,4.31,1
55566.37,54,19619.6,0.3531,0.5958,7,0,9.05,6527.73,4.59,1
55595.12,51,24582.8,0.4422,0.2364,3,3,6.42,18272.77,3.0,0
73765.68,60,28451.24,0.3857,0.0917,8,1,5.21,17411.0,5.83,1
44679.11,62,33835.54,0.7573,0.0649,3,0,16.57,7649.87,11.28,0
56922.42,38,14190.64,0.2493,0.4513,4,2,10.39,3640.96,4.11,0
45754.49,50,29323.34,0.6409,0.165,6,1,9.8,18177.23,9.43,1
46310.08,45,10892.34,0.2352,0.0262,1,2,5.31,16070.28,10.45,0
48816.56,39,25825.1,0.529,0.2178,3,4,8.53,6690.53,3.22,0
59442.68,28,17489.87,0.2942,0.7479,2,1,14.37,17553.96,14.76,0
45425.03,48,20348.13,0.4479,0.1852,6,0,23.22,17114.93,2.41,0
80115.12,28,20082.09,0.2507,0.7138,2,0,7.5,21839.85,11.74,1
37107.85,51,0.0,0.0,0.581,6,2,10.58,18774.83,10.88,0
51262.57,23,1510.54,0.0295,0.3386,5,0,12.92,9288.82,9.78,1
46205.38,23,16230.5,0.3513,0.1471,2,2,12.16,5905.12,1.66,0
83939.56,64,0.0,0.0,0.362,1,2,9.96,28121.64,4.44,1
58931.1,42,24974.53,0.4238,0.2151,2,2,21.27,7889.1,4.48,1
75636.89,37,25458.67,0.3366,0.3195,3,1,12.92,500.0,4.32,1
25288.79,56,18926.05,0.7484,0.129,6,0,6.42,2335.54,12.18,1
60341.01,37,1546.39,0.0256,0.1604,2,2,18.24,500.0,3.36,1
72792.62,34,31561.67,0.4336,0.3736,5,0,14.44,21770.32,4.51,0
56645.68,29,39446.53,0.6964,0.3061,5,2,14.0,26571.86,3.55,0
76309.61,50,16764.92,0.2197,0.035,4,0,10.83,13998.86,3.59,1
44654.23,41,21126.42,0.4731,0.4158,2,0,7.3,500.0,2.23,0
83186.95,32,17420.86,0.2094,0.2423,0,1,4.31,21613.66,5.37,1
100977.96,57,21364.43,0.2116,0.1277,3,0,5.78,15726.08,4.15,1
47743.23,52,13565.29,0.2841,0.4877,5,2,14.12,21847.97,4.36,0
46089.95,31,14585.23,0.3165,0.2215,2,2,9.32,16719.99,7.58,1
84067.69,40,25868.61,0.3077,0.2372,6,1,15.95,921.92,10.65,1
86591.44,55,43147.49,0.4983,0.4026,4,1,10.19,17291.7,6.37,0
44542.8,31,0.0,0.0,0.2098,4,1,7.98,500.0,3.76,1
46596.26,28,13754.25,0.2952,0.0418,8,4,12.93,5825.87,5.82,0
49364.31,24,834.47,0.0169,0.1208,4,2,18.71,20264.82,5.6,1
28110.99,47,34104.3,1.2132,0.4495,8,0,8.63,19871.19,3.14,0
36626.96,64,7947.14,0.217,0.0966,7,2,11.27,4449.08,11.36,1
34917.18,60,0.0,0.0,0.3401,4,2,11.83,2882.31,5.12,1
39644.05,58,22658.24,0.5715,0.3124,4,2,11.9,12211.28,3.05,0
54306.3,50,35931.73,0.6616,0.3411,4,1,6.55,28025.59,2.08,0
59684.29,64,22963.17,0.3847,0.249,3,2,8.38,16486.86,4.93,0
86010.01,47,17457.57,0.203,0.12,6,1,19.32,30821.72,6.62,1
35032.92,41,19909.69,0.5683,0.2027,2,1,7.33,10683.54,9.54,0
74686.45,40,31978.09,0.4282,0.2059,3,0,6.6,19066.27,12.03,0
50720.22,24,4509.61,0.0889,0.5273,4,1,13.1,9472.37,3.95,1
54010.73,31,13657.83,0.2529,0.4069,6,0,10.71,5599.05,1.56,1
68496.39,33,9567.72,0.1397,0.1205,4,0,10.38,4387.66,2.29,1
32545.56,29,985.62,0.0303,0.3908,3,1,2.58,14828.19,3.77,0
62648.19,24,11059.5,0.1765,0.0683,1,0,2.37,22358.28,4.0,1
58329.04,32,28292.65,0.4851,0.3007,3,1,10.29,9386.92,5.81,0
64849.03,29,21799.23,0.3362,0.2826,4,1,10.5,23370.8,10.56,0
60783.37,33,22731.73,0.374,0.1401,4,2,6.63,26646.29,5.44,0
104106.0,46,16757.71,0.161,0.0658,2,4,11.22,18941.46,12.29,1
42245.2,58,21279.89,0.5037,0.1285,5,1,12.16,14614.53,1.08,1
44380.06,62,5392.92,0.1215,0.1315,6,3,9.86,6636.57,3.21,1
42537.19,33,11285.88,0.2653,0.1333,4,1,18.34,22422.64,5.57,1
43890.46,59,17304.05,0.3943,0.3793,4,1,4.81,2872.98,4.52,0
42252.26,48,18330.19,0.4338,0.0371,3,1,5.87,16858.16,11.48,0
78780.33,39,18842.25,0.2392,0.4886,3,0,6.38,1687.32,6.07,0
83410.08,44,13339.98,0.1599,0.1188,2,1,4.12,3540.8,2.95,0
43585.07,39,10470.92,0.2402,0.3234,3,3,14.05,11509.05,7.62,1
38352.89,33,52893.26,1.3791,0.3732,4,2,7.08,17631.88,3.24,0
64428.31,33,25881.45,0.4017,0.4771,3,1,3.06,20038.49,8.14,0
43955.54,48,19957.77,0.454,0.3932,5,3,5.72,12032.26,10.34,0
67658.64,22,12201.5,0.1803,0.1799,7,1,4.11,8659.71,14.39,1
59058.46,30,9585.37,0.1623,0.1441,5,2,4.08,5679.3,5.56,1
24685.12,42,13430.39,0.5441,0.4077,1,3,10.62,17600.15,8.7,0
85950.1,33,18513.95,0.2154,0.4374,2,0,15.53,17291.47,5.8,0
90917.55,29,0.0,0.0,0.2774,0,0,5.1,13420.1,4.26,1
42744.23,53,0.0,0.0,0.1206,2,3,12.43,14413.31,2.0,0
47245.97,34,7357.41,0.1557,0.2227,5,1,15.29,24813.07,8.68,1
60717.31,40,17485.67,0.288,0.3626,5,0,4.72,20133.17,8.5,1
61689.14,35,12128.72,0.1966,0.1059,1,1,13.73,677.78,4.13,1
68170.89,52,32737.45,0.4802,0.3303,2,2,10.29,19100.56,1.49,0
95204.09,53,0.0,0.0,0.1699,3,1,10.37,23050.2,4.29,1
51461.06,37,5983.85,0.1163,0.1565,1,1,11.74,5443.17,3.01,1
39034.06,44,33241.1,0.8516,0.2404,3,2,13.32,19586.48,2.26,0
27413.62,50,16573.43,0.6046,0.4758,1,1,16.09,36045.96,6.4,0
40381.4,33,25618.11,0.6344,0.3794,5,0,14.53,15859.05,3.8,0
54337.46,36,39614.96,0.7291,0.327,6,2,19.07,10114.38,5.9,1
90891.16,22,6674.35,0.0734,0.764,7,3,6.39,11193.72,5.49,0
44647.77,37,13808.23,0.3093,0.4697,1,4,3.92,13049.41,2.88,0
59475.76,52,11730.88,0.1972,0.2421,3,0,14.75,500.0,5.27,1
54671.54,63,0.0,0.0,0.22,5,0,5.04,500.0,3.54,0
78767.87,28,11275.24,0.1431,0.4134,4,0,10.03,14163.68,2.25,1
105538.65,23,25572.75,0.2423,0.3291,3,0,12.79,11609.94,2.35,1
44382.62,32,21487.07,0.4841,0.0927,4,4,37.61,17304.29,3.74,1
45211.21,40,22429.0,0.4961,0.1441,0,1,9.33,9740.13,3.03,0
75883.22,36,10493.89,0.1383,0.0921,4,4,4.99,12660.56,8.4,0
68637.83,34,7126.83,0.1038,0.1217,6,0,7.73,19604.73,10.68,1
91934.15,36,30231.07,0.3288,0.1678,7,3,10.72,500.0,5.38,1
66678.56,63,9032.19,0.1355,0.2401,4,0,8.88,4669.04,10.01,0
47814.16,53,18528.98,0.3875,0.1773,3,0,9.8,7811.81,7.68,1
66813.1,50,16960.02,0.2538,0.1798,7,1,8.47,10730.98,6.56,1
77174.07,32,32540.6,0.4217,0.3397,1,2,5.35,662.12,4.56,1
71409.64,35,26656.95,0.3733,0.2417,7,1,3.76,4731.36,4.72,1
65145.48,38,0.0,0.0,0.5003,3,2,10.27,17594.02,6.42,0
76333.49,48,749.36,0.0098,0.3872,2,0,8.91,15719.65,6.15,1
78385.91,43,21946.92,0.28,0.3478,5,5,19.12,500.0,4.19,0
82643.18,34,14227.95,0.1722,0.4184,5,2,11.82,10198.26,7.63,1
67974.2,50,9537.94,0.1403,0.1145,3,0,10.95,10861.94,3.65,1
51657.64,53,27187.53,0.5263,0.3714,1,0,11.77,4695.2,2.5,0
57934.27,35,17249.51,0.2977,0.1553,2,0,15.47,10863.83,4.44,1
79130.18,27,15629.49,0.1975,0.4978,10,0,5.27,15141.02,6.49,0
38661.29,35,24357.94,0.63,0.2786,3,0,9.98,17720.28,2.25,0
62373.47,62,10498.69,0.1683,0.1734,4,0,9.31,12809.85,5.29,1
47133.22,58,33822.23,0.7176,0.5416,4,0,8.6,17174.81,1.57,0
55574.9,64,5543.43,0.0997,0.3593,1,0,5.27,12087.31,7.41,0
80569.04,31,22883.15,0.284,0.2171,4,2,9.53,500.0,4.63,1
58821.98,49,32205.99,0.5475,0.5643,5,2,11.8,10929.47,4.56,1
55928.73,51,0.0,0.0,0.5842,7,2,7.96,2168.38,4.91,0
27802.88,45,10879.98,0.3913,0.2304,6,1,7.89,12907.53,6.65,0
69925.07,44,28706.49,0.4105,0.0409,1,1,16.46,10240.01,4.75,1
67909.68,39,28886.93,0.4254,0.2214,3,1,22.05,10164.58,2.99,1
98265.09,22,12942.05,0.1317,0.3742,2,0,6.59,5297.5,2.95,1
48844.44,42,6183.95,0.1266,0.2047,2,2,18.87,8809.1,1.59,1
59383.01,40,26471.23,0.4458,0.1045,3,1,6.76,14455.96,2.1,1
59987.67,53,29202.59,0.4868,0.2817,8,0,12.09,4692.67,6.92,0
86549.07,28,1024.04,0.0118,0.1716,2,1,3.78,7030.17,5.5,1
53094.09,45,553.04,0.0104,0.4237,4,2,7.98,500.0,8.88,0
60580.43,29,17703.08,0.2922,0.0579,2,0,2.52,14233.07,4.83,1
67157.93,54,22552.33,0.3358,0.532,1,0,16.31,1790.95,2.74,1
58732.18,43,11411.17,0.1943,0.4555,5,1,18.32,12222.75,4.89,0
46071.33,25,23151.53,0.5025,0.0687,7,0,6.58,17650.71,4.07,0
58881.8,45,6478.36,0.11,0.1244,3,2,13.7,22170.33,6.26,0
76472.63,28,0.0,0.0,0.235,5,1,20.59,9428.18,2.58,1
34469.69,36,9913.19,0.2876,0.5339,3,0,13.5,16997.75,7.16,0
57659.39,35,15758.79,0.2733,0.1483,4,2,6.22,11940.82,2.61,1
40997.58,21,11689.92,0.2851,0.203,2,3,5.48,500.0,17.19,1
78900.93,42,1096.76,0.0139,0.4223,5,0,8.82,500.0,3.91,1
24536.26,23,0.0,0.0,0.2841,1,1,6.79,18778.18,8.94,0
43821.56,58,8830.93,0.2015,0.2532,4,0,19.39,21260.18,4.37,0
62544.24,34,25771.87,0.4121,0.1235,6,1,14.54,500.0,5.95,1
86310.48,56,30074.37,0.3484,0.3955,2,1,14.72,14669.83,6.73,1
53684.99,38,29252.56,0.5449,0.5245,5,5,4.71,14151.87,3.48,0
43896.01,61,5209.09,0.1187,0.4095,2,1,7.76,5579.63,13.8,1
92623.14,38,1155.52,0.0125,0.2616,1,2,7.15,5662.52,11.08,1
26039.72,23,20959.62,0.8049,0.317,5,1,8.97,3548.27,3.52,0
12000.0,30,22621.2,1.8851,0.1899,4,1,13.83,500.0,8.76,0
63800.29,59,19802.04,0.3104,0.3758,5,1,3.79,3568.61,6.94,1
44958.92,21,0.0,0.0,0.3613,6,0,10.43,17570.71,7.16,0
34575.34,47,4597.38,0.133,0.3316,4,2,13.95,9195.56,6.92,0
69167.13,47,14643.73,0.2117,0.2039,3,1,8.27,17871.39,16.53,1
59876.01,31,20846.62,0.3482,0.2501,2,1,21.28,500.0,6.67,0
43718.43,25,24207.69,0.5537,0.1739,4,1,9.51,15516.98,7.35,1
29393.91,27,16731.04,0.5692,0.3089,9,4,17.06,18220.24,2.38,0
72449.15,39,18969.41,0.2618,0.2239,8,1,9.73,500.0,15.21,1
68004.02,49,16018.39,0.2356,0.2001,7,0,8.16,7784.68,5.63,0
53016.48,35,23227.43,0.4381,0.7822,3,4,12.05,14751.4,9.05,0
91932.74,55,18754.39,0.204,0.0374,1,0,10.33,22424.37,4.96,1
33598.3,57,15788.85,0.4699,0.3396,5,1,14.21,968.25,7.06,1
24489.5,32,11779.57,0.481,0.076,4,0,6.05,23097.87,6.55,1
41161.84,50,15975.5,0.3881,0.2561,4,0,17.71,15509.21,2.84,0
54088.28,40,20815.1,0.3848,0.4118,3,0,9.12,3978.02,9.21,0
59866.79,57,18209.7,0.3042,0.1324,6,0,7.1,19942.05,4.38,1
50175.28,23,19569.92,0.39,0.0561,5,2,6.61,30422.35,11.09,0
62041.11,29,31112.66,0.5015,0.345,2,1,6.16,9316.37,7.02,0
29969.21,61,18181.97,0.6067,0.1505,2,2,1.17,8655.88,3.24,0
83875.29,59,7212.02,0.086,0.1128,2,1,10.66,4383.81,6.01,1
53356.98,46,25603.28,0.4798,0.2129,6,0,8.07,26706.43,8.2,0
77345.92,22,0.0,0.0,0.602,5,3,4.34,6163.86,3.59,1
61854.51,43,2023.04,0.0327,0.1958,2,1,4.34,4249.09,6.65,1
64135.06,43,19030.17,0.2967,0.1675,3,0,6.2,7006.97,3.06,1
66395.35,41,21196.76,0.3193,0.2098,3,1,14.31,7101.16,7.52,1
63954.17,36,59.39,0.0009,0.0988,3,1,10.09,7372.91,15.98,1
67854.46,29,10406.19,0.1534,0.2141,3,0,2.83,5689.2,9.99,1
81583.05,33,7726.99,0.0947,0.5298,5,2,5.15,6272.14,5.55,1
58930.42,48,9159.88,0.1554,0.1168,3,1,9.56,13146.01,2.35,0
69180.08,47,26323.17,0.3805,0.1254,4,1,6.7,22797.89,6.52,0
53205.29,37,23478.07,0.4413,0.3844,5,2,9.71,4064.3,6.07,1
83802.34,58,14770.53,0.1763,0.4196,6,1,4.9,1577.54,3.52,1
41472.15,56,8448.46,0.2037,0.4895,7,3,27.21,14610.55,2.71,1
91018.81,21,0.0,0.0,0.0487,6,2,16.06,16263.62,1.99,1
54196.84,38,32042.22,0.5912,0.1918,8,2,6.26,24327.57,4.52,1
26384.5,29,22105.37,0.8378,0.4068,5,0,12.97,23270.57,3.69,1
57562.09,33,6519.97,0.1133,0.0881,4,1,20.5,500.0,12.08,1
41378.97,60,23635.19,0.5712,0.4785,5,1,6.95,500.0,6.56,0
71812.87,35,14157.32,0.1971,0.419,2,1,12.51,16523.63,4.42,1
41947.52,63,11554.69,0.2755,0.0855,8,0,6.8,16308.53,8.8,1
46076.33,64,20222.54,0.4389,0.1854,4,3,14.57,23854.75,7.7,0
17209.19,24,6102.02,0.3546,0.1984,4,0,7.78,15140.65,10.1,0
45953.87,53,10874.92,0.2366,0.3332,2,1,7.9,7497.33,3.91,1
12000.0,44,16457.53,1.3715,0.2148,7,3,7.68,20315.45,5.79,0
23321.94,56,9006.59,0.3862,0.1442,7,1,10.02,3643.7,2.33,0
70208.29,61,23029.02,0.328,0.5515,3,1,6.41,28054.99,6.97,0
70716.0,30,37428.8,0.5293,0.1815,3,1,16.28,14179.06,4.82,1
63509.15,56,5948.42,0.0937,0.2531,3,0,6.17,6101.36,4.45,1
35660.48,40,0.0,0.0,0.3535,4,0,7.23,4907.91,2.56,0
54045.77,61,0.0,0.0,0.1869,2,0,10.12,13561.25,6.21,1
54927.95,64,13194.38,0.2402,0.3602,2,2,13.69,11361.62,2.0,0
31832.71,31,7042.02,0.2212,0.2033,0,1,12.31,10905.66,1.04,0
85067.97,32,17494.33,0.2057,0.6081,4,3,26.67,1518.21,3.8,1
72547.25,38,16591.17,0.2287,0.1646,5,0,8.84,10705.74,7.9,1
50580.72,50,0.0,0.0,0.2083,5,3,3.28,18613.98,8.83,0
55537.72,64,0.0,0.0,0.449,4,0,12.03,5961.28,7.24,1
59167.66,57,18551.2,0.3135,0.4816,4,3,6.78,14049.81,7.09,0
14165.3,40,16625.15,1.1737,0.2542,6,1,15.8,20951.14,3.17,0
50056.45,45,9890.18,0.1976,0.6144,4,3,7.98,17040.84,1.05,0
41360.32,32,0.0,0.0,0.0684,6,1,10.16,2319.94,6.1,1
34967.6,41,20656.7,0.5907,0.2475,7,1,7.45,14570.75,4.6,0
49377.99,45,30262.79,0.6129,0.2014,5,0,9.94,23719.3,0.89,1
90953.73,31,18335.79,0.2016,0.2748,2,1,15.55,15978.03,3.84,0
67816.86,29,4830.31,0.0712,0.15,3,0,11.07,21441.75,3.66,1
43576.42,45,15534.63,0.3565,0.2831,8,2,12.26,19841.12,6.99,0
66451.66,55,0.0,0.0,0.097,2,0,13.4,2893.69,0.71,1
82987.11,52,27695.53,0.3337,0.24,5,2,21.08,26241.82,5.29,0
73492.67,34,15982.13,0.2175,0.2388,5,1,19.63,22030.2,3.06,1
56192.61,21,0.0,0.0,0.2971,1,3,11.43,9735.61,12.16,1
42061.26,37,11391.91,0.2708,0.2445,3,4,8.1,22366.76,4.24,1
68964.47,45,20559.62,0.2981,0.1898,6,2,8.96,10977.73,12.8,0
62869.71,28,11003.43,0.175,0.1309,5,2,14.4,11285.43,1.99,1
72903.86,25,11689.25,0.1603,0.3389,5,1,13.07,4849.23,2.34,0
67703.44,25,307.17,0.0045,0.1856,2,2,23.65,3721.72,5.11,1
75991.05,61,21798.49,0.2869,0.3812,2,0,11.76,13194.23,6.23,0
44295.3,55,7218.37,0.163,0.1931,6,1,9.59,9973.76,8.46,1
81347.88,39,0.0,0.0,0.1146,2,2,14.58,500.0,7.98,1
58951.99,43,10544.91,0.1789,0.0737,5,0,8.83,14801.24,2.91,1
96505.22,29,26773.8,0.2774,0.1539,3,2,1.88,16084.18,8.1,1
41216.24,50,10356.85,0.2513,0.5866,2,1,7.43,14392.21,5.22,0
89719.28,36,35855.82,0.3996,0.0828,4,4,6.8,14322.19,8.94,1
58958.22,53,20147.62,0.3417,0.1166,4,3,6.82,15262.46,2.77,0
41971.64,22,19065.1,0.4542,0.2435,3,1,5.0,13332.22,3.52,0
45322.28,34,13459.22,0.297,0.1644,3,0,7.5,14793.44,13.39,1
48593.05,21,14180.57,0.2918,0.2382,5,1,7.81,16045.2,3.96,1
63483.32,46,11838.92,0.1865,0.3452,6,0,5.13,7316.84,8.48,1
65456.71,45,11372.77,0.1737,0.5328,4,2,5.58,1871.53,0.54,0
43526.0,36,21370.41,0.491,0.1845,5,3,5.93,14554.02,3.94,0
54512.91,35,3770.03,0.0692,0.6278,3,0,4.38,13211.55,8.26,0
97845.41,46,2089.27,0.0214,0.4942,3,0,12.83,15624.24,4.17,1
89550.86,64,1521.66,0.017,0.153,4,2,1.97,21105.97,9.74,1
63726.47,36,39547.85,0.6206,0.505,4,1,9.24,11723.8,4.91,0
55760.07,34,21364.11,0.3831,0.1366,3,0,9.47,10935.27,2.25,1
57400.63,49,18653.91,0.325,0.0842,5,1,6.72,15746.63,3.06,0
67270.36,44,2309.82,0.0343,0.1169,4,1,13.48,3836.06,2.16,1
34544.15,35,22480.11,0.6508,0.2135,2,0,2.96,12334.81,3.57,0
49852.47,39,13601.14,0.2728,0.0362,5,1,7.28,11181.87,5.49,1
21628.32,28,17570.03,0.8124,0.1165,5,2,2.38,19012.09,4.8,0
62984.46,54,3280.56,0.0521,0.0541,3,0,9.07,8331.74,5.35,1
67943.92,22,16923.23,0.2491,0.6375,3,1,14.91,12727.25,5.86,1
45336.27,47,9914.0,0.2187,0.1925,2,0,12.88,10755.2,4.41,1
86479.74,30,5812.67,0.0672,0.3662,2,0,5.15,500.0,3.0,1
30484.69,55,23809.28,0.781,0.1736,6,1,16.21,7775.87,4.52,0
25712.5,43,0.0,0.0,0.2452,3,1,8.07,11932.38,6.49,1
59489.04,28,21777.32,0.3661,0.0721,6,0,8.65,4868.32,3.29,1
75941.97,48,23213.83,0.3057,0.1467,5,3,10.14,11021.84,6.83,1
88678.55,43,4444.28,0.0501,0.2911,4,1,27.45,22710.98,8.53,1
45822.31,24,5156.06,0.1125,0.0696,6,1,11.28,19706.03,6.53,1
76573.62,34,12323.69,0.1609,0.1602,5,0,5.49,500.0,5.85,1
54229.83,62,18384.43,0.339,0.2752,3,3,12.11,18076.73,6.01,1
51547.45,49,13165.74,0.2554,0.0974,3,2,7.02,16494.0,6.04,1
72673.2,21,20202.75,0.278,0.5106,4,1,10.14,11253.89,4.13,1
68046.46,24,36155.76,0.5313,0.2219,2,1,7.45,500.0,2.21,1
23472.16,52,8907.4,0.3795,0.3513,1,1,9.1,18261.48,2.19,0
84530.81,53,0.0,0.0,0.2157,4,2,13.23,8566.1,6.37,1
82601.83,46,24911.08,0.3016,0.31,7,1,9.27,13686.74,5.77,0
42488.75,37,35199.77,0.8284,0.1659,5,2,7.82,4257.21,2.33,1
62916.07,59,19713.22,0.3133,0.1012,2,0,14.82,6061.94,3.73,1
64880.6,43,1947.02,0.03,0.0974,5,2,12.2,19489.8,10.21,1
60213.48,52,13513.29,0.2244,0.3364,4,0,14.58,24981.46,6.19,0
43993.9,35,1577.72,0.0359,0.219,3,1,17.64,8583.89,7.68,0
41567.53,33,22714.27,0.5464,0.1548,6,1,14.06,24102.86,9.34,1
54488.92,22,0.0,0.0,0.0831,3,0,13.81,8568.88,3.43,1
78454.58,39,11398.45,0.1453,0.2156,4,2,7.25,8472.77,6.78,1
65872.0,44,2947.95,0.0448,0.2296,4,1,9.55,657.46,9.75,1
47587.71,44,16521.9,0.3472,0.3308,4,3,3.14,15978.58,3.01,0
70433.97,31,10603.9,0.1506,0.33,5,0,5.73,10436.78,1.34,1
12000.0,42,17121.15,1.4268,0.463,1,2,7.31,10887.81,7.76,0
77975.31,35,15268.21,0.1958,0.0506,3,1,8.57,8963.13,5.53,1
20205.72,30,3160.09,0.1564,0.3033,4,0,10.34,4066.18,5.39,0
47751.18,61,22522.52,0.4717,0.1982,4,1,5.08,17005.23,7.15,0
32606.6,47,14414.81,0.4421,0.2147,5,1,8.44,11509.22,2.43,0
29106.37,29,3137.65,0.1078,0.1659,4,0,17.89,18464.06,5.94,1
78216.54,48,41891.12,0.5356,0.0767,5,3,7.95,4446.78,13.46,0
45645.98,21,20717.16,0.4539,0.1446,5,1,12.3,13912.54,1.93,1
61930.08,37,13160.87,0.2125,0.2314,3,1,12.71,29096.49,2.75,1
54061.59,51,31982.45,0.5916,0.3131,6,1,19.32,6310.13,7.42,0
64540.82,64,37101.79,0.5749,0.3381,1,0,8.52,8123.39,4.03,0
56536.44,30,13255.81,0.2345,0.1027,6,2,4.9,8029.18,5.32,0
29340.16,57,19168.77,0.6533,0.2462,2,0,8.23,3659.52,2.97,0
74925.34,49,3143.97,0.042,0.3002,2,2,11.81,25261.19,7.87,0
45124.87,38,13233.69,0.2933,0.257,7,1,6.13,500.0,5.57,1
23868.36,58,12611.25,0.5284,0.0319,7,0,12.67,2218.69,1.1,0
46437.7,59,17217.92,0.3708,0.2606,4,1,12.43,15744.39,4.62,0
85015.2,26,18993.13,0.2234,0.1771,4,1,4.44,6157.89,6.25,0
72004.43,60,21717.94,0.3016,0.1817,3,1,5.97,11756.13,6.98,0
48026.96,32,17851.71,0.3717,0.4436,4,1,5.24,11769.68,12.25,0
48014.85,34,471.09,0.0098,0.4124,3,0,12.43,15976.49,9.15,1
48567.3,64,3738.39,0.077,0.1822,6,0,6.66,12655.03,14.43,1
96534.96,30,8443.11,0.0875,0.2106,5,0,6.85,8890.34,8.09,1
62638.71,40,11613.11,0.1854,0.106,2,3,5.45,13035.43,6.09,1
63600.83,35,27609.29,0.4341,0.0786,3,1,9.31,10572.14,11.94,0
75605.67,51,1044.73,0.0138,0.4391,11,0,9.04,25555.94,3.03,1
59775.78,27,10711.02,0.1792,0.5256,7,2,12.64,7394.94,4.71,0
49819.16,61,26436.11,0.5306,0.4141,3,1,10.91,16442.97,4.55,0
51073.0,30,11401.47,0.2232,0.6349,1,1,7.24,19308.68,0.46,1
53567.97,30,20524.99,0.3832,0.2942,7,1,8.9,1428.26,2.85,1
54255.56,59,13325.5,0.2456,0.2406,3,1,16.28,3097.35,6.93,0
69552.59,48,18081.4,0.26,0.3253,4,1,18.59,27446.02,4.34,1
56038.92,50,12258.33,0.2187,0.284,3,1,15.3,6583.61,3.67,1
69652.8,57,23004.79,0.3303,0.2791,3,0,8.38,12097.23,5.76,1
53385.67,23,0.0,0.0,0.2501,6,1,5.0,10609.44,4.4,1
56572.7,63,10640.26,0.1881,0.2695,2,3,6.94,11694.11,4.92,0
15035.99,35,18558.87,1.2343,0.3687,5,0,7.46,9021.7,6.15,0
73326.55,41,21404.34,0.2919,0.1166,3,1,6.57,12968.48,5.5,1
61929.77,57,32915.43,0.5315,0.3979,6,3,7.62,5497.64,7.24,0
74960.2,32,10307.7,0.1375,0.3533,3,1,6.33,10209.65,7.16,1
12000.0,24,32753.78,2.7295,0.0507,3,2,12.49,500.0,3.42,0
96767.49,29,7091.71,0.0733,0.3063,5,3,6.28,11069.2,8.96,1
52208.21,59,30943.76,0.5927,0.4158,2,1,11.84,14678.87,3.65,0
77163.66,62,24809.61,0.3215,0.1395,6,0,16.69,19674.2,1.95,1
34201.88,48,4038.5,0.1181,0.3774,5,3,12.48,21180.99,10.66,0
67255.48,43,18684.47,0.2778,0.497,3,1,10.81,8981.64,11.2,1
33931.69,60,14385.17,0.4239,0.2876,7,3,7.65,18724.83,6.58,0
42524.62,64,22507.02,0.5293,0.3707,5,3,8.42,2790.99,9.38,0
93280.63,42,12320.74,0.1321,0.0952,3,2,3.31,7861.19,3.97,0
51186.35,44,11313.05,0.221,0.4129,4,2,9.29,24966.6,3.25,1
59348.66,46,31429.13,0.5296,0.2781,6,2,14.34,13459.35,2.71,0
72401.35,50,13815.35,0.1908,0.4728,2,2,6.81,13863.15,4.94,0
64913.64,53,24917.07,0.3838,0.4058,3,1,10.37,10572.94,1.9,0
58008.38,36,12295.78,0.212,0.2593,4,1,7.02,26950.16,2.76,0
62299.22,42,34999.96,0.5618,0.278,1,1,7.59,16246.66,3.65,1
103068.31,63,6859.98,0.0666,0.1983,5,0,7.58,23879.9,3.61,1
53847.62,38,7630.28,0.1417,0.2832,6,2,7.22,7266.1,8.4,0
59021.98,27,33294.21,0.5641,0.5231,5,1,4.64,4222.09,4.51,0
76013.09,46,9660.64,0.1271,0.2504,5,2,5.7,5878.41,10.1,1
77110.52,28,34212.89,0.4437,0.5203,3,0,11.27,17032.48,2.8,0
78740.61,26,25702.09,0.3264,0.5296,5,0,12.43,25179.34,4.98,1
67774.6,50,13144.2,0.1939,0.1362,2,2,22.13,17999.57,2.01,1
32139.9,59,0.0,0.0,0.2311,7,1,11.44,19018.12,4.64,1
87668.63,43,14768.18,0.1685,0.1669,7,1,5.01,13383.08,4.03,1
32073.09,52,16219.56,0.5057,0.4424,5,0,6.73,1815.38,6.22,1
61052.71,42,29006.61,0.4751,0.2607,1,2,7.33,28186.22,3.71,0
39914.48,62,34061.37,0.8534,0.2793,3,0,5.35,17314.64,8.96,0
53717.23,63,6780.15,0.1262,0.4312,5,0,10.05,16187.1,3.53,1
61575.25,29,24614.18,0.3997,0.6185,3,1,5.16,18990.33,7.43,1
61427.14,51,24184.83,0.3937,0.6168,2,0,16.8,500.0,10.08,1
63438.42,27,27880.95,0.4395,0.2229,6,1,4.55,7991.01,13.19,0
87274.23,29,20984.28,0.2404,0.5408,6,0,14.16,16975.37,6.1,1
64070.69,33,0.0,0.0,0.3771,6,3,10.14,10840.82,5.57,1
50116.87,23,13134.93,0.2621,0.389,5,0,5.58,11387.79,5.39,0
74281.74,55,1131.51,0.0152,0.6392,5,1,13.05,22251.43,18.68,1
78789.41,53,12568.73,0.1595,0.1107,4,0,9.26,12938.2,4.57,1
30447.84,41,26760.05,0.8789,0.2354,2,0,10.91,31024.66,4.88,0
66948.0,51,18661.81,0.2788,0.5278,3,0,4.13,11673.63,3.24,0
69023.45,54,28777.09,0.4169,0.2222,5,3,4.31,18439.5,2.98,1
49048.73,52,19101.05,0.3894,0.3435,2,3,6.25,15872.31,2.68,0
82514.14,55,0.0,0.0,0.188,4,1,3.87,7405.76,7.78,1
51998.89,35,0.0,0.0,0.2153,5,3,11.66,3751.65,7.23,1
57511.53,52,16785.71,0.2919,0.3708,5,2,6.02,12296.7,6.87,0
51538.56,26,12432.88,0.2412,0.4214,4,1,16.32,27364.02,7.49,0
55311.58,41,3276.65,0.0592,0.1944,9,1,6.87,8851.05,13.79,1
33074.5,53,0.0,0.0,0.4189,5,2,5.7,16151.16,9.23,0
26198.98,52,6183.08,0.236,0.2447,3,5,13.62,9942.81,5.93,1
86890.1,39,12666.1,0.1458,0.4007,3,1,5.16,13772.48,2.83,1
38060.77,53,22990.53,0.604,0.2726,3,2,4.85,21136.1,9.06,0
35172.15,48,17263.57,0.4908,0.3369,5,1,6.64,12919.8,3.71,1
12000.0,51,34296.81,2.8581,0.2622,3,2,17.37,7077.28,16.27,0
42220.77,41,2572.75,0.0609,0.0822,8,1,3.75,24848.35,1.36,1
28538.2,54,25572.71,0.8961,0.2222,6,0,2.7,7160.68,5.39,0
87840.3,35,15567.58,0.1772,0.2861,2,0,5.34,17413.85,4.35,0
75196.34,34,23336.03,0.3103,0.2517,2,2,12.69,500.0,15.21,1
41236.99,39,9761.82,0.2367,0.6647,3,2,16.65,22277.75,4.42,0
100048.72,63,27860.16,0.2785,0.4181,5,0,5.31,32837.24,0.98,1
74635.31,35,18542.7,0.2484,0.3395,4,0,15.06,11783.84,3.41,1
48503.37,26,6846.66,0.1412,0.2827,3,0,3.46,3791.43,3.76,0
12000.0,29,14855.71,1.238,0.0626,3,1,2.85,18140.0,6.86,0
100818.85,57,12125.33,0.1203,0.2732,0,1,7.18,12726.8,11.43,1
27208.55,40,20870.14,0.767,0.4054,7,2,5.27,29131.78,3.66,0
22092.03,54,842.68,0.0381,0.1777,3,0,11.3,7206.31,6.85,1
75451.41,58,14647.78,0.1941,0.1766,2,1,7.15,1304.38,4.49,1
103795.05,46,19743.69,0.1902,0.117,6,0,10.99,14430.24,9.74,1
82685.46,38,15396.28,0.1862,0.1344,2,0,11.83,16666.59,2.44,1
66278.18,48,31163.29,0.4702,0.8023,3,3,15.99,5848.19,5.51,1
66895.09,29,24288.27,0.3631,0.4167,8,3,6.53,19683.93,4.74,1
72068.31,52,14910.23,0.2069,0.3452,4,2,4.1,12447.49,11.49,1
70178.57,26,17600.27,0.2508,0.3415,1,4,6.54,9833.42,1.09,0
60623.83,34,18547.99,0.306,0.6091,7,2,8.31,16357.79,2.51,0
57084.02,48,19839.6,0.3476,0.487,4,2,4.19,9699.19,4.84,0
53748.14,44,0.0,0.0,0.0529,3,2,17.26,6119.96,4.5,0
39920.71,33,11381.68,0.2851,0.149,6,2,5.42,500.0,5.32,0
49386.5,63,0.0,0.0,0.3601,6,0,17.29,7062.17,14.1,0
21140.86,32,30339.37,1.4351,0.3091,3,1,3.68,31956.78,3.09,0
53033.21,39,14269.81,0.2691,0.2866,6,0,13.71,12287.38,3.56,1
35228.18,41,12679.91,0.3599,0.1069,6,2,7.58,3863.03,5.03,1
32928.21,47,25761.57,0.7824,0.2357,8,2,8.32,22134.57,3.48,0
58597.88,39,20067.9,0.3425,0.3892,4,2,12.53,11624.09,1.43,0
82840.05,44,1456.39,0.0176,0.1966,5,1,9.4,14336.18,7.62,1
73366.33,46,14149.14,0.1929,0.093,5,3,8.06,14194.62,3.75,1
23589.99,48,10978.0,0.4654,0.4345,4,1,9.7,23882.46,1.6,0
35207.44,38,0.0,0.0,0.0891,3,2,12.2,1370.61,5.9,0
73815.42,64,6716.69,0.091,0.4261,5,1,13.11,23674.96,8.57,1
35350.25,56,12797.52,0.362,0.247,4,1,10.4,17961.49,1.47,0
50507.34,62,13620.59,0.2697,0.2471,4,0,20.91,12618.47,2.39,1
66001.04,49,0.0,0.0,0.3871,5,0,8.88,5168.51,4.54,1
35633.11,37,28819.99,0.8088,0.1979,2,1,12.66,10025.19,4.39,0
57107.51,24,13774.76,0.2412,0.5329,4,2,7.87,12338.87,7.11,0
28319.49,64,15450.64,0.5456,0.1517,5,1,11.17,26470.32,2.88,0
42972.65,49,19807.7,0.4609,0.3832,5,1,20.64,23480.33,1.98,0
61395.64,24,5543.08,0.0903,0.1811,4,2,7.78,8898.34,5.83,1
23140.13,30,20476.27,0.8849,0.3201,2,0,8.47,28074.9,12.15,0
63809.49,45,10595.1,0.166,0.3075,11,0,4.13,19607.56,4.78,1
54607.24,51,4240.97,0.0777,0.3536,7,1,7.15,15770.64,2.87,0
66049.8,23,21881.37,0.3313,0.1083,5,1,14.36,9750.06,10.82,1
59478.28,22,32900.09,0.5531,0.4725,4,0,4.93,7382.02,6.29,0
82282.81,45,23697.95,0.288,0.4185,5,0,17.74,16341.05,3.02,1
57504.49,26,26075.73,0.4535,0.3393,5,3,4.11,15070.2,6.19,0
46411.89,46,8752.43,0.1886,0.1775,4,0,8.04,8875.55,8.94,1
57445.95,28,0.0,0.0,0.1772,2,2,4.71,20911.82,2.11,0
65865.96,55,32881.65,0.4992,0.4678,9,1,16.65,13307.41,7.97,0
55977.2,47,39654.18,0.7084,0.1248,5,2,12.04,15344.24,6.17,1
55811.83,45,33513.68,0.6005,0.2058,7,1,12.74,20582.06,2.36,0
40960.17,38,10970.57,0.2678,0.582,3,1,18.25,18612.78,5.08,0
41741.98,21,1144.39,0.0274,0.2159,4,1,11.89,500.0,10.15,1
26947.89,59,2211.81,0.0821,0.3483,5,1,13.28,18095.55,9.1,0
89991.53,23,0.0,0.0,0.2206,4,1,15.52,12223.89,2.44,1
30122.74,24,13711.46,0.4552,0.571,3,0,12.44,8423.04,12.3,0
41141.9,61,34268.14,0.8329,0.5975,4,3,9.75,12416.94,2.39,0
40631.85,57,13300.05,0.3273,0.4736,4,1,22.43,9550.78,12.82,0
72898.49,35,18627.87,0.2555,0.3126,4,0,13.1,13014.08,11.82,1
49101.01,28,31507.16,0.6417,0.3005,4,1,18.47,11833.88,4.81,0
79954.84,58,10150.86,0.127,0.4107,2,2,10.19,17501.26,5.43,1
41530.19,39,39426.38,0.9493,0.4351,3,0,7.04,500.0,7.04,0
60579.88,46,38905.13,0.6422,0.2726,5,1,14.75,13470.34,5.48,0
38293.06,59,13426.66,0.3506,0.4343,0,0,7.04,11770.95,7.03,0
97902.98,30,8069.59,0.0824,0.3221,5,3,20.1,30012.61,7.05,1
31248.03,58,23366.86,0.7478,0.0915,3,2,2.3,500.0,3.18,0
61196.41,34,10829.7,0.177,0.186,3,1,9.66,19376.38,17.96,1
67675.54,61,1121.34,0.0166,0.3571,6,2,6.36,15466.97,10.22,1
63275.98,39,30374.86,0.48,0.3477,4,1,10.62,18130.61,4.87,0
51294.25,50,29597.37,0.577,0.3558,2,1,11.7,8421.51,5.71,0
52403.59,25,16866.14,0.3219,0.5913,2,0,9.85,14554.89,5.06,0
55876.23,51,0.0,0.0,0.0848,1,2,10.89,13163.39,2.49,1
52059.96,27,245.68,0.0047,0.3441,3,4,4.45,40288.38,2.27,0
74277.58,39,16286.75,0.2193,0.4942,3,2,5.42,9525.89,7.58,0
99210.46,51,9001.55,0.0907,0.3467,5,2,6.13,5719.43,4.34,1
43850.16,59,10906.88,0.2487,0.1845,4,1,7.82,28008.46,6.4,0
27603.94,44,27263.56,0.9877,0.1368,1,1,4.34,14751.15,3.21,0
53234.36,54,23798.15,0.447,0.1094,1,1,15.4,16111.95,6.59,0
106594.19,43,31537.71,0.2959,0.2026,5,2,10.91,21015.55,9.67,1
38926.51,60,3112.52,0.08,0.3456,3,1,13.5,12614.17,5.21,1
87782.34,26,10881.7,0.124,0.259,1,1,17.78,8647.08,2.82,1
88554.02,58,24107.78,0.2722,0.6958,3,0,10.06,13059.59,6.38,1
43928.24,61,20376.94,0.4639,0.1002,6,3,8.37,5273.27,19.72,0
66379.66,56,33388.56,0.503,0.2439,7,1,4.09,500.0,6.19,1
87567.93,47,20046.44,0.2289,0.135,4,3,5.91,5255.98,3.85,0
47417.45,31,37177.31,0.784,0.0753,9,2,5.1,500.0,4.45,0
50928.39,25,21480.21,0.4218,0.727,7,2,5.14,9085.19,6.86,0
43366.38,37,27746.01,0.6398,0.5023,5,1,8.24,8000.77,7.25,0
34704.87,27,11117.82,0.3204,0.2972,5,2,20.56,16829.22,5.49,1
42014.45,47,15171.45,0.3611,0.4318,0,0,4.4,13032.83,9.51,0
30521.19,35,25931.33,0.8496,0.1555,3,2,5.96,10886.53,6.41,0
55681.67,33,34355.74,0.617,0.1433,2,0,3.04,21420.59,6.89,0
39600.54,31,23750.84,0.5998,0.033,0,1,10.12,8662.9,11.09,1
59675.72,46,14001.94,0.2346,0.4074,2,2,6.04,3121.58,4.3,0
23882.09,42,31528.02,1.3202,0.5167,2,1,9.55,500.0,2.93,0
61617.6,48,0.0,0.0,0.2197,3,2,15.74,12197.74,5.0,1
71670.58,44,0.0,0.0,0.0853,4,0,6.33,11575.75,2.6,1
15125.29,49,23179.61,1.5325,0.3962,3,0,18.4,22152.65,2.01,0
62481.13,29,15169.3,0.2428,0.3446,4,1,10.5,5059.25,6.65,1
79553.38,62,22266.16,0.2799,0.3798,1,2,14.97,18000.32,7.26,1
30807.18,24,15772.89,0.512,0.1729,6,1,13.21,500.0,10.86,0
88451.45,38,21851.35,0.247,0.2363,3,1,16.75,1606.72,9.73,1
63380.38,63,5227.17,0.0825,0.4942,3,0,4.12,15068.37,4.37,0
40899.76,36,21845.83,0.5341,0.1301,1,2,5.38,17514.7,6.08,0
53884.62,53,26932.97,0.4998,0.4036,6,0,11.9,500.0,4.18,0
66166.54,49,29646.61,0.4481,0.2814,3,0,10.86,5643.16,5.92,0
56520.11,59,39162.65,0.6929,0.3164,4,1,12.45,12360.59,3.77,0
65775.12,30,17929.18,0.2726,0.4301,8,2,11.4,11238.92,5.64,0
36586.53,29,18286.93,0.4998,0.628,6,2,16.09,16380.39,9.75,0
58387.22,51,0.0,0.0,0.2649,3,0,6.14,19307.23,4.89,1
26725.71,48,8623.06,0.3227,0.0879,3,3,10.89,1773.93,1.28,0
52775.48,23,12683.02,0.2403,0.0322,4,2,6.24,15551.79,9.57,0
36921.85,34,27603.83,0.7476,0.4675,4,1,11.91,6243.05,6.38,0
40289.4,45,7667.99,0.1903,0.1954,5,2,9.63,14684.42,4.85,1
79721.86,35,24556.08,0.308,0.27,5,1,11.02,8265.78,13.72,1
76826.2,22,14980.54,0.195,0.0569,3,1,5.41,20613.85,5.23,1
67182.76,44,12873.98,0.1916,0.1394,2,0,9.6,16694.22,13.75,1
33153.74,34,17986.73,0.5425,0.2047,5,4,5.7,4089.16,7.56,0
48671.83,27,10306.12,0.2117,0.4574,2,1,4.1,500.0,0.72,0
79261.95,56,9851.55,0.1243,0.2283,10,1,13.07,21515.32,2.86,1
57834.34,44,0.0,0.0,0.5794,4,1,3.22,6352.3,2.02,0
101386.59,47,12024.55,0.1186,0.128,7,1,14.58,7185.6,10.72,1
62866.36,57,9240.38,0.147,0.0906,6,0,3.98,17936.02,1.65,1
58840.98,58,8808.23,0.1497,0.2521,4,1,12.19,3813.91,7.97,0
48817.67,50,20002.48,0.4097,0.2407,5,1,4.48,13593.05,6.25,0
57670.82,47,22903.58,0.3971,0.1608,5,0,1.88,12147.61,4.57,0
51950.6,59,17786.33,0.3424,0.3168,2,1,9.71,11347.14,6.78,0
69162.17,35,26944.98,0.3896,0.2252,3,3,6.98,21562.59,2.42,0
74134.05,46,21906.74,0.2955,0.193,2,0,12.03,15728.53,7.06,1
39280.21,21,11459.33,0.2917,0.4643,6,0,5.8,19832.68,4.65,0
28375.34,24,9445.72,0.3329,0.4276,1,0,16.25,10001.61,4.21,0
18275.89,49,18753.87,1.0262,0.3832,7,1,23.08,6207.35,5.98,0
65159.83,21,21885.21,0.3359,0.6557,3,0,14.87,20311.1,8.56,1
32932.67,63,31774.13,0.9648,0.1895,2,2,13.03,7434.88,2.09,0
12000.0,42,29294.08,2.4412,0.3835,3,2,11.57,12989.0,4.3,0
62771.57,31,8502.32,0.1354,0.5202,2,2,11.39,15388.27,13.07,0
104859.99,30,13775.92,0.1314,0.3577,4,0,12.4,5843.03,2.34,0
54878.58,37,23052.21,0.4201,0.5222,5,0,9.25,5868.15,3.73,0
71769.82,56,27815.97,0.3876,0.1982,4,0,7.05,9827.23,3.24,1
56636.59,46,26267.63,0.4638,0.3247,3,0,8.53,17952.3,3.21,0
53022.21,41,14233.47,0.2684,0.3132,6,0,8.92,14768.65,4.19,0
73381.53,33,0.0,0.0,0.1037,7,1,15.96,1173.33,3.84,1
49194.51,29,3012.76,0.0612,0.2806,1,1,8.65,27622.23,8.42,1
60347.85,31,18271.6,0.3028,0.1479,6,2,4.84,15040.2,3.76,0
61433.96,31,19106.71,0.311,0.4693,3,1,22.58,8610.71,3.69,0
41638.19,26,1815.85,0.0436,0.1504,4,0,17.76,10779.55,6.01,1
74840.85,21,15534.84,0.2076,0.5918,6,0,8.22,10062.86,8.66,0
51500.8,26,22574.69,0.4383,0.4962,4,0,5.36,9022.82,1.1,0
39885.1,33,1185.28,0.0297,0.072,4,1,10.21,21326.0,2.09,0
65730.2,42,28259.97,0.4299,0.1407,4,0,8.07,31011.48,6.36,1
37030.64,51,10469.63,0.2827,0.1988,11,1,8.23,7897.6,10.56,0
55563.62,42,30091.36,0.5416,0.3707,4,3,13.27,8339.26,7.61,1
54817.62,57,8598.57,0.1569,0.5411,1,0,13.04,11278.69,9.23,1
76717.91,47,2680.49,0.0349,0.3086,5,1,9.56,987.61,7.11,1
64493.96,34,9502.36,0.1473,0.5599,6,0,7.23,16223.56,8.1,0
54499.46,25,13858.22,0.2543,0.2197,2,0,3.01,13494.58,5.2,0
71355.33,56,10338.24,0.1449,0.2836,9,1,10.33,13196.4,5.05,0
82804.15,52,12407.98,0.1498,0.2337,5,3,9.29,500.0,4.91,1
66156.21,54,19007.58,0.2873,0.4952,3,0,14.2,500.0,12.2,1
55207.05,27,12945.85,0.2345,0.2359,0,3,3.51,9059.05,4.47,1
28763.28,62,14206.65,0.4939,0.5351,2,0,14.59,17292.33,6.31,0
33697.73,30,0.0,0.0,0.3423,3,0,5.87,500.0,11.2,1
48895.51,37,19700.38,0.4029,0.1472,4,3,20.64,19162.51,2.23,1
42809.76,50,13929.56,0.3254,0.3453,1,2,5.58,9573.26,18.15,0
51260.57,41,34323.52,0.6696,0.2382,2,1,8.08,5368.74,1.12,0
56133.0,33,3725.22,0.0664,0.4126,3,1,9.15,12666.09,4.96,1
65593.86,21,0.0,0.0,0.4771,4,1,9.29,1618.97,7.66,1
53590.02,21,22416.82,0.4183,0.4534,3,1,19.59,500.0,3.49,0
64730.03,53,19158.32,0.296,0.3398,4,0,17.84,21650.46,4.6,0
56289.49,58,2898.8,0.0515,0.2169,8,0,4.65,11610.34,7.18,1
15490.67,45,0.0,0.0,0.2866,3,2,3.99,6228.74,15.5,0
36213.29,46,33448.76,0.9237,0.1263,3,1,3.23,7376.7,3.37,0
52118.25,33,31969.32,0.6134,0.6206,4,1,12.21,5800.15,6.85,0
30806.11,48,0.0,0.0,0.2225,2,0,11.55,9177.5,5.2,1
66998.57,53,9501.32,0.1418,0.3631,5,1,6.05,11100.69,9.95,1
85615.02,57,34970.3,0.4085,0.0734,4,1,8.99,17500.5,11.63,1
79375.24,61,9287.25,0.117,0.3127,1,2,8.47,6434.08,15.91,1
50731.14,50,9112.65,0.1796,0.0715,4,1,9.98,3540.85,3.06,1
84814.52,28,11606.89,0.1369,0.5867,2,1,6.96,7711.59,7.34,1
57973.35,21,1549.24,0.0267,0.2181,4,1,6.37,31711.86,12.65,1
48258.28,32,0.0,0.0,0.3739,1,1,6.8,13254.15,4.32,1
42731.95,25,27630.57,0.6466,0.3642,5,2,20.54,15197.42,5.09,0
48950.61,44,0.0,0.0,0.1026,6,1,13.36,9962.0,5.58,1
47236.46,26,17967.26,0.3804,0.2004,3,2,3.54,25866.44,7.05,0
58408.32,45,25638.95,0.439,0.2109,5,2,6.67,18877.61,8.52,0
58211.48,21,0.0,0.0,0.0435,3,1,16.74,3674.51,1.31,1
55060.92,45,3908.78,0.071,0.3705,11,1,10.31,13260.96,2.31,0
63738.76,21,29558.15,0.4637,0.0582,4,2,14.64,8904.45,3.69,1
78812.93,52,21394.7,0.2715,0.4049,3,3,10.64,15289.35,9.12,1
73991.08,62,7592.57,0.1026,0.3372,3,0,8.44,19972.31,2.62,1
25302.04,62,29426.99,1.163,0.4744,1,1,18.06,2215.5,8.45,0
12000.0,23,29478.43,2.4565,0.0342,3,5,7.74,14871.93,5.46,0
73686.4,39,18228.63,0.2474,0.5791,6,0,12.16,5542.09,9.16,0
27662.43,63,4198.08,0.1518,0.0216,3,0,10.99,23331.27,2.49,1
50504.69,49,10038.62,0.1988,0.3718,3,0,2.96,19731.66,12.07,0
31597.74,22,18436.64,0.5835,0.072,8,1,8.8,500.0,4.59,0
18960.39,29,12736.86,0.6718,0.2355,3,0,7.76,2986.17,9.95,0
65829.25,37,26267.49,0.399,0.0717,3,2,5.71,1250.16,4.33,0
70183.1,56,0.0,0.0,0.1912,4,0,1.57,11507.51,5.21,0
43469.79,37,0.0,0.0,0.3526,6,1,10.57,14411.5,4.64,1
12000.0,32,17170.45,1.4309,0.3203,4,2,10.07,18331.59,7.78,0
44075.11,40,9101.47,0.2065,0.2074,3,1,13.27,10034.34,5.38,1
62836.08,23,7475.42,0.119,0.4892,2,3,3.34,9740.75,2.28,1
25421.77,63,0.0,0.0,0.0778,0,0,18.57,14274.33,2.49,1
58667.2,24,15234.55,0.2597,0.0669,2,2,4.11,37202.81,2.09,0
54693.8,37,14366.94,0.2627,0.0736,5,1,15.45,500.0,8.13,1
66585.83,57,22841.75,0.343,0.2319,4,0,4.18,500.0,2.02,0
57391.61,62,15826.87,0.2758,0.0549,1,0,17.3,7710.89,4.83,1
35538.62,35,13408.75,0.3773,0.2765,5,2,7.93,6250.46,1.47,0
78931.43,53,29124.01,0.369,0.2288,6,0,6.61,6097.08,6.43,1
51829.41,36,0.0,0.0,0.1846,4,1,7.56,11901.35,16.55,1
54453.91,31,21436.67,0.3937,0.0794,3,1,8.31,2637.8,5.25,1
36334.64,40,0.0,0.0,0.4344,1,3,14.16,7237.94,7.01,0
46134.35,58,4939.66,0.1071,0.2543,4,0,6.01,9643.91,3.48,1
37303.95,44,448.11,0.012,0.2349,5,0,16.63,9830.95,3.42,0
51541.08,36,24383.31,0.4731,0.1702,4,1,7.62,10870.43,7.84,0
89234.17,50,14215.08,0.1593,0.2874,3,2,27.73,10803.06,3.77,1
27561.98,54,14837.96,0.5383,0.5629,4,2,4.06,5540.4,7.85,0
22728.77,21,1719.2,0.0756,0.1344,4,0,11.24,9959.95,5.52,0
84423.41,44,11403.68,0.1351,0.1403,3,0,4.52,11959.68,1.76,0
50813.53,44,5838.42,0.1149,0.0946,4,1,3.74,19682.46,11.71,1
41618.55,29,19601.46,0.471,0.2922,6,4,9.81,500.0,0.87,0
75798.09,42,3106.91,0.041,0.3947,4,1,8.05,12195.82,1.99,0
42887.69,32,30957.53,0.7218,0.1107,3,2,7.57,13318.18,7.94,0
91520.19,37,0.0,0.0,0.2342,2,1,11.54,13474.95,4.01,1
68558.52,45,5321.76,0.0776,0.2111,7,0,5.02,13850.46,3.66,1
45241.77,48,35126.41,0.7764,0.3261,6,0,6.52,1495.14,6.64,0
98146.16,35,9778.34,0.0996,0.3384,8,0,4.42,13286.18,2.59,1
42885.7,50,0.0,0.0,0.1866,1,1,13.6,12846.4,3.18,1
69841.91,47,17628.86,0.2524,0.0825,6,2,6.7,16382.9,8.66,1
60985.85,42,9295.29,0.1524,0.0918,6,1,22.42,10669.02,13.87,1
81034.83,30,4969.56,0.0613,0.1493,2,0,28.44,7682.83,13.48,1
86230.22,51,1849.55,0.0214,0.2941,3,0,7.16,20009.74,6.28,1
55640.08,47,48220.48,0.8667,0.1114,4,0,6.77,2255.84,5.92,0
39931.64,32,11981.38,0.3,0.298,1,2,9.54,1008.26,5.11,0
64199.44,51,0.0,0.0,0.2872,2,4,4.47,2075.41,3.87,1
41445.69,52,32924.52,0.7944,0.672,9,1,8.31,14770.1,9.61,0
95267.74,52,22332.85,0.2344,0.521,3,1,10.55,6217.49,5.26,0
57730.71,61,5802.4,0.1005,0.7878,2,0,17.18,11110.57,1.9,0
47693.57,55,3802.57,0.0797,0.3296,5,2,7.14,23083.98,3.25,0
58693.61,41,23081.67,0.3933,0.3204,5,1,19.96,2581.18,5.06,1
28057.47,30,12036.98,0.429,0.1159,2,3,7.13,500.0,6.41,0
35567.72,36,0.0,0.0,0.5177,5,0,6.03,18638.15,11.08,0
79008.28,27,36446.88,0.4613,0.1587,4,2,9.24,5324.72,7.15,1
41862.11,24,9792.11,0.2339,0.1362,5,4,10.74,2626.39,5.78,0
34061.78,47,32946.86,0.9673,0.5324,6,1,20.52,11138.94,1.35,0
65733.06,45,30341.22,0.4616,0.4066,5,2,17.73,10471.07,9.2,0
78714.08,51,2987.89,0.038,0.1173,2,3,4.86,5057.25,3.85,0
69379.07,31,27398.28,0.3949,0.1396,5,0,7.23,16496.31,14.98,0
74920.95,40,7182.69,0.0959,0.163,4,0,18.5,5766.98,5.45,1
39864.1,56,0.0,0.0,0.2549,2,1,19.11,5402.57,7.91,1
26563.79,37,9904.82,0.3729,0.3722,3,0,10.09,500.0,1.2,0
85026.67,31,19771.65,0.2325,0.4383,5,1,20.29,500.0,7.85,1
48546.4,50,9447.16,0.1946,0.2607,3,1,37.48,13890.41,2.8,1
49983.34,55,11315.42,0.2264,0.2136,3,1,10.0,1433.36,7.4,1
81563.88,61,28722.79,0.3522,0.3712,4,3,12.54,10778.34,8.15,0
66124.6,58,16277.93,0.2462,0.2546,4,1,1.43,27420.35,6.1,0
64117.76,42,4880.42,0.0761,0.1273,6,0,8.49,15722.53,2.07,1
98300.05,63,23424.36,0.2383,0.5275,4,1,6.77,12225.31,7.97,0
42129.64,47,17372.11,0.4123,0.2259,5,3,12.27,15394.03,10.13,0
73556.8,57,0.0,0.0,0.1394,5,0,16.52,29259.93,12.54,1
56140.26,55,20140.23,0.3587,0.1921,8,0,5.69,500.0,2.53,0
60371.85,24,19701.94,0.3263,0.3955,6,0,5.43,10912.48,3.96,0
85569.37,36,15241.45,0.1781,0.1206,8,2,5.77,23796.62,13.2,1
65156.72,36,25700.41,0.3944,0.5228,5,1,24.19,14464.52,24.0,1
65765.92,41,6931.28,0.1054,0.3365,5,0,11.22,21636.56,1.44,1
76450.15,46,19038.0,0.249,0.3993,5,3,4.52,6995.06,1.37,0
47700.95,56,0.0,0.0,0.3495,4,0,15.12,1996.06,7.19,1
38215.81,39,19885.08,0.5203,0.1182,3,2,12.77,27290.29,13.25,0
34103.82,37,38436.72,1.1271,0.3544,4,1,13.43,12601.21,6.39,0
15672.87,46,3061.72,0.1954,0.0913,6,0,1.83,18607.96,3.31,0
96124.14,42,5882.37,0.0612,0.3405,6,1,5.44,19107.43,3.75,1
32935.83,48,6479.81,0.1967,0.1999,1,1,12.64,22236.16,4.72,1
50574.93,21,16559.98,0.3274,0.2043,1,4,6.88,14355.56,1.07,0
49463.73,64,2243.56,0.0454,0.1198,8,0,12.3,14703.41,2.99,0
61148.13,56,20054.97,0.328,0.2184,2,2,13.65,15979.29,13.85,0
71314.74,63,25162.08,0.3528,0.3294,6,1,6.87,6867.28,8.63,1
72209.47,57,21412.17,0.2965,0.0909,1,0,9.87,20403.49,6.85,1
43338.45,22,0.0,0.0,0.1484,4,1,7.93,7428.24,7.17,1
51657.57,37,26942.01,0.5216,0.2834,4,1,15.51,20851.4,6.38,1
60651.6,60,26248.41,0.4328,0.0266,6,0,7.92,18359.81,14.4,1
50026.18,58,24961.94,0.499,0.0513,6,1,3.89,500.0,1.81,0
87146.91,41,19474.11,0.2235,0.1298,6,3,13.23,18453.54,3.3,1
64819.5,29,17642.27,0.2722,0.2845,3,1,11.02,13869.02,7.06,1
69697.56,33,27388.67,0.393,0.3202,5,1,6.29,22670.99,5.6,0
68257.63,31,38082.16,0.5579,0.3484,6,1,5.81,25861.73,3.05,0
78469.48,36,3563.51,0.0454,0.3137,2,0,5.95,12886.34,4.03,1
58620.43,36,27937.5,0.4766,0.3366,1,2,7.22,14856.16,8.45,0
29063.36,22,13965.39,0.4805,0.1568,4,1,15.87,1733.85,5.45,1
62993.76,62,13443.92,0.2134,0.2666,2,2,17.02,10652.57,7.73,0
41972.86,64,0.0,0.0,0.3055,7,2,5.48,25246.68,3.23,1
44427.67,28,11582.53,0.2607,0.3709,4,2,11.79,12003.06,3.23,1
66727.28,63,3032.82,0.0455,0.0426,4,1,9.41,19419.89,5.56,1
79765.66,62,9433.75,0.1183,0.2317,2,1,8.46,11825.91,2.85,1
55425.43,33,1821.76,0.0329,0.3529,5,0,6.22,11065.57,4.12,1
61176.66,37,9613.1,0.1571,0.1356,1,0,8.97,16596.7,3.72,0
89044.3,59,10126.68,0.1137,0.1661,9,1,4.05,500.0,7.97,1
59815.06,44,16161.06,0.2702,0.1126,2,1,3.57,14973.45,10.07,0
107033.66,23,0.0,0.0,0.5431,5,2,7.74,500.0,1.69,0
66310.19,50,0.0,0.0,0.1337,1,1,10.82,11339.0,4.96,1
19784.74,33,19342.97,0.9777,0.1751,4,1,16.75,5317.27,4.15,0
70066.83,39,5430.74,0.0775,0.201,2,1,5.22,2758.41,6.57,1
62623.17,27,27894.36,0.4454,0.1069,5,0,10.79,23824.1,6.29,0
80795.06,29,17703.24,0.2191,0.2974,6,0,4.92,20956.82,6.9,0
68463.63,39,22281.15,0.3254,0.2301,6,2,10.88,9150.85,2.94,0
52230.88,60,31928.31,0.6113,0.6263,4,0,9.91,31025.24,3.85,0
30514.04,42,11283.47,0.3698,0.1586,6,1,10.31,19950.21,3.51,0
50819.53,38,8106.16,0.1595,0.0699,7,1,4.63,10735.04,17.67,1
37989.59,43,25460.43,0.6702,0.5272,5,1,1.4,500.0,10.0,0
43389.53,22,21114.16,0.4866,0.2314,0,2,11.9,11210.5,6.01,0
66771.57,31,12752.04,0.191,0.2026,1,3,19.36,6947.89,6.24,0
88398.09,51,31697.5,0.3586,0.2539,8,1,19.27,8300.14,2.09,1
62893.43,53,12453.07,0.198,0.4138,1,1,0.83,15308.1,3.15,1
31082.34,34,15393.28,0.4952,0.5898,5,2,16.02,6974.11,7.74,0
63892.05,36,15254.67,0.2388,0.0775,5,1,14.18,22567.57,4.94,1
78932.63,31,3784.87,0.048,0.6436,2,1,22.74,7759.5,7.07,1
42804.34,53,15931.02,0.3722,0.0868,3,1,13.18,3822.37,1.33,0
52319.66,27,31761.12,0.6071,0.5108,4,2,4.83,17196.58,1.61,1
55293.76,51,20339.62,0.3678,0.1081,5,2,10.8,11777.17,3.17,0
39302.03,34,15372.76,0.3911,0.2798,4,0,3.83,18842.47,8.08,1
67965.61,48,13058.79,0.1921,0.1501,3,2,8.94,13370.17,6.1,1
52581.04,63,18970.4,0.3608,0.2316,1,1,12.45,886.19,4.01,1
63390.65,36,23997.2,0.3786,0.4179,3,1,7.54,14431.92,6.74,0
37250.16,39,22310.87,0.5989,0.4118,4,1,5.68,4736.4,11.13,0
46250.83,37,11017.62,0.2382,0.3298,2,0,9.74,13170.23,3.47,1
69447.63,46,18897.38,0.2721,0.1353,5,2,13.57,7215.94,6.42,1
47543.34,26,20759.28,0.4366,0.3371,8,1,14.22,10356.19,4.76,0
89539.28,63,2913.66,0.0325,0.1533,1,3,19.0,12345.18,5.43,1
47007.28,29,17018.77,0.362,0.2772,1,2,9.34,17870.97,8.09,0
59493.69,37,0.0,0.0,0.361,3,1,4.81,7589.09,6.35,1
73651.82,51,20790.4,0.2823,0.1126,0,2,4.3,500.0,13.48,1
26632.69,32,22924.12,0.8608,0.1357,6,0,12.49,4347.13,16.19,1
19783.82,43,23970.55,1.2116,0.1265,4,1,17.81,13069.55,7.1,0
24486.87,25,10259.44,0.419,0.2419,10,0,7.04,21454.63,7.47,0
80251.68,63,18708.56,0.2331,0.3266,1,2,7.58,14397.62,7.27,0
43962.84,56,32087.45,0.7299,0.1906,2,1,16.23,19965.64,9.55,0
106163.99,56,31965.24,0.3011,0.5659,2,2,12.53,13261.15,10.8,1
43715.05,23,14649.93,0.3351,0.0981,5,5,5.5,13744.35,5.81,0
58691.03,44,16671.84,0.2841,0.3153,3,1,12.15,10063.58,6.39,1
85842.2,37,28330.93,0.33,0.5691,8,1,5.11,20395.32,5.45,1
95121.86,59,0.0,0.0,0.0407,3,0,6.18,25168.45,9.49,1
96230.07,46,11123.09,0.1156,0.1107,2,2,2.68,4283.16,12.17,1
79167.32,24,31026.85,0.3919,0.0757,5,2,6.08,13797.78,7.64,1
75481.25,32,26702.41,0.3538,0.1899,3,0,13.39,2464.57,10.12,1
66850.54,21,19431.17,0.2907,0.0854,1,2,10.85,25371.72,5.96,1
70567.22,41,0.0,0.0,0.1222,7,2,8.65,13367.61,6.56,1
43976.29,39,14401.08,0.3275,0.5102,3,2,4.84,11840.7,4.13,0
38636.02,41,7921.02,0.205,0.3423,4,2,11.25,2891.0,4.83,0
54932.51,38,18972.47,0.3454,0.4021,2,1,4.6,10196.68,3.51,1
51596.31,63,5287.84,0.1025,0.1799,5,0,6.31,11395.17,2.62,1
45935.44,23,2691.32,0.0586,0.4233,5,0,7.72,3407.58,2.83,1
68927.75,64,0.0,0.0,0.0993,1,2,21.92,13207.6,6.37,1
74106.1,52,29661.66,0.4003,0.2066,1,1,8.88,5130.47,6.93,1
56768.14,30,10202.75,0.1797,0.1627,4,2,14.72,15477.4,4.07,1
84550.6,60,16885.75,0.1997,0.4422,8,2,9.91,4111.21,4.02,0
32166.22,35,14973.14,0.4655,0.2476,2,1,17.09,13256.77,3.62,0
51126.81,25,2190.79,0.0429,0.2181,5,2,16.04,10450.49,4.75,1
40663.55,24,0.0,0.0,0.201,4,2,6.89,14411.06,4.28,0
17669.27,48,2936.22,0.1662,0.4134,2,3,11.42,13325.28,6.29,0
53346.39,24,6321.98,0.1185,0.214,8,1,6.5,12758.13,6.4,1
52565.05,35,19399.27,0.3691,0.0777,2,1,11.52,6082.95,0.63,0
85268.99,37,5451.39,0.0639,0.6164,4,0,18.19,16432.17,5.52,1
67616.23,64,35957.89,0.5318,0.3045,6,1,12.99,14298.87,4.99,0
34516.26,23,27325.81,0.7917,0.0481,2,1,11.04,17097.21,5.92,0
92081.85,30,24700.31,0.2682,0.2524,6,1,6.69,11797.32,8.28,1
79420.67,62,13564.09,0.1708,0.0555,5,0,6.84,10563.93,2.39,1
66641.95,43,33171.37,0.4978,0.1576,2,1,11.89,3880.48,2.13,0
50470.32,38,12383.93,0.2454,0.4899,2,2,12.64,6714.06,8.45,1
35811.22,21,14624.86,0.4084,0.345,2,0,3.47,8213.95,6.93,0
47555.86,55,17039.69,0.3583,0.1592,5,1,6.98,19691.43,12.81,1
76774.97,51,23421.88,0.3051,0.6116,5,1,10.09,2043.89,4.39,1
92691.73,64,22642.9,0.2443,0.0713,5,1,11.07,1284.76,10.0,1
85864.87,21,9298.5,0.1083,0.2021,7,2,12.58,11434.8,3.63,1
45223.01,23,8604.08,0.1903,0.2955,6,2,4.9,5869.15,7.19,1
32607.65,23,22678.84,0.6955,0.4555,2,3,12.34,8940.23,5.88,0
57817.72,57,23582.84,0.4079,0.2879,3,0,14.55,8482.94,0.13,1
19631.21,39,10279.79,0.5236,0.1963,4,1,7.94,6952.76,4.3,0
61463.35,49,0.0,0.0,0.0691,5,3,6.45,5895.72,3.36,1
52047.95,45,12512.21,0.2404,0.3269,4,1,15.6,4546.15,3.88,1
45679.27,53,22482.31,0.4922,0.1676,3,0,9.72,9044.14,2.65,1
23105.94,56,36665.0,1.5868,0.5704,3,0,7.41,500.0,5.1,0
65272.0,49,624.5,0.0096,0.1943,4,0,11.19,16845.27,9.44,1
44345.98,46,9881.14,0.2228,0.0456,4,1,3.47,4925.05,4.7,1
31601.66,24,10327.16,0.3268,0.1593,4,1,7.83,15625.5,10.59,0
12000.0,34,31269.66,2.6058,0.1198,1,0,15.36,6725.11,2.16,0
54449.7,47,14580.7,0.2678,0.2066,4,2,8.6,20299.03,1.66,0
90445.03,53,4112.08,0.0455,0.1709,6,2,3.63,12322.07,7.01,1
88225.18,42,21704.34,0.246,0.2504,3,0,11.18,3387.14,4.93,1
45858.07,23,10144.34,0.2212,0.136,5,2,10.77,31984.39,4.99,0
42955.76,43,307.35,0.0072,0.1697,4,1,7.16,8657.86,5.55,0
64375.49,41,4286.72,0.0666,0.4859,4,2,16.41,7547.61,3.56,1
35032.29,61,35808.5,1.0222,0.4388,3,1,19.36,8093.39,9.02,0
61035.84,43,19610.51,0.3213,0.3616,0,2,15.93,15183.58,5.35,0
70321.61,24,16293.12,0.2317,0.2154,2,2,11.59,500.0,3.93,1
79538.66,41,12001.28,0.1509,0.285,5,3,8.12,13087.06,7.61,1
52996.92,57,18505.79,0.3492,0.1146,1,2,3.01,500.0,2.09,1
50926.52,63,18362.83,0.3606,0.1301,3,1,9.66,11410.29,14.91,1
37440.35,51,18506.03,0.4943,0.1731,4,1,5.34,21012.89,4.7,0
38462.39,41,16378.14,0.4258,0.5485,3,0,5.55,7563.1,3.91,1
50470.42,46,25425.58,0.5038,0.1134,4,0,6.93,19101.5,16.44,1
62347.31,61,15277.25,0.245,0.3191,6,0,28.67,500.0,14.06,1
73271.69,55,3264.73,0.0446,0.4349,6,0,3.55,7026.75,6.3,0
38936.42,58,7650.93,0.1965,0.6472,4,0,11.39,2204.33,8.13,1
84853.77,44,0.0,0.0,0.5975,5,1,13.05,27265.58,6.92,1
49577.53,31,39321.81,0.7931,0.4353,3,1,5.84,8737.79,6.32,0
54572.65,61,25353.06,0.4646,0.2378,0,1,5.44,6796.5,14.32,0
40055.77,49,5039.15,0.1258,0.255,5,2,10.46,9937.88,7.1,0
12000.0,23,11617.86,0.9682,0.0892,8,4,7.72,12053.53,2.33,0
72680.91,21,7357.48,0.1012,0.0804,3,2,10.55,9031.75,19.12,1
69736.88,39,33510.57,0.4805,0.2176,4,2,5.46,2470.79,9.18,0
49373.45,42,0.0,0.0,0.4059,4,1,16.09,22794.72,10.1,1
56339.81,34,16373.71,0.2906,0.4102,2,2,10.67,20705.29,3.43,1
65318.78,34,13697.67,0.2097,0.443,3,0,6.16,14665.44,8.07,1
23749.08,64,24922.06,1.0494,0.3699,2,1,5.51,14238.94,6.51,0
44418.95,36,13751.89,0.3096,0.2121,1,0,13.84,13723.07,4.59,1
70885.29,53,0.0,0.0,0.2407,5,1,12.88,8346.91,1.09,1
29914.21,33,11986.59,0.4007,0.2764,2,0,9.85,7478.31,4.58,0
60871.16,58,3334.05,0.0548,0.0867,4,1,15.45,24752.17,10.89,1
27868.36,32,15954.95,0.5725,0.092,2,0,9.41,17000.84,9.63,0
64328.6,58,32210.12,0.5007,0.4142,4,4,5.14,1361.57,7.89,0
54287.17,59,0.0,0.0,0.1413,4,4,13.47,8386.69,8.06,1
22697.36,53,5397.33,0.2378,0.143,3,4,8.29,15901.17,7.66,0
78294.79,53,8367.68,0.1069,0.3456,3,1,4.83,14943.4,2.37,1
40308.17,49,10420.43,0.2585,0.0855,5,1,6.03,16223.38,6.69,0
38794.95,25,23881.51,0.6156,0.1955,2,1,15.8,500.0,1.85,0
59011.38,26,12917.47,0.2189,0.4346,3,1,15.56,14561.22,3.52,0
77972.75,51,19989.63,0.2564,0.3254,5,3,9.94,20923.69,9.92,0
34683.56,36,7490.72,0.216,0.066,6,1,11.1,500.0,7.27,1
56233.6,51,17759.09,0.3158,0.2477,5,0,7.79,25916.85,5.28,1
63576.33,45,24333.57,0.3827,0.052,5,1,15.01,14640.69,6.13,0
68862.11,53,6212.41,0.0902,0.0724,5,1,10.05,12877.81,9.47,1
58528.83,33,24376.3,0.4165,0.0437,4,1,11.34,4387.32,4.61,1
47659.44,30,15628.47,0.3279,0.3367,2,1,11.96,6905.28,5.13,0
38448.2,44,27545.52,0.7164,0.1372,2,2,6.63,8979.65,5.19,0
56722.88,30,12582.96,0.2218,0.1534,0,0,6.47,593.17,5.45,1
33557.22,61,19574.94,0.5833,0.1514,3,1,6.9,9481.35,7.87,1
12000.0,51,14512.73,1.2094,0.1096,7,1,5.64,4862.99,5.46,0
63731.2,33,13845.45,0.2172,0.1783,4,3,7.69,17463.66,8.71,1
73078.7,23,18107.17,0.2478,0.1969,5,1,19.91,500.0,1.84,1
12000.0,54,21441.69,1.7868,0.6437,1,1,9.81,10023.71,1.24,0
34805.39,48,5.22,0.0002,0.5391,3,0,6.09,4258.48,6.09,1
67383.09,39,32203.6,0.4779,0.416,5,1,13.27,12021.47,2.94,0
96149.91,43,0.0,0.0,0.2767,2,1,7.82,30830.68,20.67,1
55415.87,52,6782.25,0.1224,0.1953,3,2,13.91,25393.28,1.05,0
40439.94,33,13868.77,0.3429,0.5659,7,0,17.66,8040.2,4.69,1
51342.07,53,19948.27,0.3885,0.3074,5,0,5.82,10516.34,1.49,1
82497.53,54,33914.07,0.4111,0.2818,5,2,4.85,5297.34,3.23,0
42080.72,53,0.0,0.0,0.3288,1,1,10.81,10793.09,16.93,0
39016.16,25,8907.67,0.2283,0.5038,9,3,12.93,17889.17,4.75,1
45345.13,23,0.0,0.0,0.2719,6,0,10.06,1490.54,4.69,1
35933.43,27,15379.46,0.428,0.0838,3,1,11.56,24533.65,3.92,1
57453.41,44,18260.2,0.3178,0.0332,5,3,7.04,19315.43,3.54,1
87493.57,42,34089.55,0.3896,0.1188,4,1,15.13,18967.13,3.5,1
61461.59,43,16447.62,0.2676,0.3093,6,1,8.76,15059.77,9.01,1
49952.93,50,27528.3,0.5511,0.1525,4,2,6.58,4771.19,9.67,1
49163.77,38,22006.04,0.4476,0.3691,2,1,5.19,20096.81,3.03,1
23736.18,52,9777.02,0.4119,0.4275,5,0,14.01,9442.15,5.94,0
72662.2,27,0.0,0.0,0.3307,8,3,7.71,500.0,10.14,1
53443.26,53,18300.03,0.3424,0.1048,6,3,5.12,12636.63,5.68,0
51390.4,25,0.0,0.0,0.1364,3,1,6.47,2727.81,6.6,1
118862.15,48,30542.48,0.257,0.5986,3,4,11.63,7159.34,3.03,1
60975.06,28,13055.25,0.2141,0.5863,3,0,9.72,17653.69,3.26,0
39964.18,35,29342.13,0.7342,0.5983,4,0,13.68,11042.98,3.35,0
46472.85,24,9237.43,0.1988,0.4488,2,1,32.32,11700.42,5.42,1
77968.91,54,18226.21,0.2338,0.5824,9,0,6.47,21347.2,8.1,1
57265.41,25,17512.19,0.3058,0.0858,4,1,11.93,500.0,2.22,1
26234.44,53,14459.47,0.5512,0.1567,2,2,16.81,20999.11,4.47,0
73384.58,25,9808.09,0.1337,0.3746,3,4,9.56,13179.9,8.49,0
41637.12,58,19709.47,0.4734,0.1062,3,3,9.86,11446.82,4.55,0
92465.96,54,3886.04,0.042,0.2684,1,3,5.01,11698.24,6.08,0
76600.96,46,486.78,0.0064,0.1498,6,0,11.83,17118.3,10.84,1
46053.56,21,29913.92,0.6495,0.5554,3,1,14.64,20207.64,6.46,0
80620.33,24,23726.02,0.2943,0.2659,3,0,5.38,10108.73,2.91,1
56357.11,59,15790.7,0.2802,0.1693,5,2,7.37,10926.63,5.61,1
72055.47,46,34981.71,0.4855,0.5871,2,2,26.06,16871.57,3.04,1
64694.66,53,11786.81,0.1822,0.1413,5,0,17.58,500.0,7.95,1
38072.87,53,30872.44,0.8109,0.2811,6,2,11.43,11210.41,5.0,0
42129.0,28,17106.89,0.4061,0.4773,7,1,12.78,15984.66,3.39,1
75599.22,40,2702.99,0.0358,0.1091,6,1,7.7,8053.49,6.47,1
48304.49,36,37176.48,0.7696,0.2351,3,2,24.02,5611.12,7.26,1
46927.03,41,26888.53,0.573,0.0976,5,0,7.88,10781.32,2.2,0
35897.55,46,13547.75,0.3774,0.3376,4,1,13.99,7320.52,2.06,1
63471.98,43,23726.06,0.3738,0.4603,3,1,8.43,10034.79,1.34,0
96250.5,38,10155.56,0.1055,0.2067,3,0,15.14,8223.09,5.67,1
33649.34,51,24949.79,0.7415,0.2727,5,0,11.91,24493.09,4.01,0
55484.39,62,0.0,0.0,0.4459,4,2,8.53,2883.78,2.82,1
83244.41,32,2762.38,0.0332,0.169,3,1,11.98,18678.24,6.63,1
53407.17,21,26751.12,0.5009,0.1415,3,1,5.22,7302.17,0.62,0
64047.44,62,12004.13,0.1874,0.3149,2,5,14.27,14606.52,1.42,0
33752.13,29,17490.51,0.5182,0.292,3,1,4.25,17176.21,9.0,0
63566.14,23,0.0,0.0,0.1796,2,2,12.89,24243.2,2.92,0
51257.11,46,37174.4,0.7253,0.4437,2,1,12.05,15143.36,0.76,0
74714.6,29,29286.36,0.392,0.2872,2,2,13.85,8828.59,5.8,0
78747.72,62,12591.78,0.1599,0.3913,4,2,8.33,12526.19,3.32,1
106791.27,36,10143.65,0.095,0.4269,1,1,9.99,27347.81,2.45,1
66592.66,44,27355.25,0.4108,0.2034,6,1,1.69,13307.62,5.74,0
61515.93,34,38789.65,0.6306,0.2709,6,1,4.65,1537.41,1.87,0
58887.69,23,26445.12,0.4491,0.2654,8,2,10.24,8933.67,2.86,0
47936.67,54,41061.63,0.8566,0.1929,3,2,6.84,8727.58,8.11,0
61769.68,53,3931.78,0.0637,0.2236,5,1,4.42,17839.75,18.44,1
49091.97,44,5167.36,0.1053,0.452,3,0,9.88,2224.11,5.56,0
58369.22,29,732.71,0.0126,0.2698,5,4,13.89,7937.81,3.41,0
81351.95,33,20301.13,0.2495,0.1587,4,2,10.46,13708.17,5.1,1
34869.15,22,17107.24,0.4906,0.0885,5,1,4.77,9756.64,1.64,0
77797.57,27,13176.59,0.1694,0.0968,5,1,5.45,12727.36,4.03,1
81342.3,41,24711.1,0.3038,0.0911,6,1,5.08,13180.7,3.95,1
52638.63,39,29787.94,0.5659,0.5733,3,1,16.83,13715.92,2.77,0
12562.9,45,0.0,0.0,0.3934,3,0,4.53,4584.29,4.14,1
42843.56,42,7836.34,0.1829,0.272,4,0,7.18,18380.67,5.57,0
80939.89,31,24841.72,0.3069,0.5557,4,1,7.62,7717.72,5.06,1
54542.64,53,9387.14,0.1721,0.3369,1,0,5.48,11907.27,4.33,0
35013.96,52,5421.53,0.1548,0.0735,0,2,8.67,2304.94,5.18,1
44904.5,41,27222.45,0.6062,0.1097,8,2,4.17,12319.15,7.11,0
71812.4,59,0.0,0.0,0.2275,5,2,3.14,13521.42,9.04,1
65934.67,40,11381.04,0.1726,0.202,5,0,7.17,12289.84,1.67,0
50221.36,28,18943.73,0.3772,0.2975,3,1,2.5,5757.5,3.85,0
47663.51,62,8114.16,0.1702,0.4217,1,0,8.3,21023.5,6.03,1
47164.84,57,24397.87,0.5173,0.1777,7,0,23.99,16667.52,9.44,1
36551.8,29,8173.48,0.2236,0.7218,3,2,10.66,10888.8,1.25,0
87307.51,45,31903.43,0.3654,0.3393,0,2,3.07,10815.43,1.5,0
48553.59,45,13491.04,0.2779,0.3557,7,1,4.9,6094.84,4.43,1
79343.17,53,23055.24,0.2906,0.2561,2,0,8.07,7017.42,8.54,1
85426.32,22,23952.29,0.2804,0.4368,4,0,6.28,23654.84,3.39,1
74966.22,39,7469.52,0.0996,0.2695,2,0,5.96,9133.42,6.25,1
46367.59,40,0.0,0.0,0.1572,5,2,6.25,34111.31,7.54,1
63074.6,62,19329.07,0.3064,0.3139,4,2,19.91,2722.83,5.72,1
54516.09,61,15867.46,0.2911,0.3447,3,2,16.54,14950.2,2.59,0
36925.96,62,21669.91,0.5868,0.2087,3,2,5.66,13809.65,9.34,0
61487.19,49,12281.67,0.1997,0.1632,2,3,9.01,12290.02,14.71,0
31419.2,26,9834.87,0.313,0.2451,1,1,6.8,500.0,17.81,0
78753.59,37,39101.68,0.4965,0.289,5,3,3.17,1030.18,9.18,0
45707.65,45,0.0,0.0,0.3463,4,3,4.03,13564.58,2.96,0
59023.19,58,23807.41,0.4034,0.3905,5,1,8.58,3807.5,5.55,0
60665.76,24,8104.78,0.1336,0.3023,6,2,6.76,21672.4,7.49,0
49821.9,50,10970.66,0.2202,0.1967,7,1,14.78,10208.2,4.62,0
66733.88,40,11194.77,0.1678,0.3346,7,1,6.19,14040.05,2.94,1
45501.93,23,5358.79,0.1178,0.1938,2,1,8.42,11676.38,7.28,0
72425.95,43,21854.69,0.3018,0.1071,9,0,13.92,11454.42,5.8,1
28080.41,38,31687.72,1.1285,0.1732,6,2,18.23,24166.22,3.99,0
57527.59,46,20640.16,0.3588,0.2368,1,1,6.85,20674.69,4.11,1
93778.58,56,16240.58,0.1732,0.2996,6,0,15.96,13234.56,4.35,1
34993.37,28,3162.71,0.0904,0.2187,3,1,9.2,17399.65,5.87,0
41445.1,37,21201.9,0.5116,0.315,6,1,13.3,21384.91,3.07,0
65278.16,51,40876.2,0.6262,0.2642,6,1,6.96,7217.39,4.43,0
58591.64,57,10431.66,0.178,0.234,3,2,6.88,500.0,13.01,1
62012.6,53,10488.2,0.1691,0.0845,8,4,10.21,16424.16,6.61,1
64783.74,47,8266.93,0.1276,0.0629,11,1,3.79,21967.83,4.81,1
67694.43,24,9127.03,0.1348,0.1029,5,0,6.64,500.0,3.71,1
77194.0,42,0.0,0.0,0.1969,3,0,8.6,7149.48,3.46,1
63196.37,46,19860.42,0.3143,0.1394,3,2,9.14,10068.71,8.0,1
50174.85,52,4853.37,0.0967,0.2452,7,1,12.31,4140.11,10.82,1
68451.47,44,0.0,0.0,0.1165,0,1,4.04,10843.05,4.0,1
92997.64,55,24038.28,0.2585,0.2054,4,2,7.4,3092.11,8.08,1
52347.33,57,2015.79,0.0385,0.0828,3,2,5.74,9447.3,7.87,1
35509.41,52,10935.97,0.308,0.1282,7,0,13.86,17594.94,11.06,1
77141.61,27,32597.31,0.4226,0.3597,7,0,5.73,500.0,11.7,0
52592.38,53,0.0,0.0,0.3932,1,0,9.28,3591.2,5.2,0
12000.0,51,0.0,0.0,0.1577,4,2,5.69,23205.54,3.14,0
71948.43,32,18231.67,0.2534,0.1738,7,2,19.14,5405.43,5.91,1
44293.44,31,28793.85,0.6501,0.225,4,1,12.81,500.0,5.19,0
53189.33,44,0.0,0.0,0.536,3,4,6.54,13369.44,5.3,0
61639.61,28,19892.28,0.3227,0.2507,3,2,11.7,11401.98,5.17,1
58809.99,52,21971.99,0.3736,0.1304,4,0,7.36,13185.08,5.9,1
69189.04,58,0.0,0.0,0.4853,5,0,15.96,12459.09,2.6,1
46290.27,42,24582.02,0.531,0.0804,3,0,9.02,22183.32,6.31,0
65262.12,54,25519.27,0.391,0.2357,5,2,16.46,6375.51,1.81,0
49809.07,39,11258.57,0.226,0.5106,5,2,8.21,11249.55,5.83,0
69776.21,40,30028.16,0.4303,0.1104,8,0,13.53,8538.5,10.34,1
67307.35,34,28637.47,0.4255,0.2451,7,1,19.63,17410.9,4.46,0
36291.23,53,16237.42,0.4474,0.2358,2,0,18.88,18220.34,9.43,1
76719.64,30,9582.66,0.1249,0.6802,5,0,13.77,14979.23,4.56,1
44280.73,36,3326.07,0.0751,0.3806,2,0,18.5,29230.42,2.81,1
71161.16,24,14549.24,0.2045,0.4432,5,1,1.98,16426.44,10.79,1
62345.75,47,21837.11,0.3503,0.3149,2,1,13.08,22039.99,5.48,0
91763.67,48,11109.88,0.1211,0.3904,5,1,13.49,4917.02,9.17,1
50530.68,63,0.0,0.0,0.2292,2,2,4.82,6414.32,4.81,1
48013.66,36,30224.57,0.6295,0.3042,2,1,4.52,27842.69,6.83,0
54611.61,53,17282.68,0.3165,0.0886,4,2,16.26,1168.57,5.24,1
48936.4,39,10444.51,0.2134,0.0495,5,1,6.21,18142.8,3.94,0
70998.84,41,25285.9,0.3561,0.7361,9,1,13.56,22293.51,4.11,0
22673.79,42,33295.66,1.4685,0.6285,4,3,15.72,21404.38,2.3,0
33926.35,29,0.0,0.0,0.4885,4,2,12.57,500.0,1.2,0
33643.94,29,20211.16,0.6007,0.343,0,2,12.41,9193.53,4.07,0
74006.15,29,0.0,0.0,0.7108,2,2,10.57,16977.55,4.92,1
89212.27,47,20989.33,0.2353,0.2585,4,0,15.56,17936.11,4.26,1
52911.02,37,16535.13,0.3125,0.6151,5,0,8.85,11927.93,2.12,1
51623.57,64,22628.72,0.4383,0.454,5,0,10.5,6431.13,6.61,0
56401.04,28,9009.03,0.1597,0.4289,4,2,2.1,9812.11,11.26,1
78237.57,36,0.0,0.0,0.3147,2,0,7.21,7054.15,9.79,1
36452.94,38,9595.58,0.2632,0.4841,2,0,8.01,2058.21,7.1,0
59767.38,53,19882.17,0.3327,0.0977,5,2,11.17,9607.4,3.85,1
74503.95,21,27184.71,0.3649,0.4648,6,0,13.06,26794.37,7.97,1
65021.88,32,938.02,0.0144,0.4663,2,3,8.3,9769.05,3.72,0
58791.63,26,27324.73,0.4648,0.5834,3,0,7.29,500.0,1.82,1
75020.92,61,7225.53,0.0963,0.439,3,1,8.23,9130.59,4.72,0
12000.0,25,19349.4,1.6124,0.3422,6,1,4.55,25824.32,7.77,0
68557.51,36,8881.27,0.1295,0.4172,7,1,7.28,500.0,4.55,0
41918.49,38,17186.05,0.41,0.2748,4,0,5.99,11992.49,8.22,0
18387.34,38,25702.53,1.3978,0.1954,7,2,13.94,17901.93,8.18,0
65224.05,21,275.83,0.0042,0.2673,3,0,12.03,2872.36,5.04,1
82473.17,39,6841.13,0.0829,0.1547,3,3,6.97,13526.36,4.24,1
52251.03,28,17219.55,0.3296,0.317,4,0,7.13,4693.89,4.84,0
74057.49,23,43819.0,0.5917,0.4166,5,2,7.77,2193.95,3.1,1
87245.57,45,4641.72,0.0532,0.0879,2,0,7.16,16981.34,3.05,0
81298.29,25,39481.61,0.4856,0.3288,5,1,8.71,26584.44,8.13,0
87799.29,60,39053.08,0.4448,0.1752,4,0,15.52,8903.73,8.53,1
69842.55,39,13832.27,0.198,0.4318,2,1,2.98,16646.03,3.52,1
56508.67,38,11422.17,0.2021,0.3248,6,1,9.44,15869.94,4.34,0
22960.68,51,6695.22,0.2916,0.3366,6,0,8.29,13391.97,14.35,0
50078.75,53,14181.57,0.2832,0.06,6,1,5.92,6490.11,1.71,1
38135.07,38,0.0,0.0,0.21,2,1,2.86,3893.58,7.47,0
98418.85,59,14085.13,0.1431,0.2971,5,2,6.69,5622.52,12.07,1
51482.28,36,32962.56,0.6403,0.398,3,5,5.52,10570.03,9.22,0
57464.1,36,7666.98,0.1334,0.2722,3,0,8.94,8645.68,7.84,1
66029.71,58,12111.31,0.1834,0.3294,3,2,9.63,2807.26,9.49,0
55872.05,61,0.0,0.0,0.0488,4,0,3.14,10358.72,9.27,1
88901.02,27,19488.75,0.2192,0.2647,0,2,3.82,6914.36,4.49,0
42547.01,34,18173.78,0.4271,0.599,1,0,9.58,16455.69,2.06,0
58892.15,63,15764.43,0.2677,0.3617,3,3,8.39,8872.45,13.86,1
40150.59,45,12398.08,0.3088,0.1899,1,1,10.84,18750.01,3.72,0
28599.55,52,11486.9,0.4016,0.3298,2,1,9.6,13837.77,2.91,0
42764.62,58,21022.8,0.4916,0.2329,5,1,4.98,8026.74,3.18,0
54259.26,42,14654.2,0.2701,0.3726,1,1,4.15,10692.65,4.2,0
46413.96,36,18779.66,0.4046,0.4288,4,1,25.59,10919.11,1.66,0
41151.58,49,17579.79,0.4272,0.3715,4,1,12.1,13329.29,6.55,0
26873.65,36,28481.13,1.0598,0.3522,2,2,18.49,14888.15,9.95,0
53337.89,32,23123.93,0.4335,0.2145,3,2,5.42,8397.84,4.18,1
24905.59,37,17314.34,0.6952,0.1688,1,1,4.06,10091.79,6.0,0
70201.12,57,33221.06,0.4732,0.3572,4,5,5.17,12914.85,4.64,1
56648.8,47,20043.22,0.3538,0.1239,4,0,30.34,500.0,4.81,1
25848.97,45,30659.55,1.1861,0.254,3,0,15.08,16424.0,7.84,0
48815.82,33,22283.31,0.4565,0.4528,7,0,13.27,4370.25,5.77,0
39956.87,28,0.0,0.0,0.6698,5,2,14.11,9687.52,8.78,0
61383.49,25,30658.02,0.4995,0.4905,1,0,17.4,6581.1,7.19,0
81809.01,32,16622.11,0.2032,0.4851,7,2,10.38,17987.95,6.12,1
17496.55,61,14376.54,0.8217,0.0617,4,1,5.4,20197.81,1.77,0
57300.52,23,18376.18,0.3207,0.3518,5,0,5.25,11101.52,2.61,0
51797.34,55,10860.2,0.2097,0.3908,4,5,3.82,11204.99,3.0,0
68426.8,53,17724.35,0.259,0.1868,3,0,22.87,11688.76,1.06,1
59263.93,42,7897.49,0.1333,0.2658,2,0,6.22,11874.27,2.04,1
39960.61,64,30291.27,0.758,0.3623,4,2,5.64,20008.05,4.52,0
48618.92,29,13636.94,0.2805,0.1621,3,1,11.01,36083.28,1.83,0
39079.48,61,10408.99,0.2664,0.5103,3,0,5.2,10624.26,7.28,0
76520.14,38,3900.89,0.051,0.4258,4,3,9.86,16547.91,11.64,0
55426.23,49,18225.31,0.3288,0.2665,0,0,21.99,5226.03,3.33,1
93023.81,59,17245.29,0.1854,0.5119,3,0,9.37,5957.9,5.66,0
53786.78,47,19661.1,0.3655,0.0867,2,1,8.49,3838.03,5.4,0
40831.86,56,2672.98,0.0655,0.1782,5,1,5.73,22715.69,1.98,0
24725.71,37,0.0,0.0,0.3585,1,1,12.98,17628.61,16.53,1
18937.21,54,22507.1,1.1885,0.5238,5,1,11.15,8920.94,3.15,0
23317.28,23,32815.7,1.4074,0.323,5,1,17.17,13703.45,2.48,0
60342.53,25,2683.76,0.0445,0.3911,4,0,10.22,18115.87,11.17,1
65174.5,34,34073.3,0.5228,0.0905,2,1,11.19,21568.03,12.2,1
23376.19,23,18406.93,0.7874,0.3909,3,0,7.07,15268.03,2.2,0
72900.77,43,14915.25,0.2046,0.5039,3,6,9.03,12735.65,7.79,0
45338.78,59,10229.42,0.2256,0.5667,3,1,13.41,22551.87,12.72,0
57935.86,50,0.0,0.0,0.1657,3,1,18.49,3172.05,0.81,1
87244.41,43,26852.74,0.3078,0.1996,4,1,12.13,500.0,2.46,1
72936.79,47,5692.72,0.0781,0.2707,2,3,9.86,22049.56,7.75,1
49629.39,30,5642.32,0.1137,0.5316,4,2,23.54,8406.07,2.57,1
37176.16,45,26903.12,0.7237,0.0377,3,1,4.15,22695.79,16.66,0
12000.0,33,0.0,0.0,0.093,2,0,10.11,27356.01,2.4,0
40616.93,36,0.0,0.0,0.1628,5,2,8.55,26831.32,4.92,0
50777.4,61,14782.39,0.2911,0.2816,2,2,3.15,500.0,5.56,1
35256.41,54,18519.41,0.5253,0.2602,3,2,5.32,18407.93,1.66,0
52374.86,57,20816.82,0.3975,0.1921,5,1,10.42,7928.67,5.57,1
56537.04,42,11378.42,0.2013,0.1034,5,2,17.84,6780.79,13.52,1
50502.88,37,45364.44,0.8983,0.3651,3,0,11.24,14975.91,9.8,1
41999.95,43,12265.29,0.292,0.2668,4,4,7.53,6986.74,3.38,0
58373.09,56,12230.57,0.2095,0.2721,1,1,10.41,17994.15,9.79,0
63838.81,29,5436.16,0.0852,0.5369,5,3,9.49,22570.64,14.33,1
33192.02,22,16486.88,0.4967,0.2573,3,2,5.76,10383.94,1.81,1
83218.65,52,22379.53,0.2689,0.2805,0,3,7.41,14871.63,3.18,0
53028.24,42,29442.94,0.5552,0.3255,2,0,9.04,8335.96,3.97,1
55376.99,63,0.0,0.0,0.3472,4,3,7.04,15744.02,16.46,1
69164.29,33,12048.06,0.1742,0.1753,3,2,6.63,23337.74,4.33,1
59664.32,28,20360.44,0.3412,0.6528,4,1,7.34,15279.76,9.78,0
74062.73,21,22044.69,0.2976,0.1074,3,0,10.14,11047.47,7.11,1
60742.48,37,15078.58,0.2482,0.4603,6,0,7.66,22483.89,5.6,0
42751.25,32,21509.09,0.5031,0.4087,3,1,6.46,8744.69,3.66,0
62230.07,24,5292.43,0.085,0.2408,9,0,4.85,8942.45,3.97,0
32125.48,33,33694.87,1.0489,0.2647,2,2,9.43,6686.69,7.52,0
57171.19,51,26911.54,0.4707,0.0801,4,1,3.82,500.0,7.24,1
54335.4,61,0.0,0.0,0.4683,2,0,8.26,5119.6,3.23,1
50837.66,27,2098.76,0.0413,0.2991,1,0,2.78,12440.1,6.08,0
52429.25,43,2436.94,0.0465,0.385,4,2,5.19,13833.61,3.12,1
17363.02,44,23135.64,1.3325,0.5673,12,1,12.2,4258.67,3.16,0
44025.5,25,0.0,0.0,0.1015,4,1,6.34,7917.89,6.05,1
56856.9,25,11027.71,0.194,0.2201,4,0,8.42,500.0,2.95,0
58197.13,37,20456.45,0.3515,0.4279,4,2,12.34,29496.94,6.47,1
34446.5,50,14206.01,0.4124,0.2175,4,1,6.89,23733.89,11.72,0
80314.16,29,18106.65,0.2254,0.2764,2,1,3.38,6273.75,1.64,1
37676.5,26,2210.37,0.0587,0.367,4,0,25.53,13100.24,3.83,0
74389.14,45,22138.25,0.2976,0.1479,5,0,9.04,4962.82,2.19,1
63543.89,39,7641.46,0.1203,0.4565,6,2,11.96,20195.28,4.69,0
42075.45,36,11104.56,0.2639,0.3543,3,0,5.72,17144.53,3.65,0
90506.22,41,17852.78,0.1973,0.4349,2,1,14.42,1486.07,6.8,1
31127.26,22,16236.94,0.5216,0.2688,6,3,8.78,4207.01,7.91,0
73383.08,30,15287.76,0.2083,0.2324,2,0,11.08,11443.14,2.22,1
75011.65,36,5992.48,0.0799,0.4852,6,3,9.4,23074.47,5.8,0
41587.6,57,11405.41,0.2743,0.057,3,2,7.81,8967.21,3.62,0
82849.31,35,15026.2,0.1814,0.2217,7,0,7.82,22460.34,1.98,1
49999.07,33,0.0,0.0,0.1359,4,1,17.46,14487.06,2.67,1
60773.87,33,9449.6,0.1555,0.3092,3,0,12.69,5339.21,6.39,1
60206.44,52,19652.16,0.3264,0.2046,2,2,10.04,8655.12,9.69,0
52313.83,28,0.0,0.0,0.3639,4,1,11.38,17059.03,8.14,1
71216.17,63,28878.98,0.4055,0.1933,1,6,9.85,18727.9,7.87,0
70869.77,38,30235.36,0.4266,0.3015,8,1,12.31,19453.84,6.58,1
20029.36,56,58.19,0.0029,0.1415,2,2,9.39,13712.89,5.81,0
81086.8,46,31291.44,0.3859,0.2997,2,4,6.99,15566.24,4.11,0
21750.16,30,13277.02,0.6104,0.0632,5,0,18.02,30052.61,7.24,0
75650.92,51,20022.17,0.2647,0.4815,1,0,7.27,31256.44,10.23,0
77534.1,53,9040.19,0.1166,0.3675,5,1,4.74,12378.98,9.27,0
33180.67,49,26076.54,0.7859,0.5226,5,2,16.56,500.0,8.08,0
46783.71,25,19873.13,0.4248,0.2574,3,2,18.98,13034.56,4.02,1
32885.91,33,5230.16,0.159,0.5789,1,0,5.93,12927.48,10.61,1
50701.58,21,1017.58,0.0201,0.5074,4,1,7.12,1900.41,5.24,0
48839.31,43,0.0,0.0,0.3678,5,3,13.27,12996.82,4.21,1
70593.21,60,17255.3,0.2444,0.3973,3,2,7.52,3641.41,3.46,0
81206.17,23,21869.66,0.2693,0.0623,4,1,2.11,15014.16,3.1,1
82913.68,23,22811.59,0.2751,0.2778,4,0,9.06,16759.76,5.65,1
43756.64,27,13584.23,0.3104,0.3331,4,1,9.78,16215.41,19.58,1
50815.56,56,1116.04,0.022,0.0745,8,2,5.63,19913.7,13.73,1
21331.24,55,6815.1,0.3195,0.2807,4,0,9.77,15754.81,13.67,1
38882.6,35,28828.18,0.7414,0.3198,4,2,16.1,18309.07,8.83,1
74297.03,60,9184.46,0.1236,0.1397,9,0,15.95,22335.45,4.37,1
87311.66,23,16721.01,0.1915,0.3238,3,2,3.69,8464.57,3.44,1
30313.02,49,2092.19,0.069,0.2623,4,0,6.97,10848.81,8.09,1
43150.71,50,19039.0,0.4412,0.3378,5,2,5.47,9157.44,5.02,0
54471.88,59,9507.79,0.1745,0.3049,4,0,18.8,6037.72,8.68,1
60603.22,38,27560.55,0.4548,0.1806,3,1,4.35,9613.57,3.73,0
38807.93,31,24282.69,0.6257,0.2476,2,3,5.88,18679.59,2.05,0
63481.22,63,9051.53,0.1426,0.3526,7,2,8.98,17817.21,11.74,0
45523.21,58,13480.03,0.2961,0.1518,3,1,1.55,500.0,6.96,1
54710.95,60,8386.61,0.1533,0.3902,2,1,2.3,25723.68,7.71,0
65925.68,21,0.0,0.0,0.1642,6,1,14.82,18776.56,5.35,1
55128.45,49,4710.69,0.0854,0.3744,6,2,9.61,13820.98,2.13,0
46272.28,30,17378.61,0.3756,0.4575,6,1,5.83,950.46,0.97,0
52807.8,48,18903.11,0.358,0.1323,4,0,9.4,2517.35,14.18,1
53232.74,51,16782.57,0.3153,0.2913,4,0,7.44,24024.14,6.25,0
47599.78,39,11379.2,0.2391,0.3818,4,0,5.5,20035.94,6.47,0
49824.08,23,26196.8,0.5258,0.3797,1,1,13.88,21029.18,8.12,0
86972.94,56,15762.5,0.1812,0.2785,6,0,7.34,10939.01,1.85,1
66218.39,63,23439.05,0.354,0.0788,5,1,6.86,22452.87,7.56,1
49090.39,35,0.0,0.0,0.4163,7,3,6.48,1043.14,2.57,1
68939.09,53,0.0,0.0,0.3354,2,0,7.47,2132.83,15.56,1
48323.61,61,18405.46,0.3809,0.3202,2,2,12.6,20069.34,8.32,1
78462.49,63,0.0,0.0,0.3308,7,0,11.46,4659.08,2.85,1
62392.84,46,12450.58,0.1996,0.4993,4,2,14.25,11680.96,2.63,1
52853.96,36,11374.84,0.2152,0.313,3,2,13.8,500.0,8.7,1
63954.34,56,34048.81,0.5324,0.3332,5,1,4.93,500.0,3.09,0
23582.48,53,19799.96,0.8396,0.1748,6,2,4.01,3827.3,2.42,0
32464.65,40,16990.31,0.5233,0.3926,2,1,7.97,8969.4,4.77,0
31121.5,33,25043.89,0.8047,0.0896,1,2,8.65,4601.16,8.46,0
57858.86,53,19421.97,0.3357,0.3824,2,2,4.83,16963.72,1.68,0
89650.3,25,9507.88,0.1061,0.1979,2,3,10.62,20087.17,7.54,1
99626.0,57,27857.71,0.2796,0.3691,8,1,20.22,16880.7,3.62,1
67761.02,34,1683.0,0.0248,0.0926,4,3,24.14,2747.64,3.62,1
65016.89,47,18878.97,0.2904,0.0199,4,0,7.54,16197.96,3.21,1
18978.85,43,0.0,0.0,0.4122,6,0,26.97,2174.15,1.53,1
44146.52,34,17447.33,0.3952,0.208,4,0,7.96,26906.28,8.61,0
39244.32,60,17315.88,0.4412,0.4669,5,2,4.14,12390.44,13.74,0
42583.05,24,35117.46,0.8247,0.3646,4,1,20.08,5153.04,4.16,1
51637.12,59,0.0,0.0,0.4107,6,0,3.1,12423.11,4.43,1
45558.19,39,7789.35,0.171,0.3247,4,0,7.79,13345.68,3.31,1
15414.0,24,24872.19,1.6136,0.3725,3,1,11.39,17660.18,2.61,0
69958.21,50,19023.81,0.2719,0.2478,5,1,9.13,500.0,6.44,0
33545.14,39,17163.66,0.5117,0.1498,3,0,12.35,6430.71,1.86,1
59784.94,51,3526.37,0.059,0.1043,4,2,7.82,15852.67,1.29,1
96481.65,51,7910.18,0.082,0.1508,1,2,14.2,18230.36,3.73,1
36612.31,29,29940.49,0.8178,0.3684,5,0,16.65,38163.94,4.69,0
12000.0,33,14381.89,1.1985,0.5533,2,2,8.67,23026.82,2.73,0
49279.92,34,19504.32,0.3958,0.1515,2,1,12.92,6490.65,2.93,1
77019.19,30,13617.74,0.1768,0.3479,4,1,11.31,26194.03,5.84,1
94166.95,51,802.97,0.0085,0.213,2,1,11.33,16639.43,10.41,1
30409.01,57,26205.73,0.8618,0.2647,3,1,4.18,22931.95,2.0,0
64933.98,43,21038.79,0.324,0.1915,1,2,13.27,15734.05,0.9,1
45693.79,47,42667.64,0.9338,0.1833,4,1,12.4,23496.62,2.65,0
52881.03,26,2813.02,0.0532,0.3979,5,3,9.9,20662.9,0.95,1
107886.87,46,24870.88,0.2305,0.0557,4,2,8.69,16418.35,2.8,1
24940.59,22,0.0,0.0,0.2835,4,0,4.95,8493.33,3.32,1
60074.79,33,16888.16,0.2811,0.1028,4,1,2.81,8467.64,4.41,1
64353.86,39,26718.08,0.4152,0.3085,5,0,14.18,4400.33,2.59,0
76715.73,21,0.0,0.0,0.3875,4,2,9.59,11404.9,5.37,0
56959.66,60,12540.81,0.2202,0.402,3,3,4.98,20857.8,1.78,1
61161.01,52,8241.48,0.1348,0.1467,1,1,11.05,16648.27,2.99,1
47167.03,42,6576.51,0.1394,0.0801,3,1,7.71,5799.27,1.3,1
60382.54,49,19622.55,0.325,0.0169,5,1,7.12,19744.96,3.5,1
48136.15,22,28448.23,0.591,0.0762,7,2,1.97,2591.68,18.62,0
67431.44,60,13400.66,0.1987,0.601,4,4,10.24,14659.44,3.84,1
47607.79,58,17465.84,0.3669,0.4475,0,2,5.62,23158.7,1.26,1
62542.01,31,16371.71,0.2618,0.3631,5,0,14.84,2591.31,3.31,1
54414.74,37,15021.64,0.2761,0.0392,2,0,16.19,13364.13,6.68,0
77521.01,63,1927.89,0.0249,0.2526,4,0,8.36,6410.97,3.77,1
53972.13,28,28301.34,0.5244,0.1425,3,1,15.65,25026.98,1.79,0
19539.35,42,18542.34,0.949,0.1615,3,0,4.85,29997.09,5.26,1
80238.43,24,19738.58,0.246,0.3257,3,0,4.11,16442.36,2.16,1
36885.35,31,5321.88,0.1443,0.5291,4,2,6.06,19025.72,6.26,0
41924.67,28,9489.36,0.2263,0.5429,2,1,5.78,22930.78,11.28,0
43086.77,29,12886.39,0.2991,0.6741,2,2,4.5,18119.39,2.09,0
82488.76,46,0.0,0.0,0.2,4,4,8.89,5412.99,1.21,1
12286.52,22,0.0,0.0,0.1821,7,1,25.49,8441.37,1.62,1
117754.97,36,7791.02,0.0662,0.3363,6,1,15.22,8384.23,6.47,1
76121.14,51,21270.25,0.2794,0.281,4,0,9.45,500.0,1.27,1
59464.78,26,7162.35,0.1204,0.311,6,0,6.29,19822.93,1.47,0
53902.12,41,2774.34,0.0515,0.1258,7,2,14.19,1986.14,10.69,1
60711.08,46,5223.77,0.086,0.202,2,3,5.24,18628.85,1.06,0
65422.45,39,9535.89,0.1458,0.3089,0,2,9.72,6185.03,2.01,1
67904.31,48,10753.69,0.1584,0.2949,4,3,13.27,10221.66,10.88,1
66112.09,28,40986.26,0.62,0.3977,5,2,2.59,16464.83,4.08,0
56791.61,34,27655.45,0.487,0.3988,3,2,13.04,24220.38,2.61,0
51053.23,44,27297.29,0.5347,0.106,6,2,7.49,18955.7,8.14,0
51974.53,64,29022.96,0.5584,0.1385,5,2,4.93,11056.84,1.68,1
51101.83,57,3014.15,0.059,0.1904,4,1,20.47,11726.41,2.98,1
77675.4,46,331.62,0.0043,0.2891,3,2,5.64,2583.48,8.74,1
66871.13,51,1717.56,0.0257,0.1027,2,1,20.75,17093.83,4.64,1
12000.0,52,31014.07,2.5845,0.1111,4,1,8.85,11343.6,3.64,0
68118.02,61,8433.7,0.1238,0.2702,4,2,5.89,4556.75,3.33,1
58894.72,22,0.0,0.0,0.182,4,0,6.04,18225.86,3.88,1
54625.82,45,9828.05,0.1799,0.558,5,3,5.52,23354.04,1.96,0
47229.63,64,12136.73,0.257,0.0805,4,3,14.21,10573.28,1.4,1
77482.25,22,18220.96,0.2352,0.6455,6,1,28.11,7500.17,0.97,0
73950.53,62,18011.41,0.2436,0.1326,6,2,8.03,7374.38,7.15,1
39542.45,21,5061.83,0.128,0.3903,4,1,8.12,15213.18,6.87,1
63141.05,56,23227.88,0.3679,0.6441,2,1,3.39,2460.94,11.26,0
35566.87,32,7329.68,0.2061,0.1584,2,1,13.64,12604.19,3.54,1
27407.64,29,13124.68,0.4789,0.3575,2,0,8.23,8751.88,6.7,0
42465.66,56,23241.29,0.5473,0.1711,4,0,8.03,16043.66,8.87,1
72247.87,61,7298.14,0.101,0.3181,4,1,23.47,16654.79,3.3,1
74062.5,48,8167.78,0.1103,0.3832,9,0,6.03,3018.4,2.74,1
65261.71,58,22100.02,0.3386,0.3684,7,0,3.44,17341.78,6.13,1
69501.92,53,4707.2,0.0677,0.0523,0,0,17.83,15662.16,6.34,1
65323.57,62,10382.5,0.1589,0.1368,6,1,6.47,10475.27,3.28,1
42170.37,42,21668.91,0.5138,0.0644,3,1,4.73,8555.98,4.56,0
63638.45,45,39649.11,0.623,0.2358,7,1,12.12,8602.01,11.75,0
71008.19,38,22264.85,0.3136,0.6496,3,4,2.29,10630.74,8.63,0
70085.83,26,20671.68,0.2949,0.5782,4,0,7.22,4549.48,10.4,0
78778.27,38,21369.62,0.2713,0.2381,4,0,4.93,6525.22,2.13,1
69166.08,36,2121.72,0.0307,0.1211,3,2,10.13,13634.71,3.97,1
62028.96,35,16387.16,0.2642,0.654,4,3,8.73,7427.52,4.46,0
76403.0,28,14642.8,0.1917,0.6277,4,1,13.04,19025.38,3.57,1
54469.57,33,18859.01,0.3462,0.19,1,3,3.78,10949.69,2.04,0
37362.51,63,16398.1,0.4389,0.1202,8,0,14.65,8200.89,0.41,1
51738.66,27,19556.4,0.378,0.234,4,2,10.86,14652.11,14.54,1
40101.95,37,11262.39,0.2808,0.0838,9,1,6.86,8752.56,7.23,0
41496.43,52,15703.31,0.3784,0.1952,1,3,12.57,5762.29,4.9,0
52109.63,42,266.06,0.0051,0.0479,5,2,16.47,9296.46,2.8,1
39151.6,33,11161.11,0.2851,0.1416,6,0,16.31,500.0,3.67,0
48840.77,43,31690.0,0.6488,0.1936,3,0,11.1,500.0,0.52,0
17127.71,49,18825.7,1.0991,0.4893,6,0,7.52,4637.47,6.44,0
59265.87,42,14748.95,0.2489,0.28,3,3,7.07,2450.58,8.17,1
55024.11,21,37753.48,0.6861,0.205,7,2,7.95,17200.77,7.84,0
38658.23,49,0.0,0.0,0.1803,4,2,6.9,22078.75,7.98,1
68184.91,25,1686.53,0.0247,0.6239,2,3,8.58,14598.36,9.62,1
73751.4,55,35552.54,0.4821,0.132,2,2,5.09,500.0,3.29,1
22848.8,30,15551.53,0.6806,0.0295,5,2,16.06,721.84,6.25,0
39745.5,39,12089.0,0.3042,0.455,4,1,7.69,14801.31,2.61,1
39617.15,57,609.55,0.0154,0.2196,4,1,10.64,10626.51,4.57,0
36201.94,27,20372.36,0.5627,0.1767,3,0,8.13,500.0,14.76,0
71589.5,55,21533.52,0.3008,0.159,5,0,11.43,5141.4,7.25,1
51123.48,33,1866.07,0.0365,0.2886,4,1,8.28,3401.55,5.29,1
49709.7,30,13316.69,0.2679,0.4299,6,0,3.64,23656.17,3.78,0
14922.75,22,10973.81,0.7354,0.424,7,1,9.18,17642.22,9.07,0
67708.36,26,18071.73,0.2669,0.347,4,2,4.38,9700.1,2.94,1
30214.83,28,1569.0,0.0519,0.4849,4,1,11.87,13829.93,13.29,1
56198.65,56,30023.37,0.5342,0.1285,2,2,17.3,13166.35,4.46,0
60547.54,45,25989.89,0.4292,0.0236,6,0,7.8,12633.47,7.46,1
82213.17,64,10641.89,0.1294,0.5244,3,1,15.71,26613.13,1.08,1
28823.59,60,12402.98,0.4303,0.2021,2,1,4.92,23270.24,4.99,0
12000.0,27,13362.93,1.1136,0.4753,2,0,13.08,24199.21,3.37,0
58676.99,43,5660.3,0.0965,0.0733,0,2,10.65,14646.3,2.06,1
91010.22,39,9678.85,0.1063,0.2878,3,0,27.54,9297.5,8.99,1
79778.93,42,11756.76,0.1474,0.1505,5,1,9.0,2074.69,6.55,1
59193.19,33,34354.42,0.5804,0.269,2,0,7.35,4037.53,7.88,1
45167.28,41,26359.42,0.5836,0.3583,7,1,15.49,20112.81,7.28,0
71142.45,21,26215.86,0.3685,0.3957,2,0,20.78,1805.9,10.83,1
35529.08,39,19439.11,0.5471,0.2258,8,0,16.52,10563.97,3.32,0
64527.16,53,1592.08,0.0247,0.1176,5,3,12.35,918.41,4.18,1
65109.4,24,14502.11,0.2227,0.2217,5,0,9.63,11221.37,5.39,1
76204.2,62,26645.86,0.3497,0.5579,1,2,11.67,3509.03,5.34,0
110193.2,23,0.0,0.0,0.2827,2,4,8.72,17311.91,5.31,1
62848.32,47,22638.64,0.3602,0.0547,2,1,7.35,10048.46,7.65,0
44820.73,61,42871.31,0.9565,0.1897,3,3,2.82,5528.31,15.19,0
54488.51,55,27741.8,0.5091,0.3106,3,0,8.23,4349.36,2.87,0
19618.48,48,31968.35,1.6295,0.5237,4,1,7.86,13070.41,11.77,0
41105.74,26,17620.07,0.4287,0.6057,6,0,9.64,12405.7,6.11,1
46814.35,26,26615.18,0.5685,0.3928,3,2,8.8,7582.0,14.51,0
44518.23,64,6385.76,0.1434,0.1687,4,2,17.06,9454.65,4.12,1
58047.1,43,24550.37,0.4229,0.1567,4,0,5.66,8057.24,2.55,1
38551.6,53,22852.66,0.5928,0.2592,6,2,9.23,500.0,0.86,0
77420.61,36,18478.93,0.2387,0.2717,5,5,11.3,11688.3,13.72,1
55004.14,44,30792.09,0.5598,0.1726,3,0,12.26,500.0,14.01,0
54813.99,25,8534.58,0.1557,0.0667,5,1,23.36,4900.83,2.39,1
48442.11,61,12755.31,0.2633,0.3504,1,0,7.62,14566.8,5.58,0
58103.81,62,16145.54,0.2779,0.1645,3,2,18.69,10083.19,4.95,1
71501.97,33,2644.67,0.037,0.3698,5,3,12.89,24224.21,8.59,0
37657.4,32,17723.18,0.4706,0.3379,6,3,6.41,5621.71,5.05,0
41837.67,25,0.0,0.0,0.5069,9,3,7.11,8710.48,1.3,0
48925.48,57,27563.45,0.5634,0.624,7,0,9.1,13298.03,5.04,0
28082.58,51,15559.65,0.5541,0.0847,4,1,8.31,11702.74,3.91,0
38614.84,48,8749.29,0.2266,0.1171,7,1,5.52,20381.23,3.41,1
45475.58,48,4987.52,0.1097,0.5786,3,1,2.03,17120.92,2.07,0
72487.78,50,12185.05,0.1681,0.4361,4,1,11.02,23105.55,4.9,0
60251.23,38,23259.12,0.386,0.1113,3,5,21.65,500.0,5.93,1
58871.8,64,21572.87,0.3664,0.5934,1,1,27.02,18290.14,5.51,1
72017.96,47,6533.54,0.0907,0.0751,3,0,20.47,4149.17,6.29,1
52252.56,55,4847.52,0.0928,0.0946,4,1,5.95,15556.82,11.3,1
62809.3,46,22882.78,0.3643,0.2245,2,1,6.3,10049.51,3.44,1
52935.56,59,6331.83,0.1196,0.4436,4,0,13.31,6490.38,3.47,1
60307.25,38,15718.92,0.2606,0.1928,4,2,4.77,21391.82,1.68,0
43344.83,53,16485.06,0.3803,0.3371,1,0,11.34,500.0,5.82,1
12000.0,45,18744.75,1.5621,0.0421,6,1,7.81,26503.15,6.23,0
52314.42,51,25299.25,0.4836,0.6978,4,2,5.67,17049.32,6.96,0
83454.96,57,0.0,0.0,0.1746,5,0,2.67,13352.77,3.01,1
73524.31,22,0.0,0.0,0.3443,3,1,8.52,10811.26,4.58,1
74307.95,53,8190.63,0.1102,0.2918,1,0,8.15,9035.18,7.95,1
79722.61,59,36618.34,0.4593,0.2849,7,0,17.86,15747.98,8.42,0
56773.15,63,39266.09,0.6916,0.108,5,2,13.82,849.99,1.78,0
58946.31,63,36974.13,0.6273,0.0466,4,2,10.62,500.0,12.95,1
42646.96,52,12684.22,0.2974,0.1615,2,0,17.03,12685.62,6.66,0
48678.54,38,0.0,0.0,0.3656,4,0,4.52,6032.82,9.26,0
67315.42,37,0.0,0.0,0.179,3,2,8.76,4671.76,4.74,1
79077.69,54,7631.54,0.0965,0.4251,5,0,11.51,500.0,11.31,1
52211.07,59,12623.12,0.2418,0.4124,4,2,16.13,21633.81,3.51,0
45996.21,27,30607.5,0.6654,0.0596,3,1,19.25,26564.91,7.22,1
55010.56,62,25413.67,0.462,0.2166,3,1,9.52,11586.19,9.71,0
67024.13,55,17728.86,0.2645,0.3341,5,0,7.06,10754.76,8.47,0
26122.9,50,4321.86,0.1654,0.1401,3,1,31.72,15385.15,1.97,1
12000.0,32,3470.65,0.2892,0.5028,2,1,12.52,14907.12,10.22,0
43989.26,55,18049.53,0.4103,0.2238,5,0,10.7,7838.29,11.89,1
30585.75,31,23364.61,0.7639,0.0739,6,0,8.81,21703.72,10.75,0
44837.2,64,19702.58,0.4394,0.506,4,0,8.95,21058.85,3.93,0
52044.39,24,2584.82,0.0497,0.3135,2,1,6.36,17943.27,5.05,1
45935.03,45,22808.01,0.4965,0.2809,5,1,10.21,26224.95,2.58,0
84049.35,52,20110.93,0.2393,0.2415,3,1,9.1,18194.29,3.37,1
61534.9,40,2152.0,0.035,0.0995,3,0,7.94,6750.37,5.14,0
61009.49,51,5588.15,0.0916,0.1648,3,0,4.97,12632.54,6.22,1
67444.14,24,23261.95,0.3449,0.0308,4,1,8.65,19519.47,3.72,0
32223.34,58,12185.91,0.3782,0.3186,2,1,16.69,3587.65,6.28,0
75782.24,21,34069.77,0.4496,0.2058,6,2,26.68,9817.72,2.74,1
53484.71,23,21013.55,0.3929,0.1151,3,1,9.68,500.0,3.36,1
68409.61,57,9160.43,0.1339,0.0782,4,2,6.61,28092.31,11.06,1
33562.86,42,14877.53,0.4433,0.1256,3,0,4.07,15257.87,2.26,0
23924.82,37,15760.6,0.6588,0.1574,4,1,11.14,16770.75,10.23,0
71357.79,34,6259.32,0.0877,0.1663,5,0,10.01,500.0,10.05,0
62528.19,61,4048.94,0.0648,0.5284,5,2,6.49,20896.06,6.37,1
36958.97,55,23416.68,0.6336,0.1734,3,2,5.07,14488.39,16.74,0
37606.74,33,25143.28,0.6686,0.1768,1,1,15.66,500.0,4.12,1
77508.7,55,22245.38,0.287,0.4446,1,0,24.71,15654.14,6.75,1
31211.76,63,33183.82,1.0632,0.1208,3,3,16.9,4177.4,2.21,0
87853.46,22,8498.72,0.0967,0.7004,3,0,4.55,12452.22,11.57,1
36987.59,33,35091.25,0.9487,0.163,3,1,5.56,18022.12,5.07,0
67767.84,36,4188.95,0.0618,0.3275,5,1,7.14,13559.31,3.49,1
48427.63,38,2847.77,0.0588,0.5288,9,1,17.17,500.0,5.41,1
67063.75,27,0.0,0.0,0.3004,2,3,6.55,14116.1,3.51,0
44117.72,56,9650.46,0.2187,0.0424,3,1,5.0,18817.88,1.88,1
51744.14,61,8955.33,0.1731,0.2024,6,2,4.36,10397.16,2.87,1
55818.38,50,21311.25,0.3818,0.3485,4,0,15.36,16126.05,3.19,1
34956.25,62,17926.69,0.5128,0.0488,5,1,14.38,16260.67,3.62,1
69816.49,61,684.32,0.0098,0.0485,3,1,7.49,500.0,8.68,1
44735.73,27,10287.29,0.23,0.5254,5,2,4.91,22002.8,9.36,0
50428.0,35,10542.46,0.2091,0.2814,1,2,3.81,7522.89,3.38,0
35113.01,60,0.0,0.0,0.0775,5,2,4.27,6204.12,4.39,0
12000.0,39,3228.64,0.2691,0.1631,4,1,6.87,6440.52,4.72,0
51179.44,63,5750.24,0.1124,0.2503,3,3,13.89,21843.7,12.55,1
103252.31,57,32203.5,0.3119,0.3175,2,1,18.93,23789.53,3.29,0
70692.09,22,17297.41,0.2447,0.1176,2,1,7.17,15779.11,3.6,1
54614.79,62,22946.03,0.4201,0.3486,3,0,18.29,8151.44,14.72,1
49742.18,33,0.0,0.0,0.3336,8,2,13.44,35272.96,2.0,1
55449.32,60,29330.57,0.529,0.2392,4,1,6.2,11856.58,13.06,1
65942.38,61,30613.22,0.4642,0.2125,4,1,5.63,6779.37,6.51,1
31383.74,63,0.0,0.0,0.1978,5,0,5.48,20197.36,3.05,1
77286.43,63,6536.2,0.0846,0.3034,4,4,6.84,11031.14,1.2,1
69307.63,51,20949.19,0.3023,0.1718,4,2,4.1,28724.04,4.28,0
69363.71,36,22732.66,0.3277,0.2452,7,2,12.0,5229.3,2.19,0
63769.51,62,6858.06,0.1075,0.1927,4,4,3.04,10553.72,2.69,1
55392.33,64,11334.01,0.2046,0.2147,6,2,15.72,24262.46,1.87,0
68457.22,26,7831.43,0.1144,0.3428,1,0,6.68,15905.08,3.65,1
66836.28,48,16325.02,0.2443,0.4013,1,3,24.75,9629.47,6.1,0
47919.19,52,29366.14,0.6128,0.2554,2,0,3.8,4619.44,7.53,0
43527.96,64,5747.49,0.132,0.7003,5,3,4.36,2912.33,7.53,0
57037.13,30,27009.85,0.4735,0.2452,2,1,6.18,1642.14,5.01,0
85980.4,38,5619.94,0.0654,0.1916,5,1,9.0,19774.36,6.42,0
30217.86,24,4828.47,0.1598,0.0531,3,0,9.05,18284.98,4.46,0
25649.49,29,24823.14,0.9678,0.1933,6,2,6.45,16168.58,9.11,0
58295.22,27,26063.24,0.4471,0.3113,5,1,7.51,3159.8,2.4,0
56017.75,28,25216.92,0.4502,0.5696,0,1,12.07,9671.5,1.17,0
58466.83,63,0.0,0.0,0.2714,2,0,4.64,14609.03,2.31,0
59879.06,27,9408.59,0.1571,0.1941,3,0,9.85,22085.53,8.12,0
50535.95,61,24875.86,0.4922,0.2453,4,1,2.51,14888.12,10.43,0
84797.27,60,15498.5,0.1828,0.6248,7,1,23.49,13055.28,2.35,1
22981.92,23,2115.69,0.0921,0.4145,2,3,4.51,4573.78,2.87,0
38430.06,37,20499.82,0.5334,0.4183,4,0,14.05,19213.41,8.5,0
52934.9,22,6422.31,0.1213,0.2205,3,1,7.52,9773.33,1.62,1
22136.22,35,36534.3,1.6504,0.4875,5,2,8.64,722.05,4.01,0
51482.91,49,33538.1,0.6514,0.0932,1,3,11.15,4923.62,11.02,0
88229.4,42,22249.17,0.2522,0.5071,5,3,8.59,17468.37,3.31,1
55417.73,24,31332.08,0.5654,0.1763,4,1,9.58,17728.42,6.24,0
59614.02,26,15777.5,0.2647,0.2545,6,0,12.16,500.0,2.03,1
29796.7,58,24185.25,0.8117,0.1727,4,0,13.85,11267.71,4.52,0
42672.77,46,32732.64,0.7671,0.3704,4,1,4.9,1659.44,3.06,0
47496.07,31,17945.98,0.3778,0.3416,4,0,10.97,15166.2,6.87,0
48645.7,46,11937.75,0.2454,0.3777,6,1,9.81,16707.84,4.56,1
80632.88,37,0.0,0.0,0.0826,4,1,15.28,3408.02,1.85,1
66153.82,44,14002.4,0.2117,0.1302,6,1,17.54,12079.05,6.6,1
32770.84,48,24881.08,0.7592,0.2823,5,1,0.96,18688.79,9.16,0
59930.1,55,26347.6,0.4396,0.2646,5,1,15.93,20189.18,3.61,0
64964.43,51,21052.38,0.3241,0.3284,3,1,9.06,5237.1,9.38,0
77802.98,33,8504.41,0.1093,0.088,5,2,4.1,20631.73,4.82,1
86610.81,55,0.0,0.0,0.0826,5,1,5.27,14063.39,6.59,1
34698.12,36,9057.42,0.261,0.278,6,3,9.44,8052.19,2.51,0
38782.85,35,11347.86,0.2926,0.7054,6,1,10.04,11275.55,10.54,0
29848.44,63,11244.85,0.3767,0.1062,3,1,9.88,18401.72,5.16,1
50319.6,38,22422.68,0.4456,0.0725,2,0,9.4,18264.77,5.65,0
64327.17,57,38828.12,0.6036,0.2375,7,1,7.59,19260.25,16.83,0
74746.69,61,16482.35,0.2205,0.4977,2,0,11.67,6619.82,2.26,1
53480.98,47,12399.22,0.2318,0.4633,2,0,8.26,13793.83,3.23,0
48603.05,55,11889.34,0.2446,0.2188,7,3,9.77,10081.39,8.33,0
58035.16,55,16492.62,0.2842,0.4036,9,2,5.35,13696.19,4.32,0
38297.14,48,5060.47,0.1321,0.1084,2,3,10.27,7944.26,6.77,0
96790.77,59,16442.38,0.1699,0.5113,4,1,10.68,24699.29,5.68,1
22846.78,58,20409.75,0.8933,0.1779,6,0,7.92,11855.22,8.02,0
58694.81,29,17516.23,0.2984,0.2865,3,2,9.38,10887.74,10.48,1
95472.12,32,20490.5,0.2146,0.2851,4,1,6.25,15553.6,1.76,0
55136.0,35,20204.97,0.3665,0.3156,3,4,11.69,20872.22,8.09,1
51199.22,41,0.0,0.0,0.1107,6,1,3.79,12361.42,5.42,1
47851.09,55,22642.44,0.4732,0.7242,3,0,7.75,9501.48,1.45,0
51392.17,62,6947.82,0.1352,0.1363,2,2,10.93,19121.34,13.28,1
82456.97,53,1849.93,0.0224,0.5269,7,2,17.32,25932.77,10.13,1
12000.0,39,1746.58,0.1455,0.3754,3,0,17.85,23366.62,3.77,0
85668.67,43,20202.5,0.2358,0.2037,1,3,10.01,4128.06,4.73,0
26520.86,33,12329.1,0.4649,0.0747,2,0,21.36,18183.26,2.01,0
49666.95,64,0.0,0.0,0.2029,3,1,13.99,11439.14,1.95,1
46415.11,21,20736.45,0.4468,0.0782,0,4,6.33,22190.05,4.48,1
66771.07,49,0.0,0.0,0.1783,3,1,10.96,26666.93,13.9,1
23037.51,44,16677.86,0.7239,0.1338,8,2,6.94,500.0,6.08,0
64243.45,36,17861.99,0.278,0.0686,4,0,4.5,12108.29,2.56,1
95486.19,45,25626.92,0.2684,0.1613,5,0,11.53,8347.37,9.05,1
27736.52,43,36380.22,1.3116,0.5469,3,2,10.68,6313.62,9.09,0
58794.12,48,0.0,0.0,0.1445,4,1,10.57,4615.49,9.74,0
41760.36,36,14370.31,0.3441,0.17,2,1,9.21,8424.97,1.35,0
63517.74,63,11683.98,0.1839,0.075,1,1,9.62,9684.5,4.11,1
55382.96,58,20205.0,0.3648,0.3402,2,1,11.85,9194.34,2.71,0
42170.26,31,17588.03,0.4171,0.2129,2,3,5.37,500.0,9.63,1
64757.45,23,10769.45,0.1663,0.2618,3,0,9.8,13024.35,6.49,1
91086.96,35,9709.17,0.1066,0.2712,4,2,4.43,20442.69,11.53,1
51181.92,21,1602.59,0.0313,0.2091,3,1,9.14,7537.33,5.06,1
69395.16,27,26854.34,0.387,0.5106,6,1,7.76,500.0,19.99,0
29134.54,21,20510.45,0.704,0.1679,3,0,20.78,12762.52,4.94,0
35871.27,52,26013.22,0.7252,0.44,3,1,13.66,20485.62,6.64,0
64448.13,29,11275.25,0.175,0.1202,4,3,5.31,13255.92,4.52,1
84682.32,49,7117.97,0.0841,0.3556,3,1,10.53,6183.28,0.96,1
62112.27,46,2060.22,0.0332,0.0473,8,0,12.05,3606.15,9.33,1
48738.84,43,19307.01,0.3961,0.1791,7,4,12.43,17648.01,10.32,1
54985.83,63,2522.48,0.0459,0.322,3,2,4.33,10144.28,6.67,1
29991.85,49,37183.96,1.2398,0.2129,4,0,10.89,7847.09,7.87,0
67090.31,58,0.0,0.0,0.6646,6,2,10.4,7142.2,4.93,1
72646.66,53,18283.92,0.2517,0.298,7,0,16.59,13759.66,2.99,1
45958.19,27,33802.26,0.7355,0.2514,7,3,2.5,12935.53,7.9,0
45599.16,32,22189.08,0.4866,0.2954,10,1,14.32,12434.47,6.15,1
60317.56,51,17108.08,0.2836,0.28,3,3,14.32,4281.23,13.16,1
46265.61,52,3378.2,0.073,0.1782,5,1,10.12,3797.19,4.16,0
53677.35,40,0.0,0.0,0.1877,3,1,20.81,6794.47,3.91,1
96994.44,37,24240.6,0.2499,0.375,3,0,13.64,14320.9,4.0,0
50059.49,56,33073.77,0.6607,0.3092,1,1,7.88,16396.14,7.52,0
47833.2,23,9733.8,0.2035,0.0894,2,0,8.85,23732.81,3.34,0
42049.16,21,1331.26,0.0317,0.3034,4,2,1.89,5306.54,6.56,0
69883.84,47,0.0,0.0,0.1765,5,2,10.2,17804.43,15.66,1
51375.52,60,3230.82,0.0629,0.2769,5,2,14.69,500.0,5.34,1
42012.54,53,13636.12,0.3246,0.2282,4,2,3.27,14801.36,2.83,0
81426.08,40,34189.48,0.4199,0.0688,2,2,8.01,500.0,6.43,0
83392.06,34,23077.6,0.2767,0.3499,2,2,16.04,2196.53,6.18,1
42991.53,56,18661.02,0.4341,0.4913,5,1,9.42,18023.87,10.5,0
17669.2,25,10198.56,0.5772,0.5423,0,1,5.66,13223.02,2.32,0
75150.27,43,8002.01,0.1065,0.1159,6,1,18.23,9463.98,6.4,1
41307.4,35,31867.77,0.7715,0.1827,4,1,12.25,848.02,3.52,0
70812.51,26,17408.86,0.2458,0.1368,4,3,9.89,14952.87,11.37,1
15597.92,53,0.0,0.0,0.1557,2,2,6.68,12692.45,4.02,0
72851.95,39,6917.52,0.095,0.2353,3,1,7.87,17787.32,2.39,1
30776.56,33,4701.41,0.1528,0.2284,1,1,3.84,500.0,3.27,0
69615.28,49,8444.83,0.1213,0.5069,1,1,19.07,16960.94,5.04,1
55285.46,26,21754.93,0.3935,0.1397,5,1,13.96,7662.23,2.59,0
35921.21,35,13710.66,0.3817,0.4643,4,1,11.16,14328.92,4.18,0
46859.27,36,14077.62,0.3004,0.3238,5,0,11.41,11498.27,4.4,1
68726.37,44,30761.68,0.4476,0.5112,4,1,11.65,5189.93,3.03,1
57117.89,43,6642.47,0.1163,0.2694,4,4,15.5,8704.78,15.49,1
66688.26,30,37370.39,0.5604,0.1844,4,1,6.45,4983.53,13.6,0
94528.81,61,6944.31,0.0735,0.0303,6,1,7.32,7798.13,8.56,1
23715.17,61,16070.38,0.6776,0.133,7,1,8.07,4727.32,7.39,0
87344.25,37,11625.56,0.1331,0.1244,1,2,8.54,15212.58,6.62,1
57087.12,64,16481.03,0.2887,0.1667,1,2,13.9,5120.98,3.51,1
37024.32,50,20335.1,0.5492,0.2484,6,3,6.07,16462.16,5.81,1
28393.73,64,20206.02,0.7116,0.3937,3,0,7.41,38126.07,3.96,0
51217.59,30,5962.59,0.1164,0.4152,3,1,7.26,9944.78,1.33,1
73433.0,39,1525.02,0.0208,0.2655,2,2,8.75,500.0,15.93,1
52449.02,49,45038.06,0.8587,0.0875,5,2,3.78,28832.28,7.28,0
85223.1,22,9192.19,0.1079,0.2831,1,0,6.31,14792.02,2.71,1
25976.49,56,23390.55,0.9005,0.2469,8,2,3.33,10958.74,3.59,0
54758.22,39,0.0,0.0,0.2717,5,1,6.33,9004.13,9.49,1
29952.13,27,11644.65,0.3888,0.5045,1,1,8.59,3590.6,2.28,0
62272.64,46,13473.61,0.2164,0.0856,4,1,4.35,9291.47,6.01,1
72737.75,35,20673.78,0.2842,0.2302,2,3,4.59,5760.8,5.91,1
46584.76,58,0.0,0.0,0.0804,3,4,4.55,5834.57,14.3,0
12000.0,23,16993.69,1.4161,0.171,4,1,9.97,16687.11,4.59,0
58978.96,58,1203.1,0.0204,0.0842,10,4,7.48,19770.25,12.92,1
63734.77,36,18892.15,0.2964,0.2967,5,1,2.31,10194.0,3.67,1
63085.9,22,2564.05,0.0406,0.4434,5,0,17.25,16016.11,6.1,1
79715.64,51,4734.21,0.0594,0.3011,8,2,9.97,28764.76,5.37,1
33578.93,48,11716.47,0.3489,0.0718,4,2,18.3,5274.71,9.78,1
68604.32,27,2372.05,0.0346,0.204,3,3,12.09,500.0,8.31,1
78850.15,50,9293.59,0.1179,0.1631,8,0,11.95,18662.33,10.57,1
19428.25,63,679.49,0.035,0.0386,5,0,5.85,6129.79,2.21,1
61393.04,27,0.0,0.0,0.5668,3,1,14.44,7780.91,7.17,1
44916.4,56,27215.48,0.6059,0.5483,4,3,13.58,12984.34,10.54,0
53369.55,49,0.0,0.0,0.1171,7,2,2.23,21913.06,3.53,1
61953.53,44,12855.83,0.2075,0.3645,4,2,3.12,13048.25,4.07,0
45255.43,59,24034.69,0.5311,0.2476,3,1,15.3,500.0,3.66,0
41485.84,24,7620.67,0.1837,0.2305,3,1,4.11,14865.87,3.36,0
55683.05,49,5098.01,0.0916,0.7216,5,1,6.69,13852.41,1.35,0
33255.08,64,17714.86,0.5327,0.3386,3,1,9.97,5118.13,6.53,1
33283.5,25,28415.21,0.8537,0.1352,9,1,3.21,500.0,1.57,0
68587.47,49,968.22,0.0141,0.2185,1,2,6.52,8942.16,5.68,1
32024.12,50,13198.23,0.4121,0.2035,5,1,20.3,500.0,5.22,1
68326.25,49,0.0,0.0,0.3466,6,2,3.75,500.0,7.48,1
64251.83,46,10281.59,0.16,0.1745,6,2,18.65,1192.02,6.3,1
20483.87,39,15410.46,0.7523,0.3875,4,2,10.5,1979.13,2.11,0
41448.71,46,4744.5,0.1145,0.2889,4,1,5.58,19033.33,12.88,0
78882.19,57,9516.1,0.1206,0.0277,4,1,16.18,10793.5,2.86,1
35376.69,47,0.0,0.0,0.0984,9,2,12.25,14788.36,5.01,0
45711.91,50,15924.94,0.3484,0.1381,4,1,5.63,13664.75,9.63,0
64241.22,50,27668.33,0.4307,0.2213,5,1,9.0,500.0,4.91,1
70667.81,23,1834.27,0.026,0.1274,4,0,7.8,7490.68,2.53,1
49969.22,63,7527.94,0.1507,0.1101,3,1,20.36,10174.17,2.47,1
43049.8,27,21030.55,0.4885,0.3915,2,1,12.61,10936.13,4.4,0
83447.4,29,29545.09,0.3541,0.4227,3,0,2.79,15832.14,0.78,0
89777.99,61,0.0,0.0,0.2308,5,1,7.26,19400.61,2.62,1
74577.16,62,12974.58,0.174,0.2144,7,1,10.06,14958.57,7.4,1
56706.36,33,18397.57,0.3244,0.2153,6,0,5.8,26093.32,9.87,0
38834.69,35,13775.32,0.3547,0.553,8,2,7.96,15508.16,10.18,1
38391.11,25,0.0,0.0,0.1148,4,1,8.52,7724.45,14.74,1
65450.28,49,21013.08,0.3211,0.6604,4,1,9.14,22272.62,3.46,1
63367.96,55,33232.04,0.5244,0.1644,8,0,13.51,2243.49,2.41,1
83031.97,47,16399.94,0.1975,0.1988,1,0,7.62,16272.89,1.32,1
68009.0,47,2626.73,0.0386,0.1991,1,1,9.28,10798.85,9.16,1
24938.39,28,8842.47,0.3546,0.1173,13,1,13.55,5134.67,0.91,0
76038.95,52,36238.96,0.4766,0.0599,7,1,9.21,13674.31,12.9,1
35038.79,40,25919.55,0.7397,0.1837,4,2,10.95,9716.16,6.1,0
47320.57,30,22680.32,0.4793,0.2542,6,0,16.97,500.0,4.77,1
60004.0,33,19276.95,0.3213,0.4844,8,3,12.09,13473.59,9.56,0
94913.35,49,7066.35,0.0745,0.2027,5,1,4.68,3742.5,9.99,1
117198.37,55,12593.15,0.1075,0.2432,4,3,5.26,12979.87,12.95,1
67134.46,28,14064.93,0.2095,0.2111,3,1,4.81,10982.75,11.9,0
51336.07,49,21594.89,0.4207,0.4118,1,2,3.37,15444.22,10.75,0
65690.11,51,33107.03,0.504,0.2082,2,1,12.09,500.0,2.32,0
72753.11,61,28420.06,0.3906,0.3405,2,2,14.74,4072.81,2.1,1
48586.65,50,0.0,0.0,0.1704,4,1,14.22,12859.56,1.55,1
90904.23,42,17687.94,0.1946,0.2602,7,3,7.0,35063.98,5.39,1
59601.42,41,23841.16,0.4,0.4637,4,4,4.34,13110.58,4.55,0
64954.86,32,22426.32,0.3453,0.2118,6,4,6.03,8479.73,10.75,1
68318.49,31,7449.19,0.109,0.0601,5,2,1.21,18985.03,6.11,0
63431.73,22,49969.31,0.7878,0.2978,1,0,4.98,7287.42,7.66,0
71778.81,61,0.0,0.0,0.203,1,0,3.79,15460.77,4.22,1
42654.94,22,2001.74,0.0469,0.219,6,0,3.22,12415.97,5.67,0
43833.96,54,17803.14,0.4061,0.2888,3,1,13.73,20575.98,2.54,0
32996.92,23,40401.64,1.2244,0.4537,7,3,2.99,17292.98,5.52,0
63790.02,36,4965.66,0.0778,0.1413,3,1,5.84,8166.67,4.34,1
70578.73,24,11810.06,0.1673,0.2467,6,0,8.67,500.0,4.34,0
64155.46,43,27927.52,0.4353,0.3235,2,0,7.74,3446.4,1.83,1
88489.85,40,14785.65,0.1671,0.387,3,0,3.68,14371.2,3.87,0
54888.08,45,10984.75,0.2001,0.1444,3,1,7.23,11585.72,7.09,1
68374.83,50,21787.59,0.3186,0.2304,4,2,7.07,12218.26,7.99,1
33165.98,38,18270.22,0.5509,0.1049,1,2,5.82,14033.26,2.97,0
47258.01,62,27365.27,0.5791,0.2303,7,1,11.64,5449.18,1.51,1
68910.76,31,30497.63,0.4426,0.3108,3,1,8.62,11164.31,6.95,0
71982.04,49,18684.04,0.2596,0.1168,6,0,14.65,11920.0,10.09,1
49120.66,37,18500.79,0.3766,0.3627,4,0,1.15,500.0,5.59,0
53568.01,46,17569.33,0.328,0.3645,3,2,10.7,7106.14,5.3,0
24642.53,43,20869.57,0.8469,0.2677,5,2,4.9,15131.42,5.6,0
47859.42,40,15662.05,0.3273,0.0494,6,3,11.7,17591.8,4.76,0
72807.66,22,14992.7,0.2059,0.316,4,3,14.21,5537.76,5.43,1
66504.1,44,29359.53,0.4415,0.074,6,2,3.33,15995.43,2.32,0
65013.31,51,33193.39,0.5106,0.3158,3,2,10.18,7084.42,9.75,0
55995.47,47,0.0,0.0,0.2751,5,1,5.62,4967.32,4.82,1
55141.26,22,15120.25,0.2742,0.2701,2,0,20.34,27281.44,4.37,1
41793.58,34,6735.67,0.1612,0.0617,2,0,8.54,8679.47,4.66,1
68976.57,24,11268.34,0.1634,0.2639,4,2,16.88,500.0,11.32,1
63419.46,33,19830.19,0.3127,0.3484,7,1,18.52,8495.72,7.34,0
64840.38,56,23033.26,0.3552,0.1286,1,2,13.63,9869.95,13.92,1
44479.3,55,13654.48,0.307,0.4106,6,3,6.53,19301.79,3.94,0
12000.0,64,0.0,0.0,0.1072,3,2,6.43,9128.08,6.85,1
76943.05,28,3419.45,0.0444,0.2921,7,1,8.6,15027.18,5.7,1
45423.25,22,25758.0,0.5671,0.5082,2,4,12.35,20502.36,1.71,0
37744.48,26,0.0,0.0,0.2278,3,1,11.63,7332.44,12.06,0
68869.58,51,29249.13,0.4247,0.0641,5,2,18.03,14327.31,6.32,0
47159.75,30,21254.76,0.4507,0.3989,4,0,7.65,11496.33,2.32,1
76198.73,64,30794.11,0.4041,0.2746,6,0,8.33,13801.97,8.24,1
67340.12,41,12617.17,0.1874,0.575,4,0,6.52,12807.41,2.22,1
68671.39,62,0.0,0.0,0.144,6,1,6.19,13169.12,5.6,1
27680.89,30,20164.35,0.7285,0.3424,5,4,8.34,9715.67,9.38,0
79238.88,43,30295.84,0.3823,0.3904,2,2,10.18,12201.31,9.94,0
60225.01,23,26096.66,0.4333,0.0822,6,1,11.45,9817.56,7.03,0
47614.46,52,7047.7,0.148,0.1657,1,1,16.84,30649.68,2.41,1
57867.77,40,16041.13,0.2772,0.1161,3,2,18.55,16841.31,3.68,1
19475.3,30,8605.96,0.4419,0.4656,2,2,17.02,12018.34,8.68,0
63173.06,49,5168.8,0.0818,0.2795,6,0,21.96,9296.7,1.07,1
34412.57,61,26464.66,0.769,0.3575,7,3,8.59,19829.56,5.94,0
27946.59,54,629.61,0.0225,0.4181,5,1,5.24,5477.42,1.37,0
24552.82,57,4274.2,0.1741,0.0279,2,1,12.81,1732.91,1.45,0
77253.77,40,1751.69,0.0227,0.5937,4,1,8.33,1132.25,2.0,0
42414.73,28,0.0,0.0,0.1451,4,0,13.35,22379.94,1.91,1
85674.55,27,16756.97,0.1956,0.4291,8,0,5.05,21964.41,5.15,0
44283.97,26,28938.04,0.6535,0.5019,4,1,5.27,13278.62,5.36,0
20852.84,31,12781.48,0.6129,0.0597,6,0,15.11,7517.88,8.19,1
32669.51,64,0.0,0.0,0.4408,4,1,18.07,7604.02,8.98,1
79716.23,38,25079.33,0.3146,0.203,1,0,6.87,28336.52,1.98,1
51882.04,62,35228.42,0.679,0.3148,4,1,12.21,11273.59,8.36,0
44034.25,49,7245.09,0.1645,0.2623,2,1,5.89,14744.36,6.54,1
58200.36,45,9257.35,0.1591,0.0644,5,0,16.51,8480.19,5.86,1
65035.65,41,21187.93,0.3258,0.4201,6,2,11.15,12723.34,11.17,0
77347.98,23,34462.48,0.4456,0.5232,3,4,11.22,15022.86,9.65,1
83969.98,38,8761.99,0.1043,0.2624,3,2,11.78,26450.05,1.8,1
47804.63,44,0.0,0.0,0.0357,7,1,14.1,11304.45,6.25,1
28479.05,58,22577.02,0.7928,0.2299,2,1,4.73,16133.34,2.68,0
46730.7,30,24588.82,0.5262,0.4204,6,0,6.5,9141.55,5.68,0
60205.61,47,15073.58,0.2504,0.4952,10,1,5.29,13489.56,2.52,0
35724.82,32,8302.4,0.2324,0.221,5,0,3.84,14735.04,4.14,0
35856.98,27,26932.54,0.7511,0.1168,3,1,15.88,10363.89,5.35,0
61875.76,37,21336.43,0.3448,0.3735,8,2,2.26,13895.17,4.56,0
54026.95,21,5778.77,0.107,0.4326,5,0,16.26,6326.05,8.6,1
55655.94,46,15589.14,0.2801,0.544,6,0,9.75,16021.74,5.92,0
39830.09,35,0.0,0.0,0.3979,1,2,5.45,12445.02,3.06,1
50391.99,53,23230.69,0.461,0.2461,4,0,5.6,7580.82,7.51,0
36515.34,57,11853.2,0.3246,0.1116,4,0,13.04,11060.69,4.61,1
72803.97,51,9771.47,0.1342,0.0799,5,0,7.56,22459.81,10.47,1
75704.99,55,14605.51,0.1929,0.3533,4,1,5.98,11163.65,3.09,0
18076.24,21,15483.69,0.8566,0.2163,4,0,13.1,15420.88,3.64,0
36409.78,28,25739.16,0.7069,0.4885,0,2,3.27,15397.4,7.59,0
25069.41,32,22093.09,0.8813,0.3923,3,2,9.96,16638.36,7.81,1
41999.52,39,13123.09,0.3125,0.1531,6,1,9.93,3163.07,3.25,1
53331.24,45,24164.02,0.4531,0.5429,2,1,13.33,3718.45,8.77,0
26007.1,52,19808.85,0.7617,0.4178,2,2,18.64,6013.56,5.68,0
36562.8,32,9880.8,0.2702,0.3423,5,3,9.77,16855.09,8.37,0
34920.85,33,13503.38,0.3867,0.3653,6,2,6.95,14095.63,3.58,1
59145.35,48,13221.33,0.2235,0.5739,1,2,7.09,13693.85,2.18,0
56386.89,21,21063.14,0.3735,0.3025,3,2,13.01,11032.82,7.26,1
40565.25,26,10595.73,0.2612,0.2468,3,1,10.61,1402.19,2.73,1
58536.42,28,10315.09,0.1762,0.2713,2,1,9.75,7196.97,3.94,1
44066.4,24,38625.09,0.8765,0.4429,12,2,15.72,13689.34,9.26,0
49566.9,25,26276.83,0.5301,0.2663,7,0,5.64,10636.25,10.12,0
88469.04,45,5872.79,0.0664,0.2755,3,2,7.16,13429.35,3.93,0
81809.22,42,21851.29,0.2671,0.0888,3,1,11.31,500.0,5.58,1
29008.38,48,16420.2,0.5661,0.0565,6,2,10.28,11894.36,5.55,0
71594.65,59,19698.61,0.2751,0.1786,3,1,8.4,500.0,4.05,1
71227.93,43,16648.1,0.2337,0.1718,3,1,8.14,1568.34,4.57,1
32034.73,24,29275.71,0.9139,0.428,6,1,14.78,4229.43,6.05,0
71375.55,24,19147.44,0.2683,0.1375,0,1,27.08,500.0,3.85,1
85758.64,41,14254.94,0.1662,0.2159,4,1,2.57,5587.43,3.28,1
32549.1,57,27506.29,0.8451,0.4203,3,1,5.08,14215.15,1.68,0
36649.94,61,17799.42,0.4857,0.278,3,1,5.4,21329.25,5.48,0
75353.23,22,16457.74,0.2184,0.1605,4,2,1.41,7716.13,7.81,0
60429.91,27,18768.27,0.3106,0.0381,2,0,11.67,6746.31,1.13,1
66029.53,36,13876.69,0.2102,0.2791,5,3,10.47,11037.81,6.42,1
61811.78,37,15110.72,0.2445,0.3961,5,3,14.23,9855.5,6.11,1
62813.92,40,7959.66,0.1267,0.4467,6,3,2.44,3896.44,4.12,0
28470.56,43,5985.99,0.2103,0.5515,3,3,24.99,16332.87,5.48,0
75946.35,54,3017.16,0.0397,0.3983,5,4,10.71,9645.6,4.49,1
78391.8,31,0.0,0.0,0.4859,4,2,11.43,6727.84,2.87,1
50412.19,54,4443.39,0.0881,0.1114,2,2,11.35,7449.65,5.51,1
54130.46,53,12908.8,0.2385,0.6279,3,1,13.04,30810.31,0.95,0
24377.85,46,16237.41,0.6661,0.4246,8,0,3.76,18198.01,4.28,0
65285.1,22,11744.44,0.1799,0.4171,3,2,11.95,9284.03,15.3,1
66441.15,43,0.0,0.0,0.3116,6,0,18.63,500.0,6.7,1
53756.18,61,33895.04,0.6305,0.1671,9,0,21.69,500.0,7.35,0
77487.07,42,28037.76,0.3618,0.1276,2,2,5.46,12691.93,1.15,1
48318.46,54,20349.12,0.4211,0.1341,6,3,38.14,9674.38,4.58,1
66292.12,35,37889.89,0.5716,0.3122,5,2,10.38,2783.17,2.18,0
34606.71,30,3271.63,0.0945,0.3197,4,3,3.93,10944.25,9.83,0
54528.96,35,37651.5,0.6905,0.5046,1,0,4.07,6042.41,5.46,1
51512.91,62,3417.43,0.0663,0.3871,2,2,21.34,6870.6,9.71,1
59506.16,49,17864.86,0.3002,0.5006,5,0,4.99,10613.45,4.67,0
47609.46,43,0.0,0.0,0.1953,8,0,4.19,3871.05,12.68,1
52370.55,37,15176.33,0.2898,0.316,7,6,4.29,914.58,6.69,0
71520.94,29,19634.0,0.2745,0.643,5,2,8.91,1165.33,5.67,0
46264.72,56,13143.72,0.2841,0.0982,2,3,23.4,8759.6,5.74,1
22868.46,29,23566.53,1.0305,0.1641,3,2,2.38,500.0,8.06,0
89991.68,36,16188.17,0.1799,0.6019,6,2,11.34,29521.72,2.64,0
82629.08,56,8731.02,0.1057,0.3858,6,1,9.81,19467.91,3.97,0
29154.75,53,8198.24,0.2812,0.556,5,1,14.64,17758.39,3.79,0
68794.16,51,24730.97,0.3595,0.1835,6,2,9.36,4919.03,3.3,1
44940.5,26,7155.1,0.1592,0.0962,3,1,17.57,5213.91,13.84,1
60269.74,30,25984.84,0.4311,0.2056,3,1,19.1,670.69,10.87,1
60884.48,36,29672.54,0.4874,0.5758,6,1,14.21,26707.16,8.12,0
50311.84,24,0.0,0.0,0.5959,4,1,17.18,22747.12,5.21,1
39324.69,42,28595.12,0.7272,0.2103,4,1,16.66,17378.57,9.26,0
41189.18,33,39725.07,0.9645,0.5095,7,1,4.65,11031.57,6.69,0
36676.16,36,18024.05,0.4914,0.4776,3,1,10.56,8894.26,11.56,0
38363.56,49,22189.01,0.5784,0.3328,1,1,4.0,16047.32,7.68,0
53656.43,26,27444.06,0.5115,0.1709,4,1,12.26,24781.88,7.73,1
40684.8,46,11694.21,0.2874,0.326,6,2,8.11,17142.61,7.55,1
68641.04,31,17187.36,0.2504,0.0379,7,0,8.42,3096.8,3.56,1
84744.92,44,0.0,0.0,0.2115,3,1,14.83,5869.03,6.18,1
43398.94,49,16663.62,0.384,0.2761,7,1,13.24,15743.83,1.89,0
59788.09,23,20977.34,0.3509,0.1027,2,1,12.62,5090.61,5.48,1
64993.7,30,21193.96,0.3261,0.1943,4,0,6.02,8232.43,3.82,1
64440.05,21,27785.1,0.4312,0.1516,5,0,10.18,24083.62,6.67,1
56519.11,63,5702.37,0.1009,0.1324,6,1,5.33,9486.97,3.82,0
69853.65,46,8608.72,0.1232,0.5477,4,2,7.52,500.0,2.55,0
64644.98,32,37746.09,0.5839,0.5268,4,1,8.12,35085.99,4.44,0
30246.75,34,13196.06,0.4363,0.2221,2,3,7.92,20701.34,5.75,0
72383.12,45,17400.41,0.2404,0.2761,1,0,14.92,11490.76,5.57,1
72745.82,28,14195.88,0.1951,0.3387,6,0,17.41,11941.89,6.98,1
39734.28,63,5139.83,0.1294,0.2271,1,2,7.32,500.0,6.25,0
55758.76,24,34482.35,0.6184,0.2008,2,2,10.03,8856.32,8.47,0
68666.58,48,8667.58,0.1262,0.2442,6,1,8.95,6046.85,4.18,0
50813.72,27,1472.57,0.029,0.0404,4,1,4.01,12781.94,3.21,0
76459.56,30,9591.12,0.1254,0.2408,1,1,9.81,25021.45,6.33,0
102277.45,56,0.0,0.0,0.3363,4,0,6.85,15520.91,10.27,0
39280.28,22,7184.55,0.1829,0.1347,5,0,10.93,28242.44,3.98,1
27379.11,46,3382.46,0.1235,0.1905,9,1,12.93,830.6,2.0,0
61076.37,34,22409.14,0.3669,0.2918,4,1,4.38,500.0,8.17,0
69431.25,36,6919.03,0.0997,0.5327,1,0,7.72,21936.38,9.71,0
50382.67,63,25653.65,0.5092,0.2405,5,4,19.93,12832.29,6.21,1
84065.21,62,31781.81,0.3781,0.267,5,0,9.37,15738.46,2.75,0
28227.88,37,24374.1,0.8635,0.1288,4,2,11.24,11784.74,1.43,0
68858.37,42,12415.34,0.1803,0.2651,6,2,3.77,13561.36,5.11,1
42882.78,24,16693.37,0.3893,0.3251,5,1,17.33,17503.34,5.55,1
89387.56,39,0.0,0.0,0.2533,5,1,8.12,14022.3,2.51,1
94850.31,22,13394.65,0.1412,0.0591,8,1,5.77,7429.4,5.35,1
39666.87,59,4674.74,0.1178,0.28,1,3,4.12,30641.59,10.91,0
44008.86,29,23331.92,0.5302,0.1483,6,0,16.32,12754.69,3.88,1
72191.76,39,45873.03,0.6354,0.0179,2,0,12.54,10404.25,6.82,1
47257.39,36,20997.86,0.4443,0.1363,3,1,20.3,9236.12,8.03,0
54091.78,45,0.0,0.0,0.4187,5,0,4.66,14727.07,4.06,0
55507.77,38,10665.24,0.1921,0.1516,1,1,6.01,10059.44,7.79,0
16606.54,43,16469.89,0.9918,0.3475,1,0,12.72,500.0,5.91,0
54723.25,41,16048.29,0.2933,0.2637,1,2,12.88,9966.88,5.23,1
41205.44,31,6230.24,0.1512,0.2384,3,1,7.83,3334.32,5.96,0
45137.54,59,17943.5,0.3975,0.1652,6,0,5.31,14139.98,13.31,0
83872.64,61,89.99,0.0011,0.5152,6,0,14.11,11759.45,8.58,1
29869.86,24,3661.1,0.1226,0.5695,9,2,13.0,6689.6,5.59,0
71264.1,45,22749.57,0.3192,0.3051,4,4,9.9,19528.39,8.1,0
49420.74,52,2812.04,0.0569,0.307,3,1,6.08,11435.35,9.55,1
49404.8,50,21458.54,0.4343,0.11,3,3,6.56,8984.77,2.11,0
70807.44,46,0.0,0.0,0.2615,2,0,3.72,9103.15,2.11,0
61801.03,56,36177.91,0.5854,0.2623,5,0,7.3,8924.26,4.47,0
66412.26,54,5708.76,0.086,0.1324,3,0,10.64,16054.85,10.76,1
74363.69,29,12316.0,0.1656,0.5857,4,0,20.4,5764.65,3.71,1
48373.83,32,18967.36,0.3921,0.3181,1,2,12.55,12562.36,12.71,1
42755.27,22,8215.8,0.1922,0.3575,3,2,10.57,7967.65,12.72,0
33296.99,58,16720.87,0.5022,0.2713,3,0,8.97,6855.6,18.31,1
38491.79,25,21904.28,0.5691,0.3646,3,1,3.0,15780.86,13.18,0
113981.89,25,26527.36,0.2327,0.2058,7,0,11.8,4519.55,7.63,1
79893.59,42,24497.97,0.3066,0.3851,1,4,12.5,16166.39,3.63,1
27978.51,25,12938.27,0.4624,0.1617,6,1,3.79,14477.33,1.63,0
28550.84,24,13240.42,0.4637,0.4408,7,1,14.69,22618.57,2.33,0
64637.32,29,43189.3,0.6682,0.2086,6,1,14.28,500.0,3.48,0
65945.3,49,26398.67,0.4003,0.3591,6,2,12.64,20152.34,0.82,0
65977.68,42,3938.12,0.0597,0.2814,1,0,5.19,9579.78,12.39,1
49900.88,47,16199.86,0.3246,0.1307,3,1,7.41,500.0,11.97,0
52490.91,30,10978.28,0.2091,0.542,3,1,8.02,6727.87,8.36,1
61557.59,36,13375.99,0.2173,0.2444,2,1,14.59,16095.18,4.95,1
56717.86,62,246.06,0.0043,0.3015,3,3,2.54,11312.63,6.35,1
12000.0,62,10056.92,0.8381,0.4181,3,0,10.59,22782.39,7.84,0
50404.01,30,36738.67,0.7289,0.4532,5,0,5.34,9293.29,8.38,0
37971.87,26,21948.92,0.578,0.48,4,1,19.15,11732.43,4.01,0
58504.23,25,0.0,0.0,0.1833,2,0,23.0,10520.71,6.88,1
114705.18,26,29600.68,0.2581,0.1772,4,0,5.41,3827.94,4.62,1
62349.63,45,28075.55,0.4503,0.2447,4,5,6.1,11770.3,4.48,0
48729.41,24,10688.58,0.2193,0.4902,5,1,10.72,10246.5,5.16,0
73436.03,60,23607.16,0.3215,0.6107,3,0,20.62,12700.84,1.57,1
64653.76,52,4687.21,0.0725,0.3741,3,1,8.41,12474.59,6.66,0
63401.89,55,9356.93,0.1476,0.0465,6,2,15.15,12013.59,8.37,1
67137.01,30,32982.56,0.4913,0.5923,7,2,5.54,12771.74,1.96,0
96130.87,54,11739.24,0.1221,0.3496,6,0,19.19,20796.24,2.16,1
32382.23,56,0.0,0.0,0.2132,6,0,12.24,4178.28,6.75,1
64472.64,26,14240.36,0.2209,0.264,5,0,6.9,6208.99,3.25,1
36472.38,63,14056.94,0.3854,0.304,1,0,5.82,23334.65,4.3,0
66110.25,36,29380.42,0.4444,0.5673,7,0,7.46,22165.32,3.7,1
36626.27,39,15172.04,0.4142,0.4678,3,0,16.9,14071.96,6.82,1
46652.66,54,9941.01,0.2131,0.0567,0,1,10.94,28193.15,5.34,1
49098.2,45,27540.67,0.5609,0.2822,5,1,5.86,15910.23,1.77,0
74516.33,51,16449.48,0.2208,0.1266,1,1,7.65,26991.21,11.33,1
73369.09,61,5999.73,0.0818,0.4999,6,1,11.1,23677.95,5.02,0
30085.65,37,28859.97,0.9593,0.4382,4,1,3.37,25020.3,10.89,0
56098.68,50,17323.94,0.3088,0.1633,2,2,10.62,2811.81,9.42,1
40808.4,59,15035.11,0.3684,0.3129,1,1,6.61,17345.79,13.56,0
29829.9,51,17134.9,0.5744,0.5413,6,0,4.33,11333.97,3.94,0
50659.66,39,2151.98,0.0425,0.4178,5,0,20.05,1294.13,23.85,1
48830.34,55,8668.15,0.1775,0.2456,5,1,10.68,22688.89,9.76,1
103534.33,49,15042.99,0.1453,0.2222,5,2,7.7,21554.66,2.03,0
63659.2,21,12664.04,0.1989,0.3034,2,0,6.43,10837.83,11.72,1
27447.65,24,30269.14,1.1028,0.5863,1,1,8.29,7058.16,4.79,0
43704.52,48,17608.87,0.4029,0.1821,4,1,8.24,12464.2,7.1,0
75427.67,38,25258.85,0.3349,0.4254,1,1,13.88,500.0,2.31,0
96768.86,46,15112.74,0.1562,0.0853,9,3,4.92,1222.35,2.89,1
23280.33,60,27675.46,1.1888,0.362,4,0,7.66,9603.69,10.96,0
17401.51,39,19770.33,1.1361,0.0672,2,2,17.58,16924.55,2.76,0
92419.3,26,15161.05,0.164,0.3716,5,3,7.76,10517.04,5.98,1
62792.28,21,14840.6,0.2363,0.4251,3,1,12.95,7553.45,5.45,1
37634.15,28,3546.74,0.0942,0.1713,3,4,10.96,5377.21,2.22,1
65692.58,53,21082.99,0.3209,0.5191,7,1,15.6,31508.39,6.38,1
12000.0,63,14517.54,1.2098,0.4365,6,2,3.73,3408.77,7.58,0
55067.51,41,8976.1,0.163,0.2545,9,0,7.94,500.0,10.24,1
61556.42,44,28277.54,0.4594,0.4258,7,1,14.74,7394.53,5.35,1
73485.4,45,0.0,0.0,0.0286,5,2,12.14,16142.83,4.27,1
34722.08,63,9930.05,0.286,0.5674,1,2,13.43,12865.27,9.15,1
56713.74,39,27332.62,0.4819,0.0738,7,0,9.63,5992.35,7.17,1
36491.51,49,18786.28,0.5148,0.1433,4,2,2.7,13538.51,10.8,0
60107.68,30,14425.69,0.24,0.0227,3,1,3.68,20872.25,1.26,1
37093.07,32,18012.04,0.4856,0.3125,2,2,6.34,13632.47,5.09,0
46837.98,53,17152.97,0.3662,0.0866,4,1,14.26,13230.94,6.93,1
35083.69,27,0.0,0.0,0.3842,2,2,7.09,13257.57,6.76,0
68022.72,37,10808.86,0.1589,0.285,7,0,16.82,6033.48,5.1,1
72169.02,30,34398.26,0.4766,0.0693,4,1,11.28,15595.42,3.52,0
50307.59,51,7088.11,0.1409,0.2908,5,0,17.6,20334.97,2.65,1
55764.76,26,11180.39,0.2005,0.1805,2,1,9.57,22817.84,18.22,1
26028.17,37,8500.55,0.3266,0.3976,2,0,3.05,15437.47,19.13,0
49006.47,57,13955.82,0.2848,0.1172,0,0,12.59,12117.55,2.62,0
53995.91,38,8002.53,0.1482,0.2155,3,0,10.24,27013.85,7.06,1
107415.86,46,20840.9,0.194,0.1958,4,0,2.59,12962.68,6.92,1
32760.66,36,17367.76,0.5301,0.3245,5,1,14.15,8127.04,11.86,0
84283.54,28,24282.57,0.2881,0.1734,2,0,10.12,6487.24,2.78,1
74937.18,44,2388.71,0.0319,0.5187,4,1,12.47,5570.11,5.93,1
60612.73,33,10915.91,0.1801,0.4188,2,1,13.17,7973.68,5.16,1
90172.41,49,12291.33,0.1363,0.3358,7,1,22.4,27412.02,7.38,1
62442.11,52,20467.76,0.3278,0.5796,4,0,4.83,5946.41,7.48,1
62783.18,44,5481.35,0.0873,0.043,3,1,4.99,24214.1,2.67,0
53937.59,36,25987.85,0.4818,0.4058,4,0,15.94,10357.07,1.97,1
79471.38,31,29236.99,0.3679,0.4478,8,1,5.06,20335.68,3.33,1
76929.38,52,3133.53,0.0407,0.1861,3,0,2.02,3370.99,2.33,1
42486.45,26,9109.53,0.2144,0.3211,3,1,11.53,11857.39,4.94,1
28615.06,55,8616.82,0.3011,0.3443,3,2,11.2,500.0,12.29,0
50940.39,53,46588.63,0.9146,0.0974,7,0,9.69,12177.14,4.94,0
38999.23,38,9841.2,0.2523,0.3995,6,1,7.69,18294.36,1.55,1
53729.51,57,35131.51,0.6539,0.4703,4,4,1.93,19733.41,7.54,1
79748.76,33,0.0,0.0,0.2353,3,1,10.74,11963.36,4.04,1
45853.97,30,3124.19,0.0681,0.1104,3,2,16.61,9132.82,8.84,1
54143.53,57,6760.75,0.1249,0.0919,2,1,3.34,12697.38,2.92,0
56160.45,46,4851.73,0.0864,0.1726,3,1,6.28,7423.96,9.73,1
71968.62,37,11785.22,0.1638,0.5105,2,3,14.65,7412.78,6.49,0
12000.0,21,6494.66,0.5412,0.3371,5,2,6.13,8734.59,0.93,1
42865.99,45,5167.9,0.1206,0.3022,4,0,9.87,13823.01,7.09,1
59225.67,54,28901.66,0.488,0.3638,8,0,2.57,23489.4,4.85,0
79001.58,59,29685.52,0.3758,0.4564,6,0,8.91,22391.7,7.03,0
45161.95,30,26391.56,0.5844,0.3278,5,0,3.67,9450.72,4.45,1
17468.95,40,21287.99,1.2186,0.7627,3,3,7.88,5477.39,7.49,0
67394.23,27,16112.92,0.2391,0.2888,4,0,5.72,6138.27,8.13,0
42292.75,36,9035.63,0.2136,0.5044,4,3,6.26,500.0,9.3,1
31206.67,57,3562.11,0.1141,0.5704,2,1,7.43,17823.75,2.25,1
42513.09,49,19355.95,0.4553,0.3549,5,0,6.41,851.79,7.52,0
51309.49,32,916.44,0.0179,0.2243,3,0,23.0,500.0,8.05,1
42905.11,37,3072.95,0.0716,0.1871,5,0,10.93,17831.54,7.5,1
12000.0,40,28834.96,2.4029,0.2479,7,2,15.02,17483.82,2.71,0
72941.32,46,37807.79,0.5183,0.2642,2,1,16.29,3352.68,1.97,1
80497.5,39,19719.54,0.245,0.4291,6,2,10.47,14420.76,3.54,1
68030.44,32,28277.49,0.4157,0.1872,7,1,9.05,1451.47,8.9,0
32246.29,41,12049.82,0.3737,0.1656,1,1,6.86,11221.0,2.64,0
50970.17,62,0.0,0.0,0.088,5,1,15.12,14871.17,4.81,0
54869.57,54,22346.06,0.4073,0.5398,8,1,8.27,17548.73,4.22,0
66975.89,27,21831.47,0.326,0.2972,6,1,5.12,15169.5,7.06,0
68366.81,55,15860.02,0.232,0.0561,6,1,3.81,500.0,2.61,1
40316.52,35,12091.49,0.2999,0.2467,3,0,7.94,14417.69,6.9,0
56639.91,21,26546.53,0.4687,0.1643,2,1,9.61,29447.04,5.72,0
64145.61,46,3171.2,0.0494,0.3823,5,0,18.79,15142.01,7.42,1
84116.45,55,5714.63,0.0679,0.0007,4,4,8.88,918.85,2.74,1
69090.13,45,2902.72,0.042,0.1888,4,2,8.14,6318.89,2.9,1
70781.13,62,16019.68,0.2263,0.1077,9,1,9.11,7907.14,3.15,1
56676.53,35,1945.28,0.0343,0.2248,5,1,3.38,500.0,9.79,1
83209.18,42,6789.09,0.0816,0.3598,4,1,9.63,12804.99,5.96,1
63195.26,26,6530.93,0.1033,0.4027,5,1,10.79,9196.75,6.86,0
37778.24,35,11872.7,0.3143,0.3479,3,2,7.95,9571.47,2.51,0
83067.4,44,0.0,0.0,0.1443,3,1,6.47,11003.84,1.65,1
68958.07,41,16046.46,0.2327,0.1191,5,0,6.02,6223.3,2.2,0
46139.12,27,29967.64,0.6495,0.1247,2,1,9.92,18840.18,5.26,1
45410.14,49,16625.9,0.3661,0.2028,6,0,5.92,13471.65,5.72,0
60931.51,52,33495.85,0.5497,0.044,4,1,7.69,7729.75,6.02,1
64263.7,52,31007.98,0.4825,0.0748,4,2,13.49,15559.82,5.2,0
58945.85,25,24332.82,0.4128,0.0224,3,1,15.16,14843.93,3.39,1
61226.17,24,15896.23,0.2596,0.0705,5,1,4.82,4360.08,7.62,0
88999.15,42,15270.0,0.1716,0.1364,3,2,6.39,10616.41,2.98,1
76430.86,38,24165.6,0.3162,0.153,3,0,4.64,10604.64,2.23,1
58812.71,55,10299.95,0.1751,0.05,3,3,7.58,7318.14,4.61,1
73826.21,37,0.0,0.0,0.303,2,0,12.04,1146.17,3.49,1
34349.52,44,20904.05,0.6086,0.3998,8,1,7.0,7069.9,1.85,0
62958.54,22,1427.18,0.0227,0.5272,3,0,9.5,22130.72,6.15,1
91186.13,33,3454.31,0.0379,0.4394,6,1,8.72,6807.87,5.98,1
50639.08,35,15002.69,0.2963,0.1734,3,0,9.75,19191.88,8.88,1
38047.32,25,13858.5,0.3642,0.4226,3,3,12.28,11717.56,3.01,0
41958.22,23,0.0,0.0,0.3027,1,0,19.7,13341.36,4.72,1
33207.34,57,16985.9,0.5115,0.3373,4,0,9.8,2206.47,8.37,0
39304.76,57,26593.68,0.6766,0.1606,6,1,5.34,21311.58,6.14,0
47589.84,57,1459.9,0.0307,0.1012,2,2,7.26,28481.28,10.49,1
26888.66,23,30269.8,1.1257,0.2108,5,1,7.37,6414.49,5.63,0
55312.37,55,0.0,0.0,0.0833,6,0,5.43,22428.14,9.93,1
73045.54,43,40407.89,0.5532,0.3473,6,1,9.33,1846.05,11.64,1
36844.88,48,10064.87,0.2732,0.2272,3,1,21.72,11569.54,6.33,0
85385.68,50,16747.4,0.1961,0.2526,4,1,12.13,2621.53,5.4,1
65215.84,38,0.0,0.0,0.5239,0,1,5.74,15019.2,5.59,1
75611.61,56,14254.37,0.1885,0.1052,3,0,9.88,10367.29,6.27,1
41843.31,53,17741.79,0.424,0.0326,1,2,5.96,11593.36,3.16,0
72090.5,46,13966.05,0.1937,0.3371,1,2,11.32,22495.55,5.3,1
33161.32,60,8243.03,0.2486,0.2035,4,0,4.05,21948.2,5.12,0
72804.95,37,3641.23,0.05,0.292,4,1,32.73,10622.4,8.08,1
58436.79,60,28566.32,0.4888,0.405,2,0,17.99,20858.36,6.34,1
66065.02,27,15369.69,0.2326,0.7059,2,3,3.39,21202.87,9.93,0
31488.11,28,33489.03,1.0635,0.4719,8,1,10.55,20875.68,8.81,0
37098.6,51,8682.21,0.234,0.2306,7,1,12.51,13181.95,7.52,0
66944.56,32,9782.46,0.1461,0.1312,3,1,8.97,14644.72,1.65,1
36033.04,51,24787.13,0.6879,0.3008,2,2,10.31,9730.81,4.86,0
64264.13,64,0.0,0.0,0.1364,1,1,15.12,30672.15,2.54,1
27657.24,39,438.44,0.0159,0.3496,2,1,12.15,15192.04,6.23,0
71963.48,30,28169.82,0.3914,0.6083,6,2,5.43,11342.82,4.15,0
30349.53,59,936.79,0.0309,0.7601,5,3,22.1,16025.25,8.28,1
66046.0,32,0.0,0.0,0.3224,8,3,7.15,14173.0,4.87,1
67512.62,40,37422.33,0.5543,0.176,4,2,5.05,28499.48,13.24,1
41064.56,57,0.0,0.0,0.2758,1,1,10.14,11824.66,6.5,1
66640.53,61,17209.43,0.2582,0.2531,2,2,19.33,18125.43,4.71,1
60208.85,27,15829.02,0.2629,0.0929,4,3,10.41,11044.14,2.69,0
44223.16,34,0.0,0.0,0.3,2,2,19.05,500.0,10.75,1
34828.91,31,11792.2,0.3386,0.1636,3,0,15.28,12011.71,8.03,1
15747.49,27,20380.96,1.2942,0.2354,3,1,6.66,18827.74,3.23,0
61993.0,49,19251.71,0.3105,0.3225,8,0,11.85,13087.63,3.96,1
23703.94,30,25842.25,1.0902,0.5701,0,1,8.89,2750.06,7.69,0
56906.88,49,10350.1,0.1819,0.5421,11,1,30.02,24682.15,13.72,1
49731.04,29,23550.05,0.4735,0.1788,1,0,15.36,2482.45,6.85,0
68582.86,56,6728.05,0.0981,0.362,3,3,3.73,5816.16,2.53,1
48959.09,30,0.0,0.0,0.5112,6,0,15.39,2999.56,2.28,1
48411.04,39,0.0,0.0,0.1649,7,0,8.17,3709.65,5.68,1
69637.41,51,0.0,0.0,0.3366,2,3,3.73,12359.99,13.81,1
61701.16,37,27115.03,0.4395,0.1653,1,0,14.44,16887.67,1.65,1
61323.12,29,0.0,0.0,0.2905,5,1,2.07,7304.48,8.45,0
64385.35,53,18288.47,0.284,0.329,5,1,14.19,16514.75,3.51,1
24288.56,54,11808.91,0.4862,0.4863,8,0,5.41,18152.64,8.53,0
70135.77,44,13768.22,0.1963,0.5749,2,0,13.44,9368.48,6.88,0
67249.38,29,31363.29,0.4664,0.5083,5,1,10.94,500.0,5.73,0
34666.34,27,9738.87,0.2809,0.4812,5,0,9.19,24111.66,5.37,0
50118.39,36,22339.22,0.4457,0.2589,5,1,10.38,6634.95,5.89,1
54213.85,39,15450.76,0.285,0.1245,4,1,17.02,500.0,1.38,0
52310.06,59,13175.77,0.2519,0.0618,2,3,21.97,8887.68,6.83,1
61677.2,26,42599.63,0.6907,0.484,6,1,10.11,16669.8,7.05,0
83627.34,31,0.0,0.0,0.4851,3,1,20.87,17868.87,1.6,1
76635.33,32,30469.58,0.3976,0.263,4,2,4.65,2904.15,7.98,1
28755.62,62,22876.88,0.7956,0.5416,1,1,10.49,500.0,3.51,0
67441.4,33,9245.7,0.1371,0.2476,2,0,9.46,14447.19,9.85,1
81578.67,32,34551.82,0.4235,0.3597,6,0,8.49,16135.35,6.39,0
62736.17,41,0.0,0.0,0.5903,1,0,4.76,20943.37,3.75,0
76819.61,30,8738.8,0.1138,0.0484,2,0,8.05,20025.77,8.71,1
95245.41,40,498.21,0.0052,0.2909,0,3,4.14,13173.39,4.32,1
75474.19,56,19945.0,0.2643,0.3889,5,1,8.68,4651.3,5.75,1
59986.17,48,1643.23,0.0274,0.1163,6,1,16.01,8139.0,4.77,1
75901.77,44,20196.77,0.2661,0.3791,3,1,5.86,10056.34,5.95,0
57897.76,25,12762.76,0.2204,0.1309,3,3,11.69,4677.15,4.14,1
55478.06,57,9247.75,0.1667,0.3544,5,1,4.23,20647.81,9.33,1
47971.72,32,19663.77,0.4099,0.2893,5,3,16.24,20222.87,8.9,0
86268.27,55,11776.54,0.1365,0.4919,6,2,10.16,832.28,13.6,0
38631.43,60,1936.38,0.0501,0.1354,4,1,9.11,9426.57,3.78,1
85647.35,22,48616.48,0.5676,0.1876,5,1,11.17,28497.44,5.48,0
64997.28,61,9153.99,0.1408,0.4459,2,1,8.62,21303.06,4.95,1
27013.88,59,0.0,0.0,0.1357,5,2,9.5,13505.71,6.38,0
62352.99,62,4894.82,0.0785,0.2961,3,1,16.84,20767.01,5.9,1
12999.47,29,0.0,0.0,0.3641,1,2,10.43,25195.16,2.2,0
67510.16,42,24913.75,0.369,0.2843,7,0,7.73,12756.88,13.66,1
72704.63,25,18859.83,0.2594,0.425,5,5,20.63,1144.63,8.86,1
43152.88,32,19784.55,0.4585,0.5155,3,2,13.01,18877.37,9.44,0
57470.95,21,10559.73,0.1837,0.3689,3,3,8.59,19291.78,6.27,0
94083.15,64,11647.8,0.1238,0.1075,4,0,14.5,3954.07,9.72,1
44885.07,42,10548.83,0.235,0.1976,5,1,8.28,14084.09,0.77,0
33821.85,58,14025.68,0.4147,0.1841,6,0,4.02,5674.71,10.64,0
84633.27,39,25024.0,0.2957,0.392,5,0,3.18,500.0,3.99,1
94251.74,36,19032.9,0.2019,0.18,2,2,7.32,13765.6,5.61,0
55073.91,51,21001.35,0.3813,0.0346,3,1,13.9,23617.09,6.31,0
75229.26,23,20994.71,0.2791,0.5471,4,0,7.9,14569.89,4.72,1
81829.52,43,25613.31,0.313,0.1129,3,2,6.57,13415.08,4.92,1
40150.32,62,18457.8,0.4597,0.2269,5,2,10.32,1338.95,1.23,1
45293.88,38,19306.18,0.4262,0.3674,4,1,8.35,17026.2,7.43,0
79617.49,46,29265.67,0.3676,0.2285,2,1,6.57,7571.74,7.75,1
88700.29,33,7019.45,0.0791,0.2359,1,0,16.92,5776.11,2.84,1
66257.62,38,4731.09,0.0714,0.792,4,1,11.87,19057.84,3.79,1
37403.71,23,768.94,0.0206,0.1947,2,1,12.49,2275.07,3.61,0
94741.22,43,17194.97,0.1815,0.546,4,1,2.57,10305.43,8.78,1
44380.58,23,0.0,0.0,0.1937,4,0,13.76,2817.08,6.23,1
48297.24,45,20545.85,0.4254,0.4817,6,2,14.71,9604.14,11.26,1
61846.76,47,13689.68,0.2213,0.0954,3,1,2.83,500.0,5.82,1
86083.21,64,28615.68,0.3324,0.1291,7,0,10.86,16332.86,1.62,1
72079.52,47,6936.99,0.0962,0.4614,5,1,13.77,15121.43,9.79,0
63297.31,59,12560.18,0.1984,0.1999,2,0,15.84,29414.7,6.77,0
64265.77,45,28466.44,0.4429,0.6971,2,1,10.28,13938.71,5.3,0
55870.29,44,31597.63,0.5656,0.3124,1,1,13.63,4782.59,2.57,1
66162.79,28,6838.17,0.1034,0.34,4,1,12.39,19933.37,2.23,1
12000.0,29,17181.37,1.4318,0.1981,5,2,10.71,19751.21,6.16,0
49067.85,57,18533.03,0.3777,0.0974,7,2,5.42,22453.73,2.35,0
59826.44,50,19483.84,0.3257,0.2291,0,0,9.16,500.0,5.8,1
31979.72,39,11849.09,0.3705,0.0398,0,0,12.42,6391.47,6.95,1
62726.47,36,30376.6,0.4843,0.4155,2,1,12.98,4739.46,2.11,0
50910.58,44,0.0,0.0,0.1685,3,0,20.06,24228.91,2.25,1
90109.51,64,9946.44,0.1104,0.3081,1,0,12.1,18444.33,6.65,1
86460.39,41,20375.17,0.2357,0.3619,7,0,6.75,21043.65,1.56,1
45683.89,56,20486.7,0.4484,0.1708,5,0,7.36,3320.41,8.95,0
51983.25,60,31233.11,0.6008,0.3203,6,4,4.92,13060.55,3.13,0
53521.05,59,29378.7,0.5489,0.2221,5,1,19.58,500.0,5.45,1
45966.81,26,11573.5,0.2518,0.2056,5,0,8.89,3181.53,5.17,0
58900.5,25,30598.45,0.5195,0.2999,4,0,10.28,12988.23,5.47,0
39834.36,34,6431.5,0.1615,0.1979,6,1,9.3,13773.66,6.59,1
32387.69,62,26170.65,0.808,0.5835,5,1,9.24,15146.85,4.53,0
67454.22,24,36726.27,0.5445,0.0883,2,4,18.43,6797.73,2.34,1
67590.59,28,29579.33,0.4376,0.2533,5,2,5.48,15402.98,6.77,1
38913.68,44,16269.24,0.4181,0.1043,4,0,4.67,12036.89,4.44,0
72907.11,31,11018.65,0.1511,0.6939,6,0,7.19,24560.26,4.73,1
42368.45,37,0.0,0.0,0.5463,3,0,11.08,8587.05,1.53,1
60063.3,41,18726.48,0.3118,0.5173,4,1,13.57,500.0,6.2,0
71406.88,46,1617.39,0.0227,0.0205,10,1,5.05,16934.19,6.74,1
54327.75,63,5482.38,0.1009,0.3416,3,1,1.35,14686.79,2.43,0
64094.82,64,711.05,0.0111,0.24,5,1,5.84,4881.22,2.38,1
44671.41,47,9475.29,0.2121,0.4613,7,1,11.66,9387.99,1.39,0
51070.67,36,14664.37,0.2871,0.266,3,0,5.03,13551.42,5.69,1
50882.81,46,18283.37,0.3593,0.2183,3,0,7.99,8964.81,5.19,1
40068.43,53,7793.92,0.1945,0.3687,5,0,10.84,3116.41,7.0,0
51464.52,51,27831.4,0.5408,0.4055,6,0,9.61,10402.33,7.25,0
24027.63,26,12501.54,0.5203,0.2667,0,1,4.06,19074.67,5.07,0
45176.93,64,5547.33,0.1228,0.4185,7,1,10.19,9107.05,6.84,0
49302.49,28,17715.51,0.3593,0.2436,0,2,13.72,13694.08,3.31,1
49876.4,27,38562.63,0.7732,0.3455,7,1,2.38,10548.26,5.94,0
50170.05,54,19021.93,0.3791,0.6736,9,0,8.0,2119.46,1.76,0
53764.72,64,10645.73,0.198,0.2617,4,0,13.19,11149.1,6.36,1
64588.83,34,0.0,0.0,0.4361,4,2,11.83,8438.0,7.9,1
72490.34,36,12367.05,0.1706,0.3861,6,2,10.25,18068.18,4.81,1
42004.7,63,17819.14,0.4242,0.213,5,4,9.96,21882.67,9.56,0
30935.98,29,10349.03,0.3345,0.3023,3,0,11.19,19053.56,4.31,0
34159.11,30,0.0,0.0,0.1853,4,0,8.86,6118.65,4.13,1
45255.94,37,4793.22,0.1059,0.1663,6,1,5.25,2697.58,6.31,1
47961.57,32,32454.46,0.6767,0.2339,2,1,4.62,500.0,4.64,0
39600.08,26,32208.01,0.8133,0.1027,2,2,8.65,13354.91,8.75,0
29077.67,39,4360.33,0.15,0.3729,6,0,10.96,6326.67,6.21,1
45877.58,63,23073.08,0.5029,0.2468,3,1,12.29,3096.56,1.71,0
58628.53,61,857.13,0.0146,0.656,4,3,14.24,27695.12,3.45,1
66900.59,49,31851.8,0.4761,0.164,2,0,5.13,15889.72,3.99,1
43851.54,26,17942.83,0.4092,0.541,2,1,11.93,14689.41,9.46,0
46740.04,45,26395.7,0.5647,0.7383,4,0,7.15,14290.2,1.83,0
36466.03,44,0.0,0.0,0.3439,3,0,4.6,24950.2,2.11,1
54371.22,45,23131.65,0.4254,0.2331,5,1,8.37,10663.7,3.63,0
38031.43,36,14907.91,0.392,0.2688,4,1,11.31,16942.57,4.96,1
66462.56,36,25223.15,0.3795,0.4328,5,1,6.33,19227.14,6.12,0
19282.67,26,25978.41,1.3472,0.3258,2,1,11.25,26861.94,6.18,0
47807.41,57,15789.42,0.3303,0.0861,6,0,17.42,11988.24,18.07,1
61022.15,41,7790.04,0.1277,0.1103,4,2,9.86,21876.82,5.43,1
58676.69,24,24356.35,0.4151,0.6003,3,1,14.47,500.0,7.25,0
108860.67,54,14278.15,0.1312,0.0533,3,0,13.77,28939.15,0.66,1
61996.0,48,4526.58,0.073,0.1657,3,0,6.59,15380.86,2.44,0
34918.91,58,3958.17,0.1134,0.5515,4,1,4.28,18042.12,8.3,1
53090.72,61,0.0,0.0,0.2889,6,0,8.09,1728.92,10.83,1
19475.07,48,8876.51,0.4558,0.561,6,0,10.4,1211.35,2.37,0
53388.01,37,28232.3,0.5288,0.3554,1,0,13.49,6830.64,4.69,0
38338.88,34,17133.96,0.4469,0.1899,5,0,7.58,12158.44,4.82,0
73307.81,27,8642.79,0.1179,0.2695,3,3,6.88,9963.94,8.38,1
44009.19,42,24658.27,0.5603,0.089,2,2,6.82,8720.15,9.31,0
52664.68,21,5010.28,0.0951,0.3239,4,2,11.28,10424.69,12.34,1
42288.84,49,16144.2,0.3818,0.3333,4,2,6.86,500.0,4.0,0
89777.03,51,12844.44,0.1431,0.0142,3,2,6.31,15412.1,4.77,1
48575.14,50,24349.57,0.5013,0.1055,6,1,10.04,10641.31,9.91,1
91651.14,35,0.0,0.0,0.0487,3,4,10.64,19608.86,4.91,1
71283.04,38,4797.63,0.0673,0.4059,3,1,8.34,8192.92,4.23,1
64641.33,55,0.0,0.0,0.4947,3,2,12.1,9023.82,8.68,1
62374.66,50,11884.84,0.1905,0.1221,3,1,15.11,13264.69,4.31,0
62875.95,54,29537.13,0.4698,0.0086,5,0,11.89,17472.21,5.77,0
16446.55,62,8934.63,0.5433,0.3658,1,3,12.63,21205.23,6.23,0
49422.33,31,8871.79,0.1795,0.3012,2,2,2.24,11674.53,4.18,0
71903.16,47,25460.69,0.3541,0.47,5,0,29.4,15428.44,0.58,1
54022.06,44,27822.59,0.515,0.2131,2,1,11.4,12264.56,5.91,1
26896.2,55,13937.15,0.5182,0.285,3,1,7.61,9649.0,8.54,0
53951.91,59,23216.58,0.4303,0.121,9,5,9.37,500.0,0.81,1
89082.11,28,2076.55,0.0233,0.5407,2,0,5.42,13647.45,6.66,1
79937.83,38,31535.69,0.3945,0.529,5,2,13.76,4714.62,2.24,1
53759.92,33,40784.48,0.7586,0.566,3,1,3.66,18965.95,7.92,0
74028.99,44,21254.59,0.2871,0.2232,3,4,6.0,5054.97,6.88,0
47669.86,43,0.0,0.0,0.3039,8,2,4.46,7454.27,2.8,0
20922.57,32,8301.24,0.3968,0.0392,2,1,13.31,5424.47,3.71,1
36510.68,50,22353.9,0.6123,0.1929,2,1,13.39,16265.93,2.49,0
86257.78,51,9942.2,0.1153,0.1067,9,0,4.94,9574.23,3.56,1
49520.14,48,30266.38,0.6112,0.3009,3,2,12.76,16546.76,4.91,0
50132.32,42,22057.89,0.44,0.3955,1,0,20.3,500.0,10.76,0
49003.24,64,6522.29,0.1331,0.3725,5,2,9.32,27953.22,15.95,0
93082.73,48,15387.18,0.1653,0.346,2,1,8.68,3917.49,1.66,0
87519.18,33,4274.0,0.0488,0.348,5,1,15.61,18149.43,2.91,1
99375.6,45,12808.98,0.1289,0.3694,5,0,5.4,15999.62,11.38,1
51819.1,64,8344.88,0.161,0.3038,7,0,11.94,17693.38,1.33,1
60912.49,27,29097.14,0.4777,0.189,3,4,8.82,5457.59,4.26,0
24667.15,26,40392.14,1.6375,0.108,3,0,3.11,9288.25,5.63,0
84538.69,44,0.0,0.0,0.3513,8,2,20.77,15186.97,3.56,1
31644.41,39,0.0,0.0,0.0843,2,1,21.41,12031.6,8.5,1
59335.51,39,12057.93,0.2032,0.3702,4,2,14.36,4725.29,1.7,1
33053.95,56,0.0,0.0,0.4867,7,2,2.53,16586.91,8.61,1
43222.66,29,15554.54,0.3599,0.166,4,0,7.37,30269.77,3.43,0
38254.75,56,23987.23,0.627,0.3431,0,0,6.03,8625.96,5.05,0
42842.49,58,32929.7,0.7686,0.5171,2,0,1.52,15905.18,2.73,0
44217.55,60,17416.73,0.3939,0.0548,7,3,10.73,13822.86,5.43,1
44034.62,49,12682.14,0.288,0.1723,2,4,10.63,9033.61,6.46,1
71666.68,44,0.0,0.0,0.1393,4,0,11.86,18450.27,2.78,1
32902.74,25,15314.22,0.4654,0.2165,3,2,5.53,18340.96,10.7,0
59410.83,62,15855.45,0.2669,0.3646,7,3,19.14,7601.49,3.44,0
79359.18,46,22667.48,0.2856,0.4351,2,0,6.13,23463.96,6.68,0
44736.07,34,6498.14,0.1453,0.0497,4,3,12.32,12085.42,7.47,0
40641.62,59,9779.37,0.2406,0.2662,3,0,11.13,20604.47,6.38,1
50389.51,49,0.0,0.0,0.0499,3,0,7.42,14754.68,11.36,1
78594.5,26,0.0,0.0,0.6402,2,2,4.52,12316.66,7.71,0
58882.15,27,1698.03,0.0288,0.6364,5,4,4.5,11933.54,5.14,1
44375.71,57,0.0,0.0,0.2144,5,1,1.71,17409.68,6.3,0
64677.53,38,19040.55,0.2944,0.076,4,0,3.68,3200.54,5.12,1
32954.16,43,8782.39,0.2665,0.1964,2,2,11.51,14970.61,5.53,0
68627.19,64,8541.15,0.1245,0.0654,1,0,8.94,22481.74,11.45,1
63172.15,58,3187.04,0.0505,0.2959,1,1,14.04,16084.64,1.06,1
48843.83,21,0.0,0.0,0.2744,2,0,14.95,500.0,4.08,1
38228.28,24,33099.73,0.8658,0.4142,4,1,12.6,935.65,4.45,0
37266.38,64,2996.75,0.0804,0.1649,5,2,7.63,12168.08,4.02,0
65696.35,55,10050.96,0.153,0.158,3,3,5.57,5704.43,3.31,1
79579.61,43,0.0,0.0,0.1626,2,0,4.02,19117.4,8.31,1
42253.85,47,26663.16,0.631,0.1503,5,3,9.29,8206.09,2.47,0
64167.73,46,16721.15,0.2606,0.3032,3,2,3.78,16410.53,4.11,1
13259.46,28,5083.62,0.3834,0.3802,4,1,8.44,27514.93,5.22,0
43307.65,63,10293.24,0.2377,0.3622,4,0,24.69,12184.12,2.18,0
54378.82,36,35138.16,0.6462,0.4643,7,4,21.58,3905.52,1.11,0
36806.33,61,14124.37,0.3837,0.3275,5,0,10.97,15166.64,3.47,0
36269.87,23,12819.2,0.3534,0.2219,3,1,6.75,14261.86,9.98,0
41644.41,52,3703.42,0.0889,0.5745,2,2,15.08,14000.25,5.24,1
60843.85,25,0.0,0.0,0.3595,5,1,14.88,22944.22,10.28,1
51253.42,40,13079.54,0.2552,0.0645,3,3,10.52,2510.7,2.92,1
12000.0,34,18905.82,1.5755,0.4809,2,2,22.84,19995.9,2.49,0
12586.0,52,28195.01,2.2402,0.0774,6,2,10.68,7150.5,2.0,0
42862.7,46,0.0,0.0,0.1553,1,1,15.95,23044.74,5.44,1
64153.73,26,1498.84,0.0234,0.4319,2,0,6.33,500.0,10.21,1
12000.0,56,8031.11,0.6693,0.234,7,0,21.88,29844.94,4.15,0
45005.4,60,14958.23,0.3324,0.1283,3,0,6.29,9833.43,6.36,0
44475.04,25,13259.6,0.2981,0.1914,2,1,7.11,2317.77,6.8,0
82766.76,33,13539.74,0.1636,0.4561,5,0,3.65,19260.38,7.09,1
47299.56,52,19897.15,0.4207,0.1535,4,1,5.85,16093.13,0.66,1
62659.78,36,4160.48,0.0664,0.1896,4,1,13.1,15625.51,5.29,1
57825.14,21,26209.7,0.4533,0.6937,6,1,6.57,19436.79,5.01,0
12388.67,33,20201.43,1.6306,0.2324,3,0,6.02,12291.14,0.89,0
70364.14,31,11162.01,0.1586,0.1591,5,2,8.94,9659.52,6.98,1
59307.93,28,34210.9,0.5768,0.6483,5,0,4.59,2724.87,7.29,0
65165.37,45,33676.99,0.5168,0.3624,3,2,15.27,11089.19,4.23,1
133524.75,60,26194.74,0.1962,0.5066,7,1,8.25,7908.43,1.67,1
13317.74,52,0.0,0.0,0.2411,3,2,5.54,11933.08,0.97,0
89493.93,44,33947.34,0.3793,0.3395,4,1,23.72,12903.4,8.01,1
49251.05,48,24537.1,0.4982,0.582,5,0,3.47,25898.99,3.27,0
60746.58,34,39076.9,0.6433,0.4643,5,1,9.62,6021.5,8.7,0
54089.76,23,29849.58,0.5519,0.3679,7,1,9.65,10871.57,4.99,1
46515.27,56,33940.11,0.7297,0.1867,4,0,14.3,8516.73,4.02,0
43603.34,47,25543.86,0.5858,0.2674,6,2,11.45,776.89,2.29,0
61590.17,40,31184.32,0.5063,0.3862,3,2,12.52,35293.83,3.63,0
24656.53,35,38929.48,1.5789,0.188,4,2,17.54,4510.98,7.42,0
70011.58,47,17598.66,0.2514,0.1832,5,1,9.41,14955.2,8.03,1
46676.11,61,0.0,0.0,0.4367,2,1,15.44,25601.74,4.99,1
32398.61,48,11310.47,0.3491,0.4354,6,0,5.46,2084.96,7.24,0
45999.74,45,19679.35,0.4278,0.2578,2,2,12.95,19008.48,7.98,0
80142.98,62,15898.65,0.1984,0.1477,5,1,13.48,500.0,8.05,0
44293.3,64,41.26,0.0009,0.5208,4,0,6.56,5580.8,5.1,0
62169.07,53,0.0,0.0,0.3473,4,3,9.74,16490.53,4.04,0
40380.87,34,6106.05,0.1512,0.143,1,0,13.24,9818.23,9.03,1
70158.44,28,24692.87,0.352,0.6819,1,0,12.32,23636.15,7.98,1
68710.15,34,33964.08,0.4943,0.4106,3,3,15.32,13028.04,4.49,0
91972.18,21,25998.81,0.2827,0.1468,4,3,5.39,16167.97,6.55,1
51488.72,36,27689.13,0.5378,0.1582,3,0,15.69,6481.16,5.93,0
68373.1,38,14030.21,0.2052,0.1711,2,1,4.2,3691.7,5.32,0
56961.35,27,0.0,0.0,0.3359,7,2,10.39,2752.35,5.39,1
80917.44,35,9537.35,0.1179,0.1644,10,1,8.55,4520.43,2.96,1
40623.35,44,11894.83,0.2928,0.35,2,1,19.2,6440.42,13.99,1
69900.11,33,9035.37,0.1293,0.3576,6,1,11.23,21256.8,3.18,1
51106.05,29,15656.34,0.3063,0.1298,2,1,5.34,15227.22,5.57,1
53716.24,35,20297.04,0.3779,0.2246,2,1,3.74,1778.15,11.71,1
56835.05,55,25236.18,0.444,0.1995,3,0,12.32,8705.06,9.43,0
60044.81,44,11662.56,0.1942,0.2461,6,3,4.16,11757.13,2.87,1
52675.42,53,0.0,0.0,0.1285,3,3,5.85,35467.62,5.0,0
59294.26,36,9205.47,0.1553,0.1749,6,2,9.57,12068.63,7.13,1
86562.36,28,15524.52,0.1793,0.1363,7,1,6.53,15629.03,5.56,1
74708.99,49,29673.7,0.3972,0.2905,5,1,8.53,4061.07,3.18,1
72383.09,43,8186.31,0.1131,0.2349,4,2,8.21,17765.19,7.76,1
45889.21,51,21150.52,0.4609,0.5382,1,0,10.41,23043.59,9.52,0
37215.18,60,18481.05,0.4966,0.5225,4,3,10.96,10793.43,4.55,0
74106.01,34,15526.81,0.2095,0.2903,2,3,9.24,16923.97,5.12,1
72520.94,50,26166.4,0.3608,0.4216,4,1,9.78,16603.84,3.02,1
84453.41,59,7069.91,0.0837,0.3382,4,0,12.31,12555.63,7.56,1
42920.39,47,8097.76,0.1887,0.1256,3,1,6.61,22327.75,3.57,1
50409.03,36,14857.19,0.2947,0.2089,6,0,7.14,5610.49,6.44,0
22210.32,26,7318.24,0.3295,0.2525,1,1,16.63,5022.59,16.3,1
47150.58,53,21096.15,0.4474,0.3166,2,0,7.04,12035.6,8.83,1
74931.41,64,6441.69,0.086,0.2588,5,1,18.24,9013.28,6.32,1
45670.09,38,17715.65,0.3879,0.3884,7,0,13.99,500.0,3.33,0
67809.6,36,13797.93,0.2035,0.1513,6,1,5.55,6149.31,3.4,1
51189.94,32,17579.11,0.3434,0.5712,6,0,15.04,500.0,6.15,0
61481.14,40,9483.1,0.1542,0.3445,2,1,25.51,9435.18,5.1,1
32046.17,60,10930.94,0.3411,0.41,1,2,11.54,17705.87,1.86,0
56704.19,49,16152.11,0.2848,0.0718,5,0,10.77,12433.13,2.71,0
12000.0,50,17424.89,1.4521,0.3337,5,2,14.27,13067.45,16.03,0
51262.08,46,14949.58,0.2916,0.5796,5,1,15.19,10755.52,4.97,1
22390.54,42,35464.35,1.5839,0.1574,0,2,8.88,13693.46,7.78,0
79119.89,53,3111.16,0.0393,0.3194,6,2,6.72,34599.46,2.49,1
70548.15,59,14229.55,0.2017,0.2869,4,2,3.27,9182.91,0.98,1
64333.42,49,0.0,0.0,0.2519,7,1,6.79,11893.95,19.86,1
85420.12,42,19464.98,0.2279,0.2659,4,3,7.21,5083.74,8.89,1
36021.67,33,1617.04,0.0449,0.0925,6,1,14.04,500.0,11.47,0
89947.26,29,11660.28,0.1296,0.3771,5,1,10.82,14124.26,3.86,1
73643.83,44,10535.23,0.1431,0.1625,7,1,16.38,21053.95,4.79,1
50268.89,35,18370.69,0.3654,0.3745,2,1,7.33,30560.38,3.78,1
77712.4,56,8366.51,0.1077,0.4486,1,2,11.85,10499.66,4.91,0
32874.13,33,7856.33,0.239,0.173,6,2,3.18,9926.57,9.45,1
38509.72,47,32230.28,0.8369,0.3057,5,0,12.42,19484.29,3.63,0
42828.21,64,18414.8,0.43,0.6685,5,2,9.88,25697.55,4.78,0
44420.45,57,8267.39,0.1861,0.3174,4,3,8.41,2114.18,4.39,0
33868.85,27,11990.0,0.354,0.2571,11,0,6.8,17316.49,7.45,0
79461.66,28,34744.26,0.4372,0.1928,5,2,19.6,26622.83,2.87,0
49822.91,57,12178.02,0.2444,0.2812,7,2,4.19,10008.38,3.45,0
62050.1,61,6728.68,0.1084,0.0898,6,3,7.8,2734.82,10.51,1
43592.97,34,6780.05,0.1555,0.3158,6,2,7.59,18281.67,13.08,1
18587.93,32,8410.48,0.4525,0.2733,2,1,7.06,1235.8,11.15,0
60401.15,56,7866.03,0.1302,0.1515,2,0,8.77,21522.61,5.05,0
16754.9,60,0.0,0.0,0.0988,7,2,14.36,27925.37,14.82,1
53627.32,37,1509.6,0.0281,0.1785,4,3,14.77,7999.07,6.2,0
27633.7,60,5048.16,0.1827,0.1298,3,1,17.84,25264.29,3.45,1
94745.52,49,22098.85,0.2332,0.3539,6,1,8.82,17050.19,5.03,1
73227.25,47,10425.15,0.1424,0.0527,7,0,22.77,23087.69,1.7,1
57115.08,21,12514.06,0.2191,0.0767,2,3,11.92,6801.01,2.64,0
80274.13,54,30241.06,0.3767,0.4506,1,0,4.68,16987.28,4.37,0
38073.68,24,30540.09,0.8021,0.1848,3,1,4.27,13937.47,10.05,0
65869.59,44,11614.5,0.1763,0.4038,1,1,13.21,5715.01,10.28,1
58996.21,41,7429.64,0.1259,0.0973,4,1,5.25,9184.52,5.48,0
60280.4,53,4626.84,0.0768,0.5164,0,1,14.9,16608.95,3.44,0
80447.07,27,23313.31,0.2898,0.3144,3,2,7.14,3000.58,8.9,1
69649.84,21,12543.51,0.1801,0.3216,2,2,12.71,2388.4,1.79,0
60774.47,61,10362.06,0.1705,0.2503,2,0,16.19,1783.36,3.19,1
21902.25,23,5236.03,0.2391,0.1253,3,1,18.54,5794.48,2.52,1
35799.07,64,5764.0,0.161,0.2202,7,4,6.18,14290.3,6.63,0
52545.82,35,18840.7,0.3586,0.3931,3,0,13.66,7947.67,12.07,1
56867.45,51,0.0,0.0,0.1701,4,0,6.05,22221.55,4.7,1
32395.93,36,26938.42,0.8315,0.0598,8,0,6.75,500.0,5.61,0
103233.53,30,8593.86,0.0832,0.2514,1,2,3.48,16104.8,6.52,1
85327.88,49,13204.37,0.1547,0.1767,5,1,10.57,9064.3,3.29,1
67042.37,26,0.0,0.0,0.3552,2,0,10.98,11161.82,6.7,1
56440.74,49,14851.61,0.2631,0.3306,8,1,8.33,17475.0,15.47,1
50755.82,37,11060.15,0.2179,0.1129,9,2,5.03,500.0,9.52,1
35961.63,42,14399.03,0.4004,0.3769,5,1,6.43,500.0,10.62,1
56549.61,44,32660.51,0.5776,0.3656,3,3,13.93,11498.68,5.13,0
60155.05,37,17132.38,0.2848,0.4304,1,2,8.44,10220.05,1.98,1
30164.79,41,5464.09,0.1811,0.4022,9,0,12.12,575.01,10.04,1
61683.53,31,6464.16,0.1048,0.3905,4,0,4.45,28041.5,8.62,0
51894.82,27,22141.57,0.4267,0.4904,2,0,15.75,2731.25,2.96,1
16843.85,62,30584.32,1.8158,0.5442,2,2,18.54,7741.6,2.78,0
37792.3,59,18383.02,0.4864,0.3085,6,0,22.56,21200.0,0.67,0
46727.89,25,23264.55,0.4979,0.3461,4,0,12.0,6599.29,0.58,1
92753.75,64,22316.85,0.2406,0.1809,0,0,19.18,5057.21,27.9,1
66131.06,41,32028.77,0.4843,0.0963,2,1,3.86,15112.53,15.02,0
28290.37,38,0.0,0.0,0.357,4,1,6.96,6055.16,4.05,0
64720.73,55,23006.63,0.3555,0.3491,3,0,12.27,15158.78,5.81,1
24053.92,40,26804.83,1.1144,0.3211,2,0,14.24,16104.61,5.34,0
76653.82,35,0.0,0.0,0.4869,3,0,7.36,15034.09,5.66,1
45577.51,25,4371.98,0.0959,0.0579,3,0,1.92,21431.77,4.48,0
53127.28,33,4790.61,0.0902,0.3908,3,2,4.76,8913.12,2.02,0
81515.93,32,6254.52,0.0767,0.1147,2,1,6.62,7967.56,16.84,1
29256.73,41,9219.4,0.3151,0.3731,1,0,8.94,11315.77,7.42,0
27057.64,57,17911.23,0.662,0.0591,6,0,6.99,500.0,4.0,0
43328.01,26,25388.1,0.586,0.3315,4,0,9.1,13709.46,15.17,0
75767.58,27,27975.8,0.3692,0.7052,3,1,12.01,9362.87,11.04,0
24613.08,46,4946.12,0.201,0.2119,5,1,2.99,15059.65,14.64,1
12000.0,62,4863.56,0.4053,0.1794,2,2,10.43,4829.43,10.02,0
45976.82,28,30789.86,0.6697,0.4462,7,2,17.38,22762.25,4.33,0
66034.82,29,22760.93,0.3447,0.3755,0,3,7.99,10337.94,6.44,0
79005.23,47,15994.38,0.2024,0.1747,7,3,5.8,18684.48,7.15,0
45736.77,24,20680.04,0.4522,0.3041,5,3,9.21,7940.06,7.86,0
46771.47,41,14642.35,0.3131,0.3007,9,0,19.84,15733.53,5.69,1
78078.01,51,21295.02,0.2727,0.3897,4,1,9.65,500.0,6.59,0
17605.17,41,10967.2,0.623,0.4592,2,2,4.32,500.0,3.11,0
47229.58,60,18225.66,0.3859,0.3603,5,1,7.23,10344.66,9.87,1
58808.48,45,0.0,0.0,0.3504,5,0,10.26,11839.0,3.61,1
63984.37,59,6746.59,0.1054,0.2127,4,1,11.4,11230.52,1.44,1
44803.87,35,6875.87,0.1535,0.6011,3,2,11.17,9686.38,4.03,0
55688.82,55,10507.32,0.1887,0.2832,9,2,7.0,8787.37,2.02,0
12000.0,63,3881.84,0.3235,0.3507,7,1,7.45,17402.92,3.79,1
41835.03,61,8597.48,0.2055,0.4655,3,2,11.83,26271.15,5.57,1
64070.17,57,0.0,0.0,0.2336,7,1,10.73,32699.29,6.2,1
35354.12,62,21584.41,0.6105,0.3534,5,0,12.34,20756.0,5.34,0
56179.68,48,14009.84,0.2494,0.3403,5,1,13.75,500.0,5.05,1
63937.45,34,0.0,0.0,0.6265,3,1,12.41,20407.13,3.14,1
48149.02,24,4982.04,0.1035,0.1367,5,4,10.49,20305.29,8.2,1
58409.28,40,19039.22,0.326,0.0776,4,3,3.99,11193.95,9.38,1
35745.35,54,8483.74,0.2373,0.2788,4,1,8.01,19417.9,11.02,0
50867.77,32,6636.7,0.1305,0.2933,3,1,4.67,14881.29,2.41,0
67204.32,53,14104.89,0.2099,0.0339,4,3,10.72,11882.1,13.23,1
58139.46,44,19123.17,0.3289,0.3263,5,1,4.82,14025.97,2.67,0
43269.37,40,0.0,0.0,0.0386,4,0,13.6,7567.22,8.16,1
59484.33,25,21601.54,0.3631,0.2415,5,4,12.53,500.0,12.75,0
69292.2,58,5396.48,0.0779,0.3856,1,0,8.34,500.0,4.37,0
14001.17,50,14784.86,1.056,0.1136,4,5,9.79,19335.74,1.96,0
78181.48,44,14574.96,0.1864,0.3595,5,1,18.95,3793.51,5.73,1
48274.91,63,8675.21,0.1797,0.2252,0,3,10.21,500.0,4.23,0
63509.8,60,2716.08,0.0428,0.2963,6,0,10.03,500.0,7.13,1
78944.94,27,11571.76,0.1466,0.3576,6,0,6.36,8191.48,5.41,0
27566.53,56,34503.96,1.2517,0.2641,2,2,18.87,24127.02,4.93,0
40811.18,58,0.0,0.0,0.3836,1,1,10.23,10838.93,5.81,0
49229.03,36,35307.76,0.7172,0.3443,9,1,3.88,550.99,4.72,1
39324.93,35,11883.35,0.3022,0.4247,4,1,15.33,23853.76,3.88,0
89698.73,43,15424.46,0.172,0.045,6,0,2.68,14612.79,4.36,0
37864.56,32,1959.47,0.0517,0.5125,4,0,17.35,9227.87,16.25,1
43889.06,49,5744.77,0.1309,0.2682,2,1,15.29,15883.65,7.92,1
59087.78,64,8965.08,0.1517,0.1525,4,0,8.97,12093.39,1.49,1
30957.01,35,2451.66,0.0792,0.1168,2,0,16.35,6261.19,8.79,1
47086.39,49,12492.98,0.2653,0.1627,4,1,3.08,7626.19,9.14,1
61349.07,63,10115.81,0.1649,0.308,4,1,18.82,2105.11,8.57,1
48342.79,41,37209.37,0.7697,0.1914,4,4,3.94,8242.25,6.19,0
53132.26,35,1008.31,0.019,0.4361,7,1,7.71,19442.78,7.35,1
44413.36,34,16232.29,0.3655,0.1345,5,0,16.35,19223.64,2.5,0
24710.59,62,17974.16,0.7274,0.3408,5,0,14.83,10592.77,7.41,0
61431.86,64,2156.15,0.0351,0.389,5,1,13.68,10680.53,8.23,1
90098.66,36,23241.93,0.258,0.3436,3,0,6.82,3732.11,5.52,1
55368.03,35,10220.08,0.1846,0.2226,3,1,12.81,15167.88,4.2,1
59505.28,62,0.0,0.0,0.1787,5,1,21.91,933.66,2.75,1
68854.46,24,22918.2,0.3328,0.3796,3,0,11.74,18654.02,2.18,0
29613.39,47,1596.71,0.0539,0.2024,5,1,10.4,15349.47,9.09,1
89050.29,43,2426.7,0.0273,0.2109,5,2,14.25,9878.65,0.78,1
59046.58,49,23254.82,0.3938,0.2026,3,1,20.29,15483.68,3.85,1
87637.14,61,10834.06,0.1236,0.4468,3,3,7.86,9270.39,3.7,1
40339.34,29,26013.27,0.6449,0.3967,4,1,9.01,13509.52,9.21,0
91361.24,63,29521.99,0.3231,0.0719,6,2,13.11,13718.84,3.85,1
70503.11,63,7260.86,0.103,0.3781,5,0,8.85,21332.87,7.41,0
66060.8,27,24519.15,0.3712,0.0685,6,0,4.61,15915.46,2.78,0
59680.49,62,5934.47,0.0994,0.2618,5,2,8.66,20389.15,4.23,1
50029.43,24,41797.39,0.8355,0.3978,3,0,12.14,15145.16,8.35,1
79010.63,25,6684.52,0.0846,0.2369,4,0,4.89,11541.18,2.27,1
57807.2,25,27313.05,0.4725,0.035,3,0,4.62,16118.37,3.39,0
15658.61,31,25125.48,1.6046,0.4979,3,3,10.05,14759.4,5.95,0
32656.27,61,18793.05,0.5755,0.4495,4,1,6.31,9110.24,2.72,0
51283.08,48,6953.48,0.1356,0.2775,2,1,25.09,738.84,10.34,1
61199.98,36,13183.23,0.2154,0.2982,6,2,9.67,7822.11,0.8,1
53868.23,61,0.0,0.0,0.4126,4,3,8.2,7762.83,7.28,1
79379.42,50,17693.04,0.2229,0.1081,3,1,11.92,16441.93,3.67,1
15977.96,24,19195.38,1.2014,0.1433,4,1,8.23,11479.38,8.22,0
57871.76,22,16601.99,0.2869,0.2113,2,1,9.98,5499.77,8.66,1
18640.42,23,0.0,0.0,0.7639,2,2,14.26,10683.14,3.61,0
70194.25,41,0.0,0.0,0.3065,3,0,19.73,9434.97,1.26,1
53110.83,26,6022.91,0.1134,0.3841,5,1,7.27,4649.38,8.97,1
63392.2,63,18499.91,0.2918,0.3739,5,0,2.64,23736.81,6.38,0
37722.34,38,18472.07,0.4897,0.3201,3,3,7.29,10510.43,1.87,0
80589.3,64,12957.31,0.1608,0.0611,5,1,10.3,5665.6,4.68,1
75834.49,25,22622.95,0.2983,0.0796,3,0,10.95,500.0,4.98,1
66670.89,29,2685.09,0.0403,0.3994,5,2,14.21,12699.73,1.02,1
52409.66,40,22322.82,0.4259,0.4095,5,2,9.49,16144.82,7.67,0
66597.15,48,20696.91,0.3108,0.2606,5,5,9.57,6787.04,6.19,0
40862.15,46,19530.66,0.478,0.2515,2,0,5.82,13122.31,7.91,0
72111.11,38,12815.51,0.1777,0.0654,8,1,6.93,3268.96,2.85,1
87989.62,39,36968.93,0.4202,0.1347,0,2,16.34,10165.3,6.58,1
76412.21,23,20918.35,0.2738,0.3679,3,1,15.7,20677.52,2.33,1
40407.95,29,3379.97,0.0836,0.227,6,1,17.26,10132.09,11.33,1
62228.35,56,17979.67,0.2889,0.4,3,0,11.86,6845.77,6.19,0
29137.17,51,24029.8,0.8247,0.3262,4,1,8.21,22737.49,8.37,0
66447.81,37,7942.7,0.1195,0.2807,4,1,7.97,13582.64,0.85,1
64012.07,43,28071.27,0.4385,0.1162,1,3,21.76,7975.17,4.99,0
17603.67,54,19584.4,1.1125,0.2348,4,1,24.61,5075.36,9.36,0
31764.32,61,0.0,0.0,0.2421,7,1,10.73,2808.98,1.63,1
49337.22,61,18596.06,0.3769,0.2676,5,0,7.13,15414.26,8.13,1
48982.81,25,10127.65,0.2068,0.1872,3,2,10.34,18136.11,6.99,0
30810.46,35,21446.16,0.6961,0.3307,2,2,9.18,12000.89,10.7,0
62779.57,23,26330.58,0.4194,0.5617,5,0,16.75,10412.61,5.16,1
60029.47,39,17341.94,0.2889,0.1813,3,3,3.68,16706.3,11.58,0
51114.62,48,34983.03,0.6844,0.6859,0,1,8.12,656.2,9.42,0
39884.17,23,12855.52,0.3223,0.3917,4,2,5.67,12607.14,1.59,0
75974.14,58,22497.81,0.2961,0.1542,3,1,11.31,12137.76,0.96,0
88108.14,24,24659.31,0.2799,0.1351,1,1,11.61,15317.14,9.78,1
45328.77,44,13831.85,0.3051,0.5467,8,1,10.77,15831.35,7.44,0
42756.66,51,24345.29,0.5694,0.0741,5,1,4.39,8736.25,6.37,0
64824.15,31,7863.92,0.1213,0.2247,6,1,3.71,26835.34,9.37,1
47839.41,57,9929.18,0.2076,0.2265,2,2,8.06,3322.87,8.82,1
52212.06,21,0.0,0.0,0.266,6,1,11.29,8187.96,1.15,0
69793.06,29,17896.91,0.2564,0.3966,5,2,11.37,18864.31,1.48,1
16812.88,37,18903.02,1.1243,0.1546,4,1,7.94,6920.64,4.88,0
81366.05,21,29151.16,0.3583,0.2147,3,1,14.84,12891.48,2.54,1
56453.61,23,24493.68,0.4339,0.3247,6,2,6.96,7740.04,12.8,0
46770.14,46,11582.45,0.2476,0.3232,6,2,12.5,8869.61,2.71,1
53215.32,51,861.84,0.0162,0.4806,5,2,6.76,1644.32,17.96,1
54248.59,46,20194.2,0.3723,0.1012,4,2,3.16,18086.08,10.04,0
20375.97,43,28329.04,1.3903,0.3849,7,3,7.45,18263.97,3.45,0
84898.76,50,24062.22,0.2834,0.238,3,1,5.06,18236.37,7.24,0
55826.51,30,28013.73,0.5018,0.3362,2,1,24.19,8565.67,2.73,0
63860.04,28,12457.33,0.1951,0.1778,7,1,3.75,14657.21,15.1,1
74031.0,64,9400.57,0.127,0.4122,3,1,9.21,27961.1,2.25,1
34576.75,45,6157.18,0.1781,0.1607,5,1,11.26,14321.37,7.88,1
64469.44,42,14329.24,0.2223,0.3817,2,1,14.72,2750.39,4.72,0
49647.18,35,14056.91,0.2831,0.3654,3,0,13.9,5167.9,2.11,1
71935.42,61,17480.13,0.243,0.2046,6,0,4.86,4790.5,3.71,1
12455.45,30,13448.43,1.0797,0.6352,5,2,8.81,22567.12,5.8,0
53018.11,40,13396.47,0.2527,0.3724,0,2,4.82,15154.45,13.64,0
42943.59,61,5679.67,0.1323,0.155,7,4,12.58,500.0,7.64,1
63645.26,43,26299.43,0.4132,0.2966,9,1,2.87,22423.43,1.3,0
64400.88,21,15918.22,0.2472,0.1576,1,1,3.95,16533.32,3.05,1
40847.48,22,12906.67,0.316,0.3558,4,0,7.82,13395.3,4.5,0
40756.52,39,6030.85,0.148,0.4155,7,1,6.08,24138.1,18.79,1
52786.69,34,0.0,0.0,0.1473,2,1,9.59,10167.66,6.92,1
37067.16,28,30695.57,0.8281,0.0597,3,1,11.81,22895.5,7.04,0
71839.67,58,21655.66,0.3014,0.0471,5,2,5.43,500.0,6.96,1
47615.86,32,0.0,0.0,0.5276,4,1,11.88,6136.08,5.35,0
12000.0,46,24157.71,2.0131,0.304,3,0,10.48,18334.28,3.38,0
47503.56,47,26069.77,0.5488,0.2996,3,2,9.8,25425.63,4.22,0
34229.12,49,16492.51,0.4818,0.2221,2,0,8.44,2257.73,1.82,0
22374.48,35,34177.33,1.5275,0.1638,8,1,8.72,8655.34,11.14,0
30251.47,21,17600.64,0.5818,0.0684,5,0,11.97,13329.68,6.16,0
57188.17,63,0.0,0.0,0.5501,5,1,7.72,4484.78,1.53,0
81572.82,48,19382.03,0.2376,0.1181,7,2,8.92,9893.96,6.63,1
61263.69,23,17938.77,0.2928,0.3412,7,0,10.05,24659.64,0.98,0
42869.93,38,7760.44,0.181,0.3458,7,0,9.37,3748.92,3.9,0
64118.08,54,21882.71,0.3413,0.2097,4,0,10.93,10077.0,9.56,0
45818.19,52,0.0,0.0,0.1425,4,1,8.64,14183.91,8.16,1
41107.99,49,26886.8,0.6541,0.3256,3,1,7.43,15723.53,3.9,0
31912.75,45,4462.54,0.1398,0.1783,3,1,10.57,5082.07,7.56,1
19963.42,46,3180.65,0.1593,0.1203,1,0,5.2,10573.63,8.08,0
47201.53,59,13634.1,0.2888,0.142,4,0,16.94,9681.26,2.74,1
58161.07,28,20195.68,0.3472,0.2012,2,1,11.06,14429.06,7.49,0
53067.53,39,16967.09,0.3197,0.0697,6,1,6.43,2590.67,5.0,1
46680.66,62,6088.09,0.1304,0.0336,6,0,6.88,22171.32,6.34,1
36085.08,42,8926.93,0.2474,0.052,5,1,15.0,14064.33,14.74,0
67164.92,49,1403.49,0.0209,0.266,5,1,19.37,20536.88,3.64,1
28657.36,53,12303.84,0.4293,0.0327,3,1,7.4,7429.97,10.82,1
70520.56,58,27900.25,0.3956,0.0381,8,2,5.77,2238.42,5.46,1
34955.66,55,14948.84,0.4277,0.4674,5,1,9.17,4363.67,3.9,0
39951.3,63,25312.97,0.6336,0.14,5,0,10.8,17605.37,9.64,0
25664.3,23,32464.82,1.265,0.2638,4,3,7.15,8473.66,3.36,0
44971.96,39,7943.78,0.1766,0.4361,0,1,16.23,500.0,8.29,1
74506.25,30,12761.12,0.1713,0.1606,3,1,5.42,13443.96,2.9,1
65312.56,47,41054.31,0.6286,0.429,2,2,16.68,9433.7,3.02,0
74568.44,35,32332.12,0.4336,0.2672,5,1,18.01,9637.36,9.48,1
65442.85,31,0.0,0.0,0.3392,2,0,7.24,500.0,2.77,0
32926.6,46,19645.78,0.5967,0.501,7,0,19.87,500.0,4.29,1
48384.22,44,15006.72,0.3102,0.1852,2,0,7.12,7616.02,2.72,1
39396.02,33,24917.44,0.6325,0.3672,2,2,6.66,4579.73,12.82,0
81611.5,52,6060.25,0.0743,0.0157,5,1,9.14,7445.2,5.25,1
31064.23,57,4924.7,0.1585,0.0364,5,2,4.68,18660.11,5.21,0
72873.95,24,6887.15,0.0945,0.3566,5,2,18.65,3487.01,11.39,1
72859.08,33,8136.86,0.1117,0.1992,5,2,19.31,4754.33,3.98,1
91592.4,29,24783.89,0.2706,0.2763,0,2,8.85,7783.09,10.51,1
46806.27,54,825.59,0.0176,0.1158,7,5,4.31,4293.22,1.88,0
69246.44,57,7528.63,0.1087,0.3467,8,4,5.24,10276.8,6.05,1
100633.04,27,0.0,0.0,0.5153,4,1,3.45,20221.18,9.74,1
42647.17,21,27085.41,0.6351,0.2376,4,0,13.78,9700.06,2.24,0
24299.2,32,30252.36,1.245,0.2798,4,1,7.13,14065.73,4.9,0
17399.8,41,11075.12,0.6365,0.2784,4,2,9.18,500.0,4.41,0
69254.24,31,11424.61,0.165,0.1336,1,0,8.37,12652.31,2.96,1
17337.0,64,20438.66,1.1789,0.2072,4,2,10.11,23806.53,16.22,0
47553.62,64,32693.78,0.6875,0.067,8,1,8.39,12786.1,4.73,0
63746.26,64,19903.33,0.3122,0.6267,3,0,11.02,13025.63,6.68,0
58703.51,34,6629.5,0.1129,0.3675,2,2,9.7,14284.37,4.31,0
63508.9,54,0.0,0.0,0.3493,5,0,5.12,24544.06,2.18,0
59445.8,54,1618.48,0.0272,0.2831,3,1,13.61,22830.23,8.77,1
80577.32,45,15878.63,0.1971,0.6674,4,0,13.12,3824.35,8.75,1
35953.67,24,7136.07,0.1985,0.0257,7,0,3.7,21621.06,9.16,0
41460.1,46,17339.61,0.4182,0.0901,3,0,8.33,23008.58,2.54,1
39546.81,36,8364.91,0.2115,0.4482,2,2,8.57,500.0,11.72,0
71603.84,30,2302.24,0.0322,0.4861,2,0,10.25,12208.94,6.01,1
73007.97,22,875.62,0.012,0.2347,4,0,9.37,16204.4,3.71,1
64024.51,55,33748.25,0.5271,0.5735,6,2,8.26,500.0,6.93,0
78669.87,39,25667.85,0.3263,0.3409,2,2,1.79,6557.09,3.5,0
31439.18,26,35766.22,1.1376,0.6888,3,2,10.48,6273.8,3.52,0
88344.48,39,21479.41,0.2431,0.4397,6,4,3.99,6839.13,2.62,0
85464.77,28,9840.1,0.1151,0.3281,4,2,11.32,20357.06,5.32,1
69712.44,34,30880.09,0.443,0.2192,8,0,2.88,11547.56,4.43,1
90635.98,30,14603.18,0.1611,0.4228,5,1,11.64,15369.51,2.61,1
21867.54,23,17650.1,0.8071,0.0945,5,2,5.51,12715.58,2.05,0
44511.04,58,14486.11,0.3254,0.1644,5,2,11.41,31744.91,2.66,1
40293.93,49,0.0,0.0,0.2387,1,1,9.27,19971.36,10.0,1
69429.59,35,34256.82,0.4934,0.4996,7,5,2.26,11859.45,7.82,0
33997.19,43,20892.05,0.6145,0.3618,1,0,1.89,9887.83,5.37,0
70149.9,43,18957.88,0.2702,0.4209,2,0,6.17,6427.69,3.88,1
82410.72,38,14258.69,0.173,0.4278,6,0,11.73,4214.3,4.16,1
68904.06,39,16961.13,0.2462,0.4851,7,0,6.35,2424.75,7.35,1
60675.02,48,7832.65,0.1291,0.2922,4,2,23.01,19856.4,20.14,1
35242.53,46,22398.95,0.6356,0.3712,8,1,8.3,4839.96,2.77,0
38062.98,30,0.0,0.0,0.3428,2,0,7.31,17136.27,13.28,1
79992.38,24,17232.82,0.2154,0.4913,4,0,11.74,7971.81,4.68,1
70586.98,22,21738.88,0.308,0.239,8,2,11.77,5991.27,13.77,1
54219.61,23,12615.97,0.2327,0.1717,3,1,12.4,9357.91,9.22,0
46641.81,27,19450.41,0.417,0.058,2,0,10.06,26335.3,7.68,0
14483.84,36,3103.99,0.2143,0.2415,4,0,26.08,36301.46,5.87,1
33582.95,51,3410.08,0.1015,0.1717,3,0,10.28,9068.04,2.04,1
93228.38,30,17840.61,0.1914,0.2824,5,2,15.65,8334.57,6.1,1
29390.89,39,23142.6,0.7874,0.0719,2,0,4.03,19640.08,5.45,0
58789.6,48,0.0,0.0,0.0642,4,1,7.93,13221.56,3.59,1
75148.88,37,21264.25,0.283,0.1192,4,2,8.08,6773.54,3.74,1
29901.55,48,8481.58,0.2837,0.6062,3,0,13.44,15926.26,15.32,0
58694.21,39,12686.33,0.2161,0.2139,5,0,5.26,18140.16,5.25,0
73758.31,57,0.0,0.0,0.2808,1,1,7.94,10079.87,5.55,1
55249.99,43,4780.59,0.0865,0.4787,5,2,10.75,10303.5,5.78,0
112368.06,40,26593.5,0.2367,0.2966,1,2,6.72,25719.82,4.58,1
21628.01,33,15394.36,0.7118,0.2932,7,2,2.66,5433.19,1.81,0
76174.57,33,10406.66,0.1366,0.1259,4,1,13.79,7679.72,6.0,1
51543.97,63,13602.14,0.2639,0.5355,1,2,16.13,8299.68,9.88,0
70438.4,31,20870.54,0.2963,0.1653,3,1,8.22,25592.44,3.48,1
63826.14,35,20285.93,0.3178,0.1578,1,1,9.47,500.0,12.22,1
40336.88,37,14099.68,0.3495,0.3398,3,2,11.48,18579.28,14.03,0
59579.93,48,28115.51,0.4719,0.4109,2,0,14.12,11764.01,1.6,0
17841.97,39,26645.55,1.4934,0.2255,3,0,5.02,26507.92,9.2,0
67064.95,24,19960.46,0.2976,0.1282,6,0,6.43,14845.03,6.57,0
60963.17,42,15655.34,0.2568,0.1678,7,1,4.36,500.0,2.63,0
67773.2,42,22887.85,0.3377,0.239,3,0,17.05,24891.91,6.26,1
76162.37,57,18771.21,0.2465,0.3338,6,1,11.62,10111.92,4.13,1
62352.4,59,27729.6,0.4447,0.1604,12,1,5.58,500.0,6.57,0
57961.79,54,25794.74,0.445,0.8359,2,0,4.33,8756.6,5.37,0
37378.63,53,2780.95,0.0744,0.5797,1,1,11.19,12288.82,4.79,1
40755.58,64,1968.44,0.0483,0.257,4,2,2.15,3606.8,6.37,0
78734.69,62,6585.01,0.0836,0.1264,2,3,16.74,500.0,6.38,1
83726.71,60,26713.66,0.3191,0.1076,8,2,11.27,14372.73,4.27,1
50237.79,53,0.0,0.0,0.5777,4,2,7.24,2049.45,1.43,0
55920.05,32,19737.09,0.353,0.3713,3,1,8.68,3792.37,4.09,0
36907.71,22,19350.52,0.5243,0.0698,4,0,10.52,22858.69,2.6,1
78455.14,48,28951.78,0.369,0.4087,0,4,14.24,9355.56,2.73,1
68308.34,30,17164.06,0.2513,0.1061,3,0,7.37,2262.38,4.54,0
93824.35,42,0.0,0.0,0.1505,4,3,5.23,4835.34,4.12,1
37433.54,37,3487.74,0.0932,0.3942,5,0,12.31,15089.66,4.23,1
47439.84,46,816.05,0.0172,0.2217,3,2,13.36,15375.36,3.46,1
59628.92,23,8544.67,0.1433,0.5495,6,2,11.93,17325.7,2.85,0
67929.79,27,12805.18,0.1885,0.4347,4,0,5.91,18434.22,4.56,1
50686.65,64,1014.7,0.02,0.301,2,2,13.85,14668.19,6.42,0
37540.78,28,32647.94,0.8697,0.0669,6,0,14.31,16864.17,2.66,0
72628.15,40,0.0,0.0,0.2199,3,2,6.39,8195.09,2.53,1
69422.71,32,31153.24,0.4487,0.1377,4,2,6.2,3057.44,3.18,0
36674.52,55,29221.96,0.7968,0.2152,3,1,7.4,22863.7,6.22,0
82108.86,37,25779.63,0.314,0.4137,0,0,4.13,19042.04,5.2,1
78403.97,48,6674.8,0.0851,0.2831,3,1,22.1,9748.51,2.71,1
57685.93,61,19109.41,0.3313,0.1829,4,0,15.14,6685.07,11.07,1
56591.96,30,0.0,0.0,0.1852,7,0,11.6,30289.12,10.13,1
66081.16,42,25930.88,0.3924,0.1167,2,1,5.3,4764.14,2.46,0
37765.94,58,14112.18,0.3737,0.1501,1,3,5.96,13817.84,7.5,0
55600.63,53,10088.16,0.1814,0.3102,3,0,12.01,6638.07,1.49,1
12000.0,42,315.06,0.0263,0.396,6,0,10.91,8710.48,5.21,0
72529.11,64,0.0,0.0,0.1734,5,0,6.39,5998.15,8.55,1
23770.14,57,2537.51,0.1068,0.3926,9,0,14.55,500.0,1.53,0
85068.4,33,28353.58,0.3333,0.2471,1,1,12.97,15121.3,16.15,1
48397.6,47,10166.0,0.2101,0.5057,2,1,4.15,17254.3,4.53,0
50766.66,35,12968.05,0.2554,0.3544,4,3,11.73,6683.0,7.34,1
42445.32,42,22866.65,0.5387,0.3045,5,0,12.88,32850.39,3.39,0
49239.22,50,36668.03,0.7447,0.3378,5,1,10.88,14266.41,3.44,0
83370.63,63,30900.06,0.3706,0.4063,4,1,11.27,13338.2,5.24,1
12000.0,60,3331.98,0.2777,0.1914,4,1,2.28,15095.6,9.0,0
80539.31,57,0.0,0.0,0.5882,4,3,6.93,7256.21,5.67,0
61760.47,54,43315.37,0.7013,0.1314,1,1,7.79,4179.14,3.22,0
30859.57,64,42227.9,1.3684,0.3422,0,1,14.27,5909.24,2.76,0
33493.75,54,17261.44,0.5154,0.3527,2,2,5.48,7639.29,13.81,0
88527.86,55,0.0,0.0,0.4159,5,1,5.18,16485.17,5.85,1
36089.86,62,26558.72,0.7359,0.0919,4,2,5.41,8977.64,4.56,0
31932.99,39,13704.2,0.4292,0.6731,1,1,6.53,16949.84,9.09,0
77746.29,28,13644.23,0.1755,0.1497,3,1,22.84,1907.27,7.34,1
61771.06,59,25733.51,0.4166,0.3826,6,1,6.88,6845.63,4.37,1
36241.49,53,19012.5,0.5246,0.3344,5,0,14.94,6301.65,1.36,1
59332.5,64,770.22,0.013,0.4056,2,2,15.03,500.0,12.62,1
34484.95,48,11103.1,0.322,0.2512,3,0,8.27,8336.26,9.77,1
77016.43,57,22933.84,0.2978,0.0848,4,0,10.12,3699.15,3.37,1
76227.42,45,21123.03,0.2771,0.4084,2,5,11.3,15656.94,1.55,1
65640.12,56,18144.2,0.2764,0.2682,2,0,17.19,17860.93,5.29,0
62233.22,37,26201.08,0.421,0.2964,5,2,10.98,797.92,14.45,0
90223.76,44,10659.4,0.1181,0.0455,3,2,13.67,10036.45,2.68,1
54993.73,41,17144.04,0.3117,0.6527,5,1,6.25,1762.25,3.76,1
31362.52,22,0.0,0.0,0.1197,3,1,10.71,14595.89,7.32,1
63989.48,51,9604.2,0.1501,0.1528,1,3,5.14,6503.74,5.11,0
96720.94,64,24166.83,0.2499,0.3043,4,0,9.47,7727.62,5.81,1
34704.81,53,10315.27,0.2972,0.3505,3,1,4.25,10265.65,15.25,0
47770.74,50,9405.27,0.1969,0.4423,2,0,7.27,14287.33,7.79,0
63328.92,32,2502.56,0.0395,0.114,2,1,15.6,12440.82,2.42,1
53921.9,64,27040.39,0.5015,0.6676,1,0,4.91,15145.62,14.93,0
35353.93,32,21581.56,0.6104,0.2103,4,2,5.87,17750.16,2.71,1
77437.16,44,24904.98,0.3216,0.3826,3,2,10.06,10935.11,9.86,1
101400.81,44,0.0,0.0,0.1868,4,1,12.83,3715.25,9.1,1
58922.63,31,13074.6,0.2219,0.5371,4,1,6.87,500.0,3.4,1
36918.63,33,11638.67,0.3153,0.1807,4,2,4.59,5897.32,6.48,0
24020.79,47,11633.14,0.4843,0.2205,4,0,5.35,13798.76,5.93,0
60159.52,28,7607.67,0.1265,0.4575,7,3,3.62,935.33,3.44,0
77077.55,30,10846.75,0.1407,0.5139,7,1,13.09,20590.27,2.83,0
64503.35,28,25195.74,0.3906,0.3938,3,0,12.19,3592.91,6.87,0
54951.92,40,0.0,0.0,0.2655,2,0,5.25,11096.74,10.91,0
43214.57,28,36327.54,0.8406,0.2746,6,0,4.03,23810.6,8.32,0
33156.73,29,20806.09,0.6275,0.4707,9,0,7.99,10542.04,5.82,0
71695.03,27,14492.02,0.2021,0.5139,6,0,6.3,3263.31,4.68,0
73275.43,34,25882.01,0.3532,0.1491,1,0,10.64,500.0,3.59,0
24085.4,48,0.0,0.0,0.0629,1,1,4.53,15249.21,3.27,0
86796.78,22,7023.59,0.0809,0.0862,3,0,5.12,14481.53,3.53,1
66481.42,63,13547.09,0.2038,0.4899,6,1,20.82,16608.69,5.07,1
82991.89,28,31386.72,0.3782,0.2558,3,1,8.7,12904.73,3.51,1
28157.45,33,14442.04,0.5129,0.1891,4,3,6.37,7708.14,5.18,0
27683.52,41,20400.66,0.7369,0.1723,1,0,21.08,5709.06,8.64,0
52020.61,48,7925.05,0.1523,0.597,4,2,2.92,12333.79,3.99,1
65055.69,55,20842.1,0.3204,0.5051,4,2,6.79,19919.72,6.26,0
90927.22,43,35126.88,0.3863,0.2894,6,2,9.28,500.0,4.9,0
69121.58,35,26946.32,0.3898,0.4126,5,1,12.56,19509.54,2.17,1
50146.37,22,14022.53,0.2796,0.3569,4,2,3.57,9676.01,14.03,0
34472.62,32,23105.89,0.6703,0.2006,6,0,5.27,10661.99,6.81,0
79600.01,56,21930.2,0.2755,0.3515,11,1,10.05,17561.92,6.07,1
35705.89,23,21079.05,0.5904,0.2355,3,1,4.6,10633.82,2.29,0
87569.37,25,28343.44,0.3237,0.5078,4,2,10.58,13806.33,3.5,1
49312.31,23,28253.73,0.573,0.3037,8,3,13.64,500.0,2.9,0
86811.64,39,13474.1,0.1552,0.3551,7,1,6.58,9780.63,6.36,1
68578.63,22,22702.55,0.331,0.2519,7,2,7.56,16051.25,13.08,1
52260.09,64,10402.86,0.1991,0.3072,8,2,6.8,8866.83,8.37,1
44612.07,57,3923.13,0.0879,0.4076,5,1,11.37,9346.91,6.83,0
48181.84,37,11766.07,0.2442,0.2973,5,3,18.31,13312.37,2.85,1
63566.33,34,14084.66,0.2216,0.4649,4,0,7.58,15448.8,6.46,1
56543.13,48,0.0,0.0,0.4003,4,1,13.82,24173.28,2.01,1
43123.77,47,25323.99,0.5872,0.3547,3,0,7.05,15516.46,4.99,0
51687.37,30,0.0,0.0,0.2796,3,2,6.3,22812.13,2.64,0
56571.54,23,47577.8,0.841,0.3268,5,2,10.72,11223.93,10.13,0
12425.32,56,33022.55,2.6577,0.3889,3,1,4.42,500.0,6.79,0
64163.36,58,11867.9,0.185,0.1329,6,1,20.06,8575.16,4.56,1
35405.58,45,15113.12,0.4269,0.198,3,0,7.99,5519.34,5.38,0
31933.35,42,18635.66,0.5836,0.0882,2,1,8.92,11495.6,8.19,0
21253.11,59,7930.08,0.3731,0.3534,1,3,13.05,9430.59,6.18,0
19122.15,50,17311.43,0.9053,0.2097,5,0,7.81,14107.22,11.47,0
27891.05,41,13272.0,0.4759,0.1537,5,3,13.02,6637.3,1.91,0
40819.58,50,13868.73,0.3398,0.2521,3,0,8.81,13725.51,4.12,1
94065.18,48,17177.53,0.1826,0.1085,7,0,13.97,14957.71,3.75,1
44482.41,51,0.0,0.0,0.1012,3,1,10.99,12283.36,1.55,1
58555.0,46,15474.84,0.2643,0.1817,5,1,21.01,500.0,2.15,1
63009.63,63,16961.37,0.2692,0.1735,4,0,12.45,19150.13,4.57,0
57621.3,42,16546.2,0.2872,0.3327,5,0,26.5,16957.86,2.81,1
53451.13,41,12410.03,0.2322,0.0773,3,3,5.4,10469.51,6.83,1
31094.12,21,28654.29,0.9215,0.2827,2,0,10.46,500.0,3.85,0
84018.55,57,10756.17,0.128,0.0691,1,2,11.7,14416.15,9.71,1
91143.93,33,17727.91,0.1945,0.5116,4,1,6.87,7776.74,7.14,1
21346.83,41,30567.57,1.4319,0.1813,1,1,15.66,7603.72,6.1,0
34519.43,29,14047.49,0.4069,0.1881,4,1,12.11,11373.98,10.9,1
49403.79,37,17573.56,0.3557,0.4867,3,3,12.51,23642.44,10.0,0
35709.24,41,13843.38,0.3877,0.0909,6,4,17.95,13175.51,4.14,1
65119.31,51,29848.44,0.4584,0.3508,3,2,7.51,11114.7,18.12,0
40434.56,59,11907.31,0.2945,0.5645,7,0,4.98,7828.13,19.74,0
98301.12,42,30400.25,0.3093,0.2493,3,1,7.81,12248.8,6.44,1
78810.97,32,13756.95,0.1746,0.1378,6,1,9.3,11990.97,3.83,1
59251.48,26,4686.48,0.0791,0.1131,4,0,13.38,16824.23,3.39,1
75539.73,36,23152.48,0.3065,0.3349,5,1,6.52,7748.18,11.52,0
77118.01,46,11343.99,0.1471,0.2436,4,0,15.52,5503.57,4.64,0
43721.05,25,22446.01,0.5134,0.0316,2,1,12.48,8457.08,0.84,0
38675.66,29,0.0,0.0,0.2898,2,5,17.74,11303.54,5.18,1
56562.86,60,15062.46,0.2663,0.3014,6,0,11.53,11830.12,1.58,0
72232.72,34,9484.74,0.1313,0.1748,6,0,5.33,11921.95,4.33,1
57781.21,64,2240.9,0.0388,0.4205,3,1,16.75,4072.41,6.04,1
23460.07,62,8361.11,0.3564,0.0179,3,0,7.12,11316.41,9.36,0
38943.51,50,8115.56,0.2084,0.3458,4,0,16.91,17469.03,6.32,1
53520.54,46,14424.17,0.2695,0.4273,4,1,4.65,22178.03,3.45,0
53486.69,49,0.0,0.0,0.4852,3,1,2.77,19875.34,8.03,1
94450.84,39,18795.29,0.199,0.3479,5,1,18.2,11513.79,4.77,0
27280.24,28,31394.58,1.1508,0.2126,2,0,7.22,10733.51,1.08,0
65111.78,43,18371.14,0.2821,0.2794,4,2,5.16,21944.37,1.84,1
84782.26,62,24707.86,0.2914,0.129,4,1,12.76,11121.02,10.68,1
100428.99,55,28134.75,0.2801,0.1791,5,1,9.99,18936.95,6.96,1
46912.05,51,29837.87,0.636,0.1914,7,1,7.2,11767.23,11.21,1
64828.59,55,37441.66,0.5775,0.3362,5,0,9.2,500.0,2.67,0
66395.21,52,9009.58,0.1357,0.0461,4,0,3.4,17312.16,3.82,1
58909.63,25,6378.19,0.1083,0.3043,2,0,14.07,19730.03,4.43,1
53023.1,36,24401.59,0.4602,0.1736,5,0,4.93,9375.45,3.54,0
63719.51,37,23499.19,0.3688,0.5297,5,0,2.33,2741.67,5.81,0
12000.0,52,24308.1,2.0257,0.3395,4,1,22.62,24172.76,14.47,0
68641.39,58,37671.39,0.5488,0.0664,6,2,7.02,10833.15,4.12,1
57523.56,52,15136.44,0.2631,0.3284,4,0,3.66,9249.78,9.04,1
50550.5,40,20113.88,0.3979,0.4427,3,1,8.67,15590.98,6.67,0
95937.24,22,3235.34,0.0337,0.3055,2,1,11.34,33890.43,5.83,1
41501.32,40,40623.85,0.9789,0.1973,6,4,13.87,15872.9,3.56,0
46938.48,38,10961.46,0.2335,0.3266,7,0,5.65,13426.02,2.69,0
94831.07,21,11301.41,0.1192,0.4154,2,2,11.68,12558.24,15.85,1
38358.77,49,10839.0,0.2826,0.7236,3,1,20.38,25232.85,2.69,0
43997.69,49,7261.25,0.165,0.4961,5,0,2.94,16218.6,10.32,1
52059.49,39,6246.76,0.12,0.3941,5,3,6.59,18910.53,9.98,0
71814.69,64,8715.55,0.1214,0.2932,2,1,9.91,14431.44,3.38,0
59156.05,60,0.0,0.0,0.0939,3,3,4.12,16286.86,1.29,1
29147.49,26,5576.18,0.1913,0.3317,5,1,2.87,9772.83,12.74,0
44356.63,64,38387.56,0.8654,0.1999,5,1,8.37,13354.6,5.72,0
42852.91,59,23827.86,0.556,0.4769,7,1,12.56,6511.03,2.81,0
53455.58,28,26110.85,0.4885,0.1457,5,1,8.83,7935.78,3.31,0
63516.87,44,29126.51,0.4586,0.3134,6,0,5.27,15923.54,9.06,0
63364.12,40,37009.61,0.5841,0.5296,1,1,9.84,6371.23,10.86,0
19479.76,34,0.0,0.0,0.301,2,0,7.89,13044.04,3.05,0
76278.82,25,241.4,0.0032,0.4619,6,1,2.85,9058.97,3.41,0
60051.38,61,5355.32,0.0892,0.3957,2,2,18.18,3007.02,16.56,1
82690.64,60,9363.24,0.1132,0.692,5,1,8.81,13822.04,7.22,1
63883.97,54,11393.17,0.1783,0.2316,4,2,10.66,18203.71,1.33,1
77026.46,36,9636.27,0.1251,0.0852,9,1,8.78,1478.21,5.07,1
64330.91,27,17631.71,0.2741,0.1019,5,2,11.93,16871.64,2.39,1
81924.52,36,15423.54,0.1883,0.0804,4,2,5.62,3079.56,4.44,1
65445.01,27,6325.98,0.0967,0.2029,3,1,17.05,22844.45,9.84,1
53041.7,47,0.0,0.0,0.3205,3,0,19.09,16536.48,1.81,1
100448.69,34,3085.58,0.0307,0.3396,5,1,13.48,1477.82,14.13,1
72780.74,34,8409.14,0.1155,0.3164,8,1,5.26,18823.8,9.95,1
66474.89,64,12035.05,0.181,0.2535,5,3,7.95,7094.08,3.88,0
29473.91,53,1443.99,0.049,0.7218,5,1,5.86,4276.48,6.31,0
29233.85,53,9110.32,0.3116,0.3085,4,0,13.49,17774.08,9.72,1
60854.31,64,1428.15,0.0235,0.4166,6,4,2.71,21654.1,6.22,0
57910.42,40,13490.17,0.2329,0.2032,5,0,5.7,15810.56,2.36,0
42717.55,56,2122.9,0.0497,0.3466,1,2,13.71,9026.95,6.08,1
57819.65,27,4813.14,0.0832,0.149,4,2,10.61,13356.5,3.56,1
86772.54,52,0.0,0.0,0.0531,2,0,13.24,7342.74,4.13,1
68908.05,23,13157.99,0.1909,0.2464,5,0,11.01,10604.96,3.25,0
32179.83,59,4602.63,0.143,0.1842,2,1,11.99,15264.59,7.79,1
52769.82,49,25881.41,0.4905,0.2342,5,0,3.13,589.69,3.59,0
38900.67,44,19870.2,0.5108,0.2196,7,0,17.85,15570.48,5.82,1
47246.0,42,14161.78,0.2997,0.1124,2,1,9.73,700.24,6.36,1
46727.69,26,5430.17,0.1162,0.1392,4,4,13.45,1809.94,13.59,1
45447.09,44,19566.24,0.4305,0.1278,2,4,15.3,17230.81,8.44,1
29897.29,60,23288.41,0.7789,0.2305,6,3,16.6,5247.52,11.77,0
52446.91,43,16712.26,0.3187,0.0101,2,0,8.68,4071.5,2.84,0
43787.85,58,34244.42,0.7821,0.1616,5,0,9.71,9635.17,6.32,0
12000.0,30,20515.65,1.7096,0.3085,5,1,17.46,7269.0,1.5,0
96059.44,36,25963.29,0.2703,0.3876,3,0,4.94,13851.08,5.15,1
76775.39,31,16602.78,0.2163,0.2031,3,0,4.98,13397.33,8.03,1
47473.99,52,23107.97,0.4868,0.2582,2,0,10.24,4115.34,3.61,0
55376.38,26,5438.63,0.0982,0.3281,4,1,8.73,500.0,13.08,1
31566.91,44,9499.22,0.3009,0.422,5,1,5.58,10377.32,5.72,1
88914.46,53,19192.36,0.2159,0.0561,1,4,7.13,20804.17,6.95,1
92945.77,32,19105.19,0.2056,0.1892,5,1,26.45,11473.37,8.51,1
58133.87,47,21091.34,0.3628,0.3106,1,2,12.94,9219.18,8.12,0
75470.61,58,28204.71,0.3737,0.2271,8,2,5.2,25842.88,5.92,1
58505.74,38,0.0,0.0,0.1074,4,1,8.97,18020.86,6.11,1
28265.49,59,3306.57,0.117,0.2494,3,0,17.34,500.0,1.21,1
46763.53,33,17754.87,0.3797,0.3874,4,1,10.31,9768.24,4.39,1
57638.56,60,6307.64,0.1094,0.7427,3,0,5.26,13784.5,6.37,1
45909.05,50,55533.22,1.2096,0.4733,4,2,17.68,3458.94,3.79,0
50626.93,61,21188.64,0.4185,0.3218,7,2,19.71,9656.7,6.64,1
53172.01,33,14060.03,0.2644,0.2555,3,2,5.47,12170.37,12.33,0
53382.43,54,8814.37,0.1651,0.4538,6,1,7.86,10210.2,9.13,0
56045.17,56,9238.05,0.1648,0.2527,3,1,7.98,2313.64,5.69,0
33787.9,50,15361.69,0.4547,0.4051,3,1,15.22,23745.66,5.55,1
40659.68,45,16343.78,0.402,0.1464,2,0,5.13,14134.58,8.47,0
29308.31,22,9519.61,0.3248,0.1252,2,0,11.69,5126.31,4.31,0
74556.31,56,11722.17,0.1572,0.245,4,1,4.19,19008.71,10.06,1
12887.06,38,31131.41,2.4157,0.0843,6,2,9.17,11351.97,4.66,0
78071.81,25,31614.06,0.4049,0.1991,3,1,7.59,19934.03,2.98,1
82726.99,39,18024.41,0.2179,0.2763,4,1,5.89,11165.65,4.2,1
48956.39,62,0.0,0.0,0.2948,4,1,15.63,500.0,7.77,0
12000.0,38,21462.04,1.7885,0.2722,2,3,20.3,3462.48,6.57,0
47773.79,52,33651.39,0.7044,0.0227,6,1,7.8,21128.66,5.14,0
53716.32,41,31437.37,0.5852,0.2517,5,2,13.29,20262.1,3.47,0
34788.04,30,23813.11,0.6845,0.5876,2,1,7.52,1365.27,3.2,0
44695.63,57,32069.08,0.7175,0.3582,4,2,4.57,23144.3,3.07,0
85603.9,42,15640.61,0.1827,0.0927,6,1,6.54,20206.26,6.43,1
68298.54,33,22537.24,0.33,0.6589,5,3,9.02,6926.28,2.87,0
36508.72,37,6830.69,0.1871,0.2195,6,0,10.16,11375.58,4.81,1
23048.02,29,18507.19,0.803,0.3851,9,2,6.5,500.0,7.86,0
48459.65,44,30954.41,0.6388,0.2783,5,1,4.95,6393.91,18.49,0
50730.86,64,7926.92,0.1563,0.2596,3,1,2.54,10308.46,6.01,1
64923.98,34,4662.68,0.0718,0.1179,3,1,3.56,14474.48,4.34,1
44293.67,28,16169.87,0.3651,0.096,6,1,11.88,11073.84,5.76,0
65229.99,57,12280.05,0.1883,0.1374,6,1,20.08,13109.99,8.54,1
93703.08,39,22789.77,0.2432,0.1428,4,0,16.1,4254.47,1.34,1
71310.02,48,9560.89,0.1341,0.2013,5,0,10.06,14590.79,2.61,1
54038.23,61,35621.28,0.6592,0.2142,7,1,9.97,25465.2,7.64,0
51336.99,50,0.0,0.0,0.5349,3,0,18.67,15515.57,8.08,0
47866.54,27,30044.82,0.6277,0.5161,5,1,15.96,12271.26,1.19,0
78612.82,46,5821.81,0.0741,0.3125,5,1,7.91,6075.4,4.39,1
42453.73,60,0.0,0.0,0.5969,2,4,7.13,9147.93,1.98,0
55904.45,31,17854.5,0.3194,0.6037,3,1,7.68,1503.11,7.32,0
56023.96,34,11944.7,0.2132,0.2126,2,0,5.14,500.0,3.94,1
44964.32,41,1684.69,0.0375,0.1402,6,0,18.3,11439.5,3.66,1
27550.69,28,0.0,0.0,0.3896,4,3,13.66,16435.32,7.16,0
61459.49,23,14899.67,0.2424,0.2154,13,1,12.89,5154.72,11.83,1
53779.92,48,26710.04,0.4967,0.4742,1,2,16.57,21566.06,4.81,0
65004.81,49,22019.44,0.3387,0.3059,3,1,6.24,7513.29,6.51,0
44327.99,43,15680.48,0.3537,0.3669,5,1,10.04,11280.62,5.29,0
79416.43,38,20746.17,0.2612,0.5227,5,1,14.52,19563.84,9.29,1
37464.52,55,14673.43,0.3917,0.291,4,2,11.09,9495.38,2.6,0
89240.81,33,0.0,0.0,0.1887,4,0,9.24,17020.64,5.72,1
20047.27,32,0.0,0.0,0.2927,7,2,14.66,16581.3,3.09,1
63695.4,25,12561.98,0.1972,0.1041,3,1,4.52,6608.56,1.68,0
64508.61,59,13072.16,0.2026,0.3047,4,1,7.17,6823.57,5.07,1
39088.86,31,25211.79,0.645,0.3425,2,2,3.5,21778.98,13.54,0
63487.88,31,24087.65,0.3794,0.194,5,1,4.91,22559.58,1.67,0
80590.37,62,22261.6,0.2762,0.3739,7,1,9.34,17004.3,0.95,0
12000.0,51,11636.61,0.9697,0.1762,2,1,4.29,5058.13,6.45,0
65054.9,51,0.0,0.0,0.436,2,1,2.32,18947.82,7.22,0
12000.0,33,19944.85,1.6621,0.4772,1,0,12.78,9775.4,7.34,0
35686.7,34,21302.03,0.5969,0.6533,8,3,15.35,1850.65,1.09,0
87583.33,62,0.0,0.0,0.283,2,1,8.54,6906.43,5.03,1
43364.36,45,4987.94,0.115,0.2178,3,0,7.81,10210.19,5.5,0
31522.4,53,6707.35,0.2128,0.6087,2,2,9.96,20692.4,4.29,0
51041.25,53,16420.2,0.3217,0.2725,6,2,5.78,5579.8,7.65,0
96358.13,35,5359.67,0.0556,0.2483,6,2,7.87,4274.0,3.81,1
18366.36,36,14542.39,0.7918,0.1901,5,4,13.95,8137.96,12.03,0
33973.8,64,12473.58,0.3672,0.6213,4,2,8.78,11024.87,7.33,0
84948.63,58,13090.21,0.1541,0.457,5,1,14.94,17384.2,10.41,1
92154.05,26,6403.27,0.0695,0.4503,2,0,18.64,16563.39,2.18,1
52931.38,64,7332.18,0.1385,0.6965,9,2,14.18,500.0,5.73,1
30218.95,45,2036.8,0.0674,0.2655,3,0,9.91,9153.48,8.09,1
96916.87,35,19560.81,0.2018,0.6016,3,0,8.64,12991.24,6.57,1
86888.85,24,21853.23,0.2515,0.489,3,0,6.48,5036.83,7.31,1
68578.94,24,5752.58,0.0839,0.2378,2,1,20.32,5756.43,5.9,0
38751.95,50,33247.68,0.858,0.325,1,2,7.62,16996.65,0.95,0
54019.41,54,11224.78,0.2078,0.6542,8,2,8.43,17465.41,7.63,0
51792.8,47,33362.23,0.6441,0.185,2,2,6.32,10582.35,3.58,0
61617.03,51,7294.47,0.1184,0.4655,5,0,14.05,15215.49,3.15,1
84020.03,52,0.0,0.0,0.1046,1,1,12.69,15705.5,2.14,1
72588.34,64,19826.37,0.2731,0.617,4,0,3.77,3225.44,4.79,0
33452.48,59,17982.54,0.5376,0.1917,3,1,7.1,3332.55,13.5,0
82529.93,29,15412.73,0.1868,0.2476,3,2,6.4,8854.01,7.17,1
61262.64,61,7293.21,0.119,0.2444,5,0,5.04,6456.07,6.47,1
68741.32,28,14585.13,0.2122,0.1298,5,1,11.84,7226.62,10.18,1
84330.82,34,8864.89,0.1051,0.3255,6,2,13.5,11238.97,11.34,1
32768.4,53,11371.81,0.347,0.3567,3,1,11.2,11266.64,7.31,0
54283.49,43,25099.59,0.4624,0.0867,1,1,4.88,500.0,9.35,0
44370.91,41,17210.61,0.3879,0.3011,2,2,2.19,12764.81,5.04,0
23642.81,32,22319.42,0.944,0.2152,2,1,7.45,9984.49,10.78,0
61934.2,22,12217.58,0.1973,0.3027,2,2,11.83,13804.97,2.68,1
105231.13,33,10895.79,0.1035,0.5777,5,1,8.14,6872.52,1.36,1
18198.45,24,1158.21,0.0636,0.3779,7,1,6.2,6916.65,6.45,0
54354.39,40,10559.56,0.1943,0.1597,2,0,7.59,8875.68,4.68,0
67810.86,34,0.0,0.0,0.1938,5,1,10.2,20548.56,10.51,1
57461.56,50,7917.34,0.1378,0.5373,6,1,4.76,8665.63,4.01,1
52737.44,49,14017.51,0.2658,0.2483,5,2,9.14,20886.65,1.4,1
29015.67,28,21764.08,0.7501,0.0996,7,2,15.21,19816.82,9.04,0
59655.73,32,11775.87,0.1974,0.0668,4,0,25.73,9292.98,6.42,1
39864.72,61,19172.08,0.4809,0.4172,4,1,9.57,7911.67,3.58,0
12000.0,58,0.0,0.0,0.5086,4,1,13.93,8190.53,5.48,0
78891.84,46,14317.96,0.1815,0.0727,5,0,7.29,10847.47,5.45,1
74167.72,22,0.0,0.0,0.35,6,2,10.84,7529.23,5.89,1
56033.22,60,500.36,0.0089,0.3287,0,1,5.95,17885.71,9.59,0
59581.49,34,12754.01,0.2141,0.305,10,1,4.04,6834.33,7.38,0
76486.36,26,30315.17,0.3963,0.483,4,0,9.53,18904.29,5.12,0
59486.79,62,19454.48,0.327,0.0665,2,0,14.13,4540.04,8.63,1
73080.35,60,15218.77,0.2082,0.1547,3,2,12.56,500.0,2.76,1
49050.36,51,14765.64,0.301,0.1067,3,1,6.88,500.0,10.16,1
81239.67,37,6436.45,0.0792,0.3187,6,1,9.26,7677.23,3.9,1
61415.71,45,8472.2,0.1379,0.2078,4,2,13.23,5539.4,1.75,1
58881.04,52,20128.51,0.3419,0.3694,2,2,6.14,5178.04,3.38,1
29598.78,32,0.0,0.0,0.0034,4,2,9.87,19864.08,7.57,1
60739.12,33,22116.65,0.3641,0.0896,4,1,10.69,6147.86,12.17,0
38360.9,39,10337.92,0.2695,0.5175,3,3,5.53,500.0,16.37,0
42234.35,64,24906.68,0.5897,0.3185,6,0,3.26,16517.96,17.59,0
38692.49,45,26533.12,0.6857,0.1496,2,2,9.61,22688.54,2.5,0
33675.3,51,0.0,0.0,0.1801,2,1,18.04,15598.88,10.03,1
97495.43,57,8021.03,0.0823,0.6262,3,0,9.15,6638.97,5.46,1
81626.78,45,4733.67,0.058,0.2674,4,0,6.39,13372.78,5.31,1
93407.35,36,0.0,0.0,0.2355,2,0,6.8,5573.46,5.34,0
30542.1,58,2609.6,0.0854,0.4904,3,1,17.65,4227.15,8.98,0
56425.07,63,44295.07,0.785,0.1296,1,2,14.34,10419.08,11.92,0
29129.85,43,22314.12,0.766,0.2681,1,4,9.8,11544.17,9.53,0
41086.1,34,38007.46,0.9251,0.267,3,0,15.36,10377.71,4.63,0
36637.46,26,24949.18,0.681,0.3432,2,2,5.34,25373.3,3.74,0
79791.68,45,6097.88,0.0764,0.6525,7,0,8.83,12342.34,4.22,1
47075.41,43,10418.75,0.2213,0.042,4,0,4.85,19677.92,16.37,0
76367.59,63,22061.23,0.2889,0.3073,3,0,13.77,29855.06,2.91,1
67082.42,32,20250.07,0.3019,0.1622,5,2,4.76,8211.66,9.54,1
101072.78,33,8071.9,0.0799,0.2517,4,1,18.75,13188.67,5.72,1
25411.12,56,0.0,0.0,0.5026,1,2,9.41,18535.79,11.27,1
80184.66,59,54453.13,0.6791,0.3529,6,2,13.5,12976.49,4.92,1
77928.82,54,13306.2,0.1707,0.1325,3,1,3.34,9783.12,6.01,1
35532.42,26,11091.13,0.3121,0.2624,4,0,8.28,30748.22,7.25,0
75142.67,58,16360.01,0.2177,0.0817,5,0,15.55,21586.79,8.24,1
61722.9,60,12087.26,0.1958,0.0704,2,3,2.6,500.0,10.18,1
50450.47,28,16472.75,0.3265,0.086,5,1,10.11,22858.76,6.35,0
38521.29,28,30443.37,0.7903,0.4203,5,0,8.62,24802.71,14.55,0
40617.81,60,13505.42,0.3325,0.2677,4,1,11.45,21562.82,4.46,0
95996.24,53,1047.47,0.0109,0.5047,4,0,10.72,18005.31,7.64,1
55013.66,54,13060.27,0.2374,0.2156,4,1,9.38,24407.62,4.78,0
70642.6,64,9427.18,0.1334,0.4994,6,2,8.85,19061.01,7.53,0
39182.01,35,32086.79,0.8189,0.113,2,0,5.25,16629.79,6.63,0
39402.94,56,29053.43,0.7373,0.422,8,0,3.65,13073.2,4.47,0
76639.7,55,16290.3,0.2126,0.4833,4,0,10.44,3427.16,4.55,1
28008.48,42,0.0,0.0,0.2721,6,0,12.55,1018.17,6.29,1
46695.72,43,289.29,0.0062,0.0922,1,0,2.42,18183.64,4.5,1
55680.55,60,15181.48,0.2727,0.13,4,0,12.11,18040.43,5.65,1
57227.45,42,19035.88,0.3326,0.1564,1,2,15.76,11658.29,4.62,1
51418.13,25,10504.53,0.2043,0.3722,2,0,3.75,5146.68,6.05,0
62916.4,51,9237.96,0.1468,0.6557,8,0,13.76,2959.85,2.44,1
68857.12,33,7886.41,0.1145,0.061,4,1,18.03,9102.46,2.66,1
69692.75,48,14719.27,0.2112,0.301,7,0,12.98,17614.99,3.99,1
35283.92,40,0.0,0.0,0.1311,7,2,14.9,29907.18,9.35,1
49316.9,53,1784.08,0.0362,0.3171,7,0,11.61,11803.91,1.38,1
78895.26,36,7475.39,0.0948,0.2602,4,1,3.27,14302.05,3.8,0
72892.94,49,29490.04,0.4046,0.3689,4,2,9.16,21007.55,12.77,0
27542.81,43,5234.24,0.19,0.3345,5,0,5.64,11489.44,7.06,1
62029.6,44,17165.62,0.2767,0.3333,4,1,11.18,14949.99,6.56,0
15435.5,54,17718.51,1.1479,0.4513,2,2,11.58,18575.87,2.4,0
55938.7,27,30575.0,0.5466,0.3465,8,2,2.33,20816.21,1.89,0
92955.34,58,30150.93,0.3244,0.2772,4,1,8.96,12433.1,7.39,1
36042.15,57,14309.96,0.397,0.4874,3,1,4.62,8155.27,4.05,0
38313.54,24,9294.18,0.2426,0.4242,7,0,11.06,13632.82,3.94,1
70280.6,54,7034.0,0.1001,0.2896,7,0,9.39,500.0,7.81,1
24143.97,62,12107.24,0.5015,0.3562,5,1,27.17,14349.65,4.42,0
42344.9,42,9791.6,0.2312,0.2164,1,1,19.0,18935.1,7.19,1
66928.82,25,21643.53,0.3234,0.5888,7,1,7.42,25585.91,6.32,0
42314.28,62,20043.72,0.4737,0.2261,3,2,4.92,19397.17,14.3,0
50280.6,43,22101.61,0.4396,0.163,4,0,8.4,500.0,4.17,1
69883.71,35,30111.4,0.4309,0.1865,2,3,3.43,23134.23,7.1,1
63430.92,51,37354.43,0.5889,0.4698,3,2,7.33,23735.59,1.65,0
60336.37,29,16495.96,0.2734,0.3722,4,1,12.06,4634.92,2.58,0
48217.55,63,28193.57,0.5847,0.0933,5,2,4.32,8795.04,3.58,0
62401.22,45,10780.08,0.1728,0.3521,7,0,9.56,23512.55,16.23,1
52525.35,45,29220.08,0.5563,0.1867,3,1,4.12,12444.49,2.95,0
64156.11,41,27738.11,0.4324,0.666,4,1,11.66,7299.7,6.16,0
45061.36,29,27100.99,0.6014,0.0622,2,0,3.39,5988.34,16.34,0
51348.62,58,16128.84,0.3141,0.1512,2,0,8.49,33076.73,4.06,0
35200.84,42,6979.7,0.1983,0.5412,4,1,4.12,18299.82,4.0,0
54299.85,63,0.0,0.0,0.3917,4,0,2.35,9771.18,4.86,0
38779.98,43,14519.55,0.3744,0.3215,3,0,15.47,23428.99,5.14,0
32719.07,24,33396.15,1.0207,0.2275,4,1,22.32,11278.14,12.66,0
60173.22,49,11281.86,0.1875,0.3315,7,1,9.38,21691.28,6.3,1
59254.8,35,24421.52,0.4121,0.0888,5,3,16.07,16649.86,2.59,0
70657.47,21,25127.42,0.3556,0.5165,4,2,10.0,9290.87,6.27,0
46377.49,50,11595.77,0.25,0.2264,4,2,15.14,15986.41,5.08,1
63161.06,49,30796.14,0.4876,0.012,3,0,12.06,16309.79,8.49,0
66015.95,40,0.0,0.0,0.3164,4,2,14.07,18406.59,4.3,1
63895.48,53,327.0,0.0051,0.1414,2,0,8.67,25027.32,14.51,1
38486.93,61,4012.41,0.1043,0.3725,2,0,10.54,29694.7,9.08,0
57987.27,64,5163.42,0.089,0.4202,3,1,4.7,15289.14,3.74,0
62282.81,56,19035.16,0.3056,0.3373,2,1,5.1,500.0,4.31,0
55143.57,42,18480.45,0.3351,0.267,7,1,3.48,19013.22,6.61,0
13270.45,33,19727.89,1.4866,0.2654,6,4,9.33,9913.94,1.47,0
58209.79,27,22152.98,0.3806,0.581,6,2,3.47,500.0,8.65,0
99250.62,28,3598.75,0.0363,0.2756,5,1,10.8,17525.56,1.77,1
47799.21,48,381.89,0.008,0.2539,5,0,3.52,15515.22,4.33,1
40438.46,63,19755.84,0.4885,0.0927,2,2,9.25,5555.67,5.51,1
62466.97,29,7437.22,0.1191,0.174,4,2,8.86,2512.61,5.7,1
61247.56,45,0.0,0.0,0.3116,3,0,15.43,23166.58,3.94,1
78854.7,36,26656.13,0.338,0.3907,9,1,10.66,16049.26,2.49,0
29842.64,30,31741.22,1.0636,0.1868,2,1,10.08,5672.16,4.2,0
69627.61,31,33685.93,0.4838,0.5688,3,0,7.64,17300.36,4.2,0
66808.44,51,17244.09,0.2581,0.6469,8,2,8.45,8638.25,3.96,0
52157.07,32,22511.19,0.4316,0.0946,7,3,13.49,16358.14,4.94,1
61773.75,51,31438.42,0.5089,0.3031,6,1,6.58,14512.63,6.84,1
75589.15,34,7303.01,0.0966,0.2393,6,7,5.63,500.0,6.7,0
72446.31,64,28328.13,0.391,0.186,1,2,6.09,12866.29,1.84,0
32139.61,52,18304.75,0.5695,0.3988,4,3,8.12,10667.57,7.2,0
71403.16,37,25964.54,0.3636,0.4671,2,1,15.9,6077.41,5.96,1
53706.23,55,17233.12,0.3209,0.2154,4,4,4.22,1887.82,3.55,0
56457.48,21,30555.08,0.5412,0.1372,4,0,12.45,10259.87,5.27,1
56463.94,49,17682.29,0.3132,0.2205,2,1,9.61,9178.1,5.92,1
51995.14,24,0.0,0.0,0.316,5,1,7.66,17211.28,7.75,0
78834.15,43,32423.12,0.4113,0.3664,4,3,11.61,10838.72,6.17,1
53325.64,48,3629.63,0.0681,0.3346,1,1,8.85,12708.67,3.3,0
32609.08,36,30036.7,0.9211,0.3879,2,3,11.97,14617.32,2.98,0
47129.4,32,13917.09,0.2953,0.3726,4,1,11.53,8288.7,10.85,0
58573.89,41,29112.13,0.497,0.2129,2,4,9.15,4029.16,8.24,0
79584.3,37,28617.22,0.3596,0.4196,2,1,11.46,29707.5,7.19,0
67061.89,60,20161.72,0.3006,0.5186,6,2,16.16,11378.29,0.59,0
37989.29,33,21102.42,0.5555,0.1104,1,1,11.74,10320.01,3.41,0
104703.8,52,20071.54,0.1917,0.4027,2,3,13.17,23307.78,2.84,1
60295.51,57,0.0,0.0,0.1634,5,1,5.7,27097.03,2.56,1
80507.81,35,16419.96,0.204,0.1457,4,1,9.11,23565.6,13.42,0
51965.71,32,1607.23,0.0309,0.3516,5,0,6.41,8877.32,2.11,1
65667.18,35,17054.25,0.2597,0.1125,10,0,6.92,14778.2,4.67,1
71789.37,54,1284.69,0.0179,0.542,1,1,5.18,16676.32,6.79,1
79363.89,26,780.58,0.0098,0.2909,1,1,1.61,29894.67,8.5,1
76147.37,37,34259.21,0.4499,0.4578,6,1,6.14,15361.85,4.97,1
72443.94,40,27833.37,0.3842,0.4465,5,0,9.8,15716.87,3.99,1
48698.27,29,14950.29,0.307,0.1866,5,0,5.43,3895.05,2.83,1
43565.08,25,17217.22,0.3952,0.271,6,1,14.26,1957.69,9.84,0
61652.15,43,12025.01,0.195,0.2967,6,1,10.67,22835.12,9.79,1
73662.56,53,21838.52,0.2965,0.1152,5,0,1.4,14766.54,6.01,0
50545.59,58,6887.35,0.1363,0.247,5,0,3.6,15578.25,3.54,1
76303.44,34,26924.88,0.3529,0.1986,4,0,2.98,20588.79,11.82,1
84052.33,37,11962.96,0.1423,0.3921,8,1,8.37,18818.45,5.26,1
36673.58,39,9961.84,0.2716,0.203,2,2,6.48,17774.34,11.54,1
38261.59,53,15260.56,0.3988,0.2817,4,2,5.46,17087.39,7.3,0
52192.5,21,7906.24,0.1515,0.1961,4,0,5.68,13109.51,3.72,1
61152.25,33,18944.19,0.3098,0.3035,4,2,9.34,13672.9,3.67,0
44508.66,47,8551.65,0.1921,0.3147,2,1,11.29,19328.34,2.53,1
82044.05,26,20622.28,0.2514,0.3975,2,1,11.18,4492.76,10.97,1
63481.34,26,29592.08,0.4662,0.3956,4,1,13.73,3596.64,2.05,1
55788.94,53,6368.14,0.1141,0.5107,3,3,6.1,12653.58,1.53,0
26281.81,50,13433.09,0.5111,0.4835,2,0,12.41,13193.06,10.02,0
28683.68,55,20535.97,0.7159,0.715,6,3,8.46,17795.68,5.77,0
60620.19,43,9769.71,0.1612,0.1756,4,1,4.12,10221.61,9.55,0
12348.09,30,20571.85,1.666,0.354,3,1,17.88,5776.7,8.84,0
75252.75,39,21664.79,0.2879,0.2991,4,0,9.51,16814.06,8.56,1
51836.92,48,27999.14,0.5401,0.3329,5,1,4.45,22772.74,4.62,0
119861.86,43,7728.12,0.0645,0.3979,5,2,5.26,14920.31,5.69,1
101158.33,24,3686.7,0.0364,0.1659,4,0,8.74,500.0,5.06,1
51371.02,40,11309.07,0.2201,0.2273,3,3,15.51,14204.4,2.39,0
52873.26,39,3386.97,0.0641,0.0567,4,0,15.82,500.0,4.95,1
74911.63,62,21773.98,0.2907,0.3898,3,2,6.27,11671.36,3.04,0
89063.45,47,1058.98,0.0119,0.1247,4,1,10.59,500.0,7.69,1
22239.42,54,42996.2,1.9333,0.1816,4,0,4.37,8558.97,7.2,0
19272.49,24,30551.13,1.5852,0.1234,1,0,14.0,16088.41,4.13,0
42559.3,58,15150.91,0.356,0.3909,4,0,14.2,9716.56,5.49,1
66654.75,27,25408.73,0.3812,0.4207,3,2,5.49,21189.84,13.6,1
64937.47,27,0.0,0.0,0.1161,6,0,11.53,13752.57,8.11,1
76395.43,46,45280.48,0.5927,0.0114,7,1,5.57,3010.87,3.58,0
31006.05,46,7917.42,0.2554,0.4124,6,0,4.74,19205.35,6.53,0
12000.0,39,13554.03,1.1295,0.5854,3,0,12.88,17513.87,4.4,0
72160.28,29,0.0,0.0,0.433,3,0,11.11,22190.58,4.69,1
38436.07,40,20835.45,0.5421,0.5055,2,3,17.88,17677.87,4.7,0
14630.24,62,1723.87,0.1178,0.2163,3,1,7.93,15759.11,3.04,1
57901.27,36,16219.87,0.2801,0.4207,6,1,24.2,4056.38,2.61,1
70863.51,37,8468.71,0.1195,0.5259,7,1,11.48,18505.53,2.64,0
52558.86,42,2067.07,0.0393,0.0934,4,0,8.47,10828.53,6.51,1
45843.03,33,5347.66,0.1167,0.715,5,1,7.74,18448.49,3.57,1
51812.76,32,17709.46,0.3418,0.2881,5,1,14.66,29841.1,7.43,0
47588.34,30,0.0,0.0,0.208,3,2,11.45,21654.06,6.56,1
28039.06,21,6014.26,0.2145,0.4858,8,3,13.62,14280.4,4.65,0
40706.39,52,22959.28,0.564,0.124,6,1,22.72,12586.72,9.07,1
65425.6,50,46229.76,0.7066,0.2643,3,1,5.77,8658.24,15.88,0
61433.57,28,20731.07,0.3375,0.2102,1,1,3.61,500.0,4.19,0
58361.2,41,3992.86,0.0684,0.1185,2,2,9.93,12371.68,3.5,1
35097.03,42,10594.63,0.3019,0.5301,4,1,10.63,7889.74,8.62,0
51369.94,38,15379.07,0.2994,0.1954,3,1,5.54,14575.23,4.68,0
12000.0,22,10806.9,0.9006,0.4088,4,3,7.74,7869.92,4.65,0
58569.53,64,25836.7,0.4411,0.3348,7,3,10.47,13768.44,2.83,0
83577.15,29,17609.68,0.2107,0.6261,4,1,10.17,21968.52,2.47,0
25517.36,23,25894.23,1.0148,0.4351,5,3,15.57,13253.64,5.25,0
43281.45,46,11226.67,0.2594,0.1265,7,0,15.23,3310.68,11.12,1
61582.14,41,30906.0,0.5019,0.2146,3,0,20.45,5353.74,6.86,1
80056.85,50,13002.17,0.1624,0.1178,4,2,6.5,17525.68,3.12,1
46035.51,48,3345.72,0.0727,0.682,6,2,6.56,18024.62,3.9,0
41154.99,56,41127.84,0.9993,0.3995,3,1,9.75,5026.55,2.71,0
15621.54,46,0.0,0.0,0.3639,4,1,15.11,11770.2,14.93,1
57068.76,54,6135.14,0.1075,0.0977,1,2,13.44,19237.45,3.56,0
95841.52,28,7475.67,0.078,0.2177,4,0,12.73,25766.14,5.77,1
60547.17,30,45099.68,0.7449,0.0985,3,0,12.85,13411.38,6.28,0
54554.42,63,36682.31,0.6724,0.4154,3,0,6.17,10407.6,1.91,1
61441.65,34,32927.14,0.5359,0.1995,4,3,5.09,9042.61,1.82,0
54778.16,60,11032.1,0.2014,0.2903,4,3,4.87,13145.05,1.94,0
38739.71,35,44114.14,1.1387,0.3857,3,1,11.58,23112.58,7.91,0
71465.6,37,19420.22,0.2717,0.3186,2,1,4.94,13158.09,5.54,1
59515.23,38,26727.16,0.4491,0.333,1,1,10.05,15999.98,5.37,1
55352.27,52,17156.34,0.3099,0.1463,6,0,7.51,627.02,3.61,0
35492.68,58,14406.4,0.4059,0.3828,4,2,5.85,24755.09,5.49,1
81070.16,43,11978.66,0.1478,0.077,3,1,6.62,22694.87,4.21,1
68294.05,43,12484.32,0.1828,0.2338,3,2,8.17,9630.94,5.45,0
43941.58,55,22301.9,0.5075,0.0579,3,2,16.39,11165.22,1.83,0
75036.5,59,19406.4,0.2586,0.4175,4,2,6.06,21434.88,1.08,0
45048.58,35,14622.34,0.3246,0.2871,1,4,15.83,35562.27,2.58,0
39359.93,44,33114.29,0.8413,0.4017,7,2,8.38,500.0,7.13,0
39805.94,48,0.0,0.0,0.3203,2,0,11.66,7912.49,10.19,1
19578.63,36,21118.65,1.0787,0.1924,7,0,8.56,8846.46,7.5,0
64430.85,36,23612.86,0.3665,0.1214,7,0,19.76,20327.71,3.97,1
18377.1,60,28763.55,1.5652,0.5938,3,2,10.58,14834.96,2.89,0
30431.12,59,14221.54,0.4673,0.5885,5,2,5.95,7901.09,0.56,0
13488.24,26,17495.04,1.2971,0.6452,4,2,13.39,670.1,9.84,0
53278.61,22,26831.38,0.5036,0.0599,2,0,4.14,20090.41,4.29,0
51993.59,33,32894.0,0.6327,0.3272,6,1,11.83,10397.98,2.56,0
48466.08,64,11393.57,0.2351,0.4357,4,0,6.52,2736.86,6.41,0
34148.45,29,18203.71,0.5331,0.1171,3,2,6.11,6542.4,10.41,0
31555.32,54,35142.89,1.1137,0.3152,5,3,8.88,8598.43,1.53,0
64287.4,37,0.0,0.0,0.2702,1,0,9.26,9600.04,9.13,0
43988.96,47,6719.85,0.1528,0.1885,5,0,4.71,3642.21,4.29,1
61327.17,49,32590.03,0.5314,0.0529,4,0,7.8,3743.11,5.01,1
37295.03,57,28110.45,0.7537,0.4371,9,0,13.0,30956.22,10.5,1
58621.25,63,21269.34,0.3628,0.2658,2,3,8.83,14636.04,3.48,1
81065.56,42,9616.84,0.1186,0.638,3,2,24.49,8708.52,7.24,1
66723.32,44,4418.18,0.0662,0.3731,8,3,6.1,15023.77,3.88,1
46751.72,27,7905.41,0.1691,0.4438,4,1,12.5,13284.45,12.66,0
60143.98,54,33576.1,0.5583,0.2138,6,0,17.34,4746.75,6.2,0
50186.7,32,7458.69,0.1486,0.3809,4,1,7.13,500.0,4.21,1
55157.6,43,16217.08,0.294,0.4488,3,0,5.01,7752.96,3.01,0
48487.78,35,5955.51,0.1228,0.0918,8,1,3.92,10539.83,5.28,0
51713.3,53,25113.29,0.4856,0.1387,3,1,10.34,11123.54,4.39,0
59241.87,33,8535.28,0.1441,0.3203,4,3,14.93,500.0,4.26,0
35132.83,43,13828.87,0.3936,0.4816,4,1,9.38,31840.54,4.86,0
34682.42,58,0.0,0.0,0.5967,5,0,17.83,31221.73,3.17,0
27229.15,52,0.0,0.0,0.1402,4,0,15.87,15558.59,3.95,1
22994.58,55,15092.08,0.6563,0.1273,7,1,4.66,12203.94,4.6,0
30654.35,21,0.0,0.0,0.3817,6,0,7.13,7481.43,4.03,0
58189.25,25,40261.04,0.6919,0.5299,6,0,15.37,16628.21,2.94,0
37144.25,33,0.0,0.0,0.1335,7,2,28.82,11063.96,1.6,1
65272.29,25,5397.9,0.0827,0.3513,4,1,5.82,22017.83,0.68,1
55694.27,52,15200.41,0.2729,0.0061,7,0,9.82,19312.78,7.89,1
15629.92,41,10618.4,0.6794,0.4426,7,1,9.19,5195.41,4.66,0
68099.51,44,1750.25,0.0257,0.5649,5,0,6.39,6498.21,4.54,1
71215.97,38,3504.87,0.0492,0.076,1,2,6.48,19757.33,5.04,1
35122.75,41,3112.15,0.0886,0.4099,2,1,7.13,17557.1,10.2,0
63403.83,30,11559.34,0.1823,0.3573,9,0,7.19,3094.2,8.78,1
37870.04,44,38423.15,1.0146,0.3287,4,1,1.64,8343.19,5.66,0
56953.41,60,15935.25,0.2798,0.26,2,1,9.6,10768.32,3.36,1
29710.03,41,29194.81,0.9827,0.1702,1,1,9.62,11705.97,5.3,0
19137.87,45,21083.72,1.1017,0.0558,2,1,9.14,11424.93,10.03,0
47343.66,43,28366.35,0.5992,0.4006,3,1,6.65,19193.91,6.0,0
52525.42,42,0.0,0.0,0.3335,5,1,4.63,13166.19,4.89,0
47046.41,24,11346.5,0.2412,0.2953,4,3,10.5,12646.01,6.19,0
31319.39,54,30685.63,0.9798,0.42,3,3,28.06,5945.86,1.64,0
47002.02,26,8139.17,0.1732,0.0797,2,2,25.43,13340.44,6.97,1
60385.9,48,36149.68,0.5986,0.6321,4,1,3.32,11770.23,2.55,0
54102.14,51,32806.68,0.6064,0.5738,2,1,17.15,8161.13,4.27,0
58650.02,55,9370.43,0.1598,0.0871,3,1,10.27,2794.66,6.26,1
41597.7,59,8962.04,0.2154,0.2715,1,0,7.54,22215.58,9.85,0
78434.36,62,2836.73,0.0362,0.7157,0,1,18.97,26237.78,2.91,1
31476.53,43,7444.87,0.2365,0.4465,2,1,6.86,13956.02,4.83,0
64751.21,26,208.93,0.0032,0.4796,2,0,10.64,23476.8,4.17,1
78637.82,36,20145.73,0.2562,0.3023,4,0,16.97,13836.28,12.64,1
64618.16,22,0.0,0.0,0.2784,4,0,10.94,905.11,4.73,1
50949.52,44,22244.8,0.4366,0.2867,3,3,16.09,14402.35,5.62,1
44434.06,37,22536.94,0.5072,0.1928,3,1,11.59,9283.96,3.32,1
75721.75,21,0.0,0.0,0.2982,3,0,7.68,15806.78,6.1,1
26540.5,26,33597.82,1.2659,0.4384,1,1,16.87,24566.33,9.97,0
35597.51,25,21163.31,0.5945,0.1346,1,1,5.37,7946.39,7.21,0
47048.84,49,23996.38,0.51,0.3439,2,2,4.7,15100.05,9.24,0
79753.08,32,5896.02,0.0739,0.2611,4,0,7.11,18888.99,2.59,1
62595.35,59,22468.55,0.3589,0.4606,4,0,8.42,22833.49,9.65,0
35639.08,23,28516.72,0.8002,0.1003,4,2,12.27,19886.17,4.02,0
48793.85,21,13816.7,0.2832,0.4679,5,1,7.72,3080.49,4.33,0
42713.54,47,39023.07,0.9136,0.3964,6,0,6.8,3071.15,8.13,0
40804.22,44,15528.78,0.3806,0.2315,5,0,20.97,18119.42,7.54,0
74577.79,64,28689.43,0.3847,0.4155,2,2,8.61,8923.03,0.64,1
27565.14,39,18516.11,0.6717,0.1072,5,2,6.4,4129.14,5.48,0
87175.62,28,22026.26,0.2527,0.2328,5,1,15.38,21506.74,3.61,1
71564.59,64,0.0,0.0,0.6872,2,1,6.12,9042.63,6.24,1
76817.23,22,19452.64,0.2532,0.2555,6,2,9.11,25042.96,4.65,1
45741.21,50,6180.3,0.1351,0.2361,4,0,14.52,8476.19,8.99,1
52001.19,50,4843.22,0.0931,0.3607,4,3,10.65,6025.5,13.4,0
26336.96,59,35929.24,1.3642,0.2217,4,0,15.82,11485.17,9.05,0
44506.75,52,12434.76,0.2794,0.3315,3,1,10.17,18066.15,8.38,1
64873.1,21,2960.38,0.0456,0.3116,6,0,4.67,14343.45,3.55,1
80921.26,58,10690.42,0.1321,0.3125,7,1,9.38,27133.43,3.74,0
32856.86,33,0.0,0.0,0.1414,7,0,7.22,13372.03,2.24,1
47689.88,31,32206.61,0.6753,0.381,2,0,11.22,10587.79,1.7,1
51974.02,30,6651.83,0.128,0.1736,3,1,6.12,24073.24,10.7,0
27084.22,46,21351.6,0.7883,0.2708,2,2,3.54,16761.57,4.93,0
66826.98,40,31273.28,0.468,0.1704,3,3,10.54,8691.36,14.19,0
40520.19,37,8998.17,0.2221,0.3005,6,1,19.47,13908.87,5.24,1
51092.19,37,21384.27,0.4185,0.3228,6,2,17.72,13745.32,4.65,1
45961.01,24,2638.97,0.0574,0.2742,1,1,12.13,10356.54,2.46,1
39213.23,25,44349.23,1.131,0.2009,6,0,10.5,13459.33,4.1,0
54859.1,43,26236.56,0.4783,0.1669,4,1,7.4,1699.1,0.82,0
50687.81,30,12688.72,0.2503,0.0181,7,0,14.55,9151.89,5.13,1
47562.84,48,5726.0,0.1204,0.3582,2,1,3.32,15450.06,13.33,0
40430.77,53,13632.04,0.3372,0.1674,3,3,15.51,7774.02,4.47,1
61390.49,63,10920.2,0.1779,0.4516,6,0,15.07,4867.68,5.66,1
88072.35,46,38435.33,0.4364,0.3806,5,2,11.3,11674.85,1.09,0
57797.74,49,293.58,0.0051,0.2099,4,2,8.88,8218.25,1.95,1
74922.36,47,16617.62,0.2218,0.1298,3,2,3.22,1423.29,3.8,1
27195.56,38,14779.94,0.5435,0.198,4,1,9.84,1623.0,7.75,0
58155.23,60,13591.08,0.2337,0.5914,6,1,5.23,15264.64,9.04,0
33052.63,30,13696.6,0.4144,0.4083,6,2,7.69,12724.54,4.94,0
25461.5,62,13607.15,0.5344,0.225,7,3,17.72,14512.25,6.55,0
40212.57,25,25476.79,0.6336,0.1292,4,2,10.2,9610.83,2.57,0
78837.99,30,22307.81,0.283,0.2977,6,1,6.91,500.0,8.56,0
74000.32,41,20026.94,0.2706,0.2293,4,0,11.18,5006.95,9.54,0
59860.09,44,0.0,0.0,0.4394,4,0,9.02,9424.49,5.82,1
24345.99,58,18597.54,0.7639,0.0909,2,2,9.13,15488.72,2.64,0
51074.39,23,0.0,0.0,0.3024,2,5,18.7,500.0,4.72,1
61034.0,60,22755.84,0.3728,0.5865,11,1,10.66,500.0,2.75,1
58510.72,51,32693.97,0.5588,0.245,2,1,5.93,23591.34,2.33,0
18124.13,61,3885.13,0.2144,0.0821,4,1,7.57,16783.04,3.56,0
37193.64,57,11858.63,0.3188,0.2393,5,2,13.5,4991.34,7.31,0
53718.44,22,7807.73,0.1453,0.2205,4,3,11.74,10122.61,4.78,1
65725.82,22,29825.18,0.4538,0.1787,3,1,20.07,8630.18,3.94,1
12000.0,59,16140.33,1.345,0.271,5,1,4.41,14317.31,1.25,0
51757.52,62,35739.95,0.6905,0.3075,3,2,13.28,7940.71,2.77,0
57860.98,64,19965.05,0.3451,0.4513,7,2,17.34,2811.2,2.51,0
71992.24,54,17909.4,0.2488,0.3456,2,5,6.35,15914.5,1.6,1
68857.15,62,15818.48,0.2297,0.3946,4,0,9.4,26515.17,5.3,0
66651.43,40,24815.91,0.3723,0.3639,7,0,1.87,16238.3,6.14,0
39001.19,53,0.0,0.0,0.0994,6,1,7.46,12600.59,5.54,1
16839.96,24,16024.13,0.9516,0.2858,2,2,7.3,10285.92,4.52,0
47138.94,64,14159.44,0.3004,0.3576,5,0,12.94,5690.04,3.12,1
75032.64,31,23705.03,0.3159,0.4087,4,3,8.95,8739.5,4.57,0
82869.09,62,12747.58,0.1538,0.5917,7,0,5.78,15138.73,9.05,1
69210.98,25,2535.19,0.0366,0.2164,6,3,7.55,21497.86,2.81,0
63586.82,45,15088.21,0.2373,0.2091,6,2,8.29,21855.15,1.32,0
62592.79,57,2005.91,0.032,0.3088,4,1,5.99,13362.97,1.61,0
43877.63,54,0.0,0.0,0.1973,4,1,19.84,13494.37,11.62,1
52398.79,29,23725.47,0.4528,0.1325,6,1,5.99,12417.73,6.43,1
88381.39,26,21948.74,0.2483,0.1479,8,2,14.51,16568.09,4.05,1
36148.84,38,20605.09,0.57,0.2095,0,1,6.98,12384.75,4.49,0
87295.58,34,30635.14,0.3509,0.062,2,1,8.3,12515.75,7.28,0
48559.44,39,7019.62,0.1446,0.5997,4,1,9.02,5118.18,1.09,0
81508.64,34,0.0,0.0,0.2342,1,0,1.71,4927.83,1.97,1
26863.7,60,14159.64,0.5271,0.2324,1,1,5.81,6470.85,1.22,0
66718.08,37,10830.0,0.1623,0.3179,3,0,10.32,13919.38,12.16,1
40264.6,55,4892.45,0.1215,0.0513,4,0,8.23,9548.8,9.18,1
26694.66,49,14041.81,0.526,0.5489,1,0,8.22,32659.03,3.14,0
59370.68,62,7660.74,0.129,0.3367,5,3,4.02,15103.44,1.61,0
75189.44,37,0.0,0.0,0.2759,3,0,12.31,24566.46,11.06,1
38101.17,63,9705.88,0.2547,0.3613,5,1,6.37,23877.97,5.7,0
25019.68,28,1363.5,0.0545,0.2737,5,1,8.03,15397.36,4.76,0
53163.1,21,17779.78,0.3344,0.2895,5,0,15.11,11673.29,4.59,1
53251.29,56,7127.58,0.1338,0.2779,5,1,9.47,4808.06,7.16,1
65966.39,27,28339.58,0.4296,0.0746,5,1,19.4,7185.09,5.39,0
73991.89,25,34246.39,0.4628,0.2324,3,2,10.1,18722.95,2.98,0
53811.7,44,23152.58,0.4303,0.3318,5,1,5.18,14157.19,2.73,0
92110.07,48,0.0,0.0,0.4371,3,1,9.72,6860.4,8.08,1
59484.69,63,33062.35,0.5558,0.4466,3,1,9.74,10340.63,2.43,0
48071.47,37,33908.65,0.7054,0.15,3,0,10.07,14635.61,2.73,0
22768.65,57,15225.49,0.6687,0.2541,3,1,5.52,12198.47,3.97,0
49746.81,40,30875.11,0.6206,0.0281,5,3,3.75,10094.64,8.22,0
48272.26,23,8379.9,0.1736,0.3703,5,0,11.0,11561.66,5.14,0
74206.1,57,0.0,0.0,0.4553,3,1,7.19,500.0,5.63,0
64249.67,46,5876.59,0.0915,0.0178,3,5,9.36,12145.66,1.62,1
31412.62,35,35751.61,1.1381,0.227,3,1,10.9,3533.73,6.42,0
58445.09,28,0.0,0.0,0.0087,4,1,14.98,14907.81,9.45,1
68430.62,33,14994.26,0.2191,0.4775,5,3,3.08,13071.69,8.77,1
85560.63,23,15409.73,0.1801,0.057,5,1,3.78,17987.25,9.53,1
72750.08,21,8844.31,0.1216,0.7302,6,0,14.3,18065.49,4.35,1
70216.93,29,9677.74,0.1378,0.1825,4,2,17.13,25757.17,3.78,0
56201.72,51,15866.99,0.2823,0.3808,2,1,5.53,500.0,5.29,0
62766.24,61,8254.05,0.1315,0.0813,6,0,8.89,10991.53,5.25,1
79990.1,46,0.0,0.0,0.2385,5,2,10.67,500.0,3.95,1
28344.45,37,17580.38,0.6202,0.1925,2,1,3.46,15925.57,7.03,0
48011.21,54,27880.4,0.5807,0.3821,0,3,9.97,10663.76,3.29,0
39548.63,29,25434.87,0.6431,0.1888,6,0,8.21,8233.91,7.82,0
62583.06,33,5283.17,0.0844,0.2528,2,1,10.38,14136.15,16.01,1
79604.44,25,0.0,0.0,0.1371,4,0,3.69,3577.16,5.98,1
43060.51,61,11589.75,0.2692,0.274,3,1,21.76,26782.79,0.7,0
12000.0,33,33813.5,2.8178,0.1261,3,1,5.72,10044.67,9.61,0
46755.59,21,22747.18,0.4865,0.1295,4,1,15.93,12612.27,10.67,0
73269.47,45,23447.58,0.32,0.6805,3,0,9.68,10971.79,3.87,1
65752.6,24,25678.28,0.3905,0.2209,5,2,6.18,19379.28,11.09,1
63563.72,56,20049.2,0.3154,0.3172,4,3,17.09,2382.36,8.61,1
49400.13,30,16447.3,0.3329,0.0879,5,1,12.28,18625.67,11.72,1
29419.39,48,22947.68,0.78,0.1492,11,1,3.52,7851.48,0.79,0
65305.89,26,8446.01,0.1293,0.3748,2,0,11.15,7921.33,6.94,1
38314.36,47,0.0,0.0,0.1343,4,1,15.77,19035.14,4.88,1
98681.93,32,23675.96,0.2399,0.155,4,0,7.22,9854.38,2.25,1
66410.14,23,29852.86,0.4495,0.2843,3,2,13.03,16910.25,3.28,0
43387.03,53,1581.22,0.0364,0.1997,6,1,10.8,17059.63,3.53,1
42772.3,30,24863.06,0.5813,0.2125,5,2,11.07,9206.91,1.7,0
53141.12,51,35169.19,0.6618,0.7293,2,0,2.89,13863.52,5.23,0
50209.96,35,14973.05,0.2982,0.1909,6,1,3.28,8128.83,13.19,0
77336.68,27,5183.97,0.067,0.3314,7,0,8.58,11843.47,5.82,1
58728.32,56,16476.22,0.2805,0.5454,8,2,2.24,15789.48,8.02,0
40367.37,34,8393.59,0.2079,0.2702,2,2,8.24,4345.97,5.21,0
92808.81,34,7599.24,0.0819,0.0907,4,2,6.37,15522.35,3.38,1
55986.17,23,20198.21,0.3608,0.2971,6,2,6.56,14541.31,3.58,0
70376.79,23,0.0,0.0,0.0646,5,4,7.97,500.0,4.86,1
42835.47,42,0.0,0.0,0.0087,4,2,7.65,6031.38,7.9,1
62262.31,39,15231.49,0.2446,0.3116,7,1,11.53,6468.15,5.02,1
61222.2,55,14732.3,0.2406,0.1437,2,4,2.96,8444.89,2.87,0
17207.01,32,19122.65,1.1113,0.541,5,1,7.05,4352.87,2.48,0
95305.5,25,37502.7,0.3935,0.6741,4,6,10.43,19513.28,10.3,0
80812.89,30,16254.17,0.2011,0.654,3,0,13.8,20484.29,8.6,1
47056.09,61,22178.07,0.4713,0.3572,8,4,10.64,5696.98,3.69,0
32954.61,53,3293.6,0.0999,0.4821,3,3,10.09,2766.64,7.89,0
61951.23,33,24215.25,0.3909,0.0858,4,1,4.51,11893.29,9.45,1
56733.95,55,8683.31,0.1531,0.0886,5,2,5.34,22641.51,11.45,1
62113.38,52,15857.05,0.2553,0.2882,5,0,11.44,29233.6,4.86,1
58831.55,31,13693.82,0.2328,0.1868,8,0,9.74,6603.37,10.85,1
65124.82,58,27395.69,0.4207,0.3126,6,2,9.47,500.0,3.37,0
83946.11,44,0.0,0.0,0.2978,6,0,10.4,500.0,4.01,1
66362.06,55,0.0,0.0,0.5582,4,1,7.1,500.0,6.15,1
34006.89,39,12438.81,0.3658,0.2951,3,0,6.94,15334.72,5.47,1
82251.26,26,20622.38,0.2507,0.0642,4,0,9.9,12780.22,5.43,1
87812.29,60,16827.23,0.1916,0.4127,5,1,14.47,13737.52,9.3,1
118041.13,64,29786.45,0.2523,0.1248,1,0,9.06,21007.44,5.9,1
32530.12,62,20248.47,0.6225,0.4204,4,2,16.97,25031.51,6.33,0
59857.64,55,8233.82,0.1376,0.3532,2,0,10.86,18743.65,8.95,1
13358.03,24,0.0,0.0,0.4381,5,1,9.03,17881.55,13.75,0
66062.98,53,12152.25,0.1839,0.3873,5,1,34.21,500.0,5.74,0
44035.99,33,27335.51,0.6208,0.557,3,3,13.0,7931.25,6.23,0
93468.92,56,10295.43,0.1101,0.0673,7,2,8.51,23078.57,7.49,1
39507.7,63,15339.84,0.3883,0.1509,3,0,19.71,7602.72,13.87,1
21216.34,39,20056.32,0.9453,0.4655,2,2,13.58,20844.43,5.69,0
45574.73,63,2816.49,0.0618,0.1291,1,2,6.11,12987.05,9.17,1
15490.24,32,22478.83,1.4512,0.1124,4,1,9.46,18265.49,7.58,0
70021.99,31,34645.46,0.4948,0.3492,5,1,8.1,5025.29,3.69,0
13698.34,26,12926.24,0.9436,0.3157,1,0,13.8,18105.07,6.17,0
55569.15,32,1451.23,0.0261,0.463,4,3,12.91,6884.18,4.49,0
13443.76,47,14200.79,1.0563,0.1225,4,3,23.05,13844.36,5.71,0
48594.04,61,0.0,0.0,0.4463,6,4,17.17,11767.22,6.4,0
87867.56,45,19042.84,0.2167,0.4265,1,1,14.53,21536.3,3.35,0
62212.96,62,20427.29,0.3283,0.2091,6,0,18.53,18656.58,6.71,1
37730.13,23,35107.64,0.9305,0.1241,6,2,4.19,500.0,15.32,0
54375.93,23,12672.06,0.233,0.5663,4,2,11.01,5516.8,10.32,1
55360.34,40,19901.82,0.3595,0.1645,5,0,4.43,6912.86,3.49,0
64452.61,48,4664.54,0.0724,0.2831,8,1,22.76,17533.92,7.3,1
27662.83,43,10722.87,0.3876,0.1049,5,1,8.78,8037.11,1.47,1
66851.35,23,0.0,0.0,0.26,3,3,10.42,3285.08,6.47,1
12000.0,62,12662.52,1.0552,0.2788,4,1,7.69,1082.82,2.4,0
42402.31,44,11336.29,0.2674,0.1773,3,0,12.35,17818.83,7.67,0
45234.52,63,18590.4,0.411,0.3242,3,1,7.93,500.0,8.62,0
67666.54,60,7516.84,0.1111,0.2197,6,2,9.67,20441.1,3.13,0
55452.62,26,16000.14,0.2885,0.3125,5,1,9.2,1704.7,3.45,0
26888.74,40,10999.44,0.4091,0.5796,4,1,16.76,8418.26,1.99,1
35300.14,31,11022.01,0.3122,0.0954,1,0,4.17,2651.97,6.56,0
58973.6,52,15964.35,0.2707,0.2659,7,0,11.32,4646.75,6.34,1
53418.65,47,15486.28,0.2899,0.1713,0,0,5.47,10212.67,1.11,1
43417.52,41,24134.09,0.5559,0.3714,3,4,7.52,10906.16,3.21,0
45383.32,64,13552.28,0.2986,0.1979,2,2,4.94,500.0,6.16,1
68923.36,33,10801.38,0.1567,0.1118,3,0,3.99,8757.04,10.13,1
44646.15,42,12830.31,0.2874,0.1086,2,1,12.64,12825.87,4.21,0
53238.18,55,6424.03,0.1207,0.1675,1,0,9.04,15743.61,5.07,1
98398.73,42,10681.07,0.1085,0.195,5,1,4.87,500.0,5.22,1
26526.35,48,39373.9,1.4843,0.2242,7,0,4.62,8169.28,3.57,0
17963.15,41,4047.85,0.2253,0.1139,1,0,10.55,500.0,7.5,0
70671.79,38,11656.12,0.1649,0.2954,2,0,9.36,7934.12,5.82,1
41427.14,51,10350.14,0.2498,0.5354,4,0,7.79,8556.3,5.38,1
48635.25,57,12033.94,0.2474,0.4153,6,4,7.93,17033.14,7.88,0
39376.87,41,11025.13,0.28,0.4541,2,4,16.73,19787.4,2.52,0
49804.0,34,18350.88,0.3685,0.7849,4,0,7.5,3825.68,5.14,0
86970.76,45,0.0,0.0,0.4764,4,0,13.46,14354.1,6.68,1
71042.57,47,27446.06,0.3863,0.4549,3,1,7.42,17240.09,2.41,0
72244.47,60,22590.99,0.3127,0.5675,3,1,10.35,6023.61,2.53,1
26675.46,43,85.54,0.0032,0.0452,2,0,23.42,18184.04,3.94,1
31976.93,51,0.0,0.0,0.0964,4,1,12.37,13087.74,19.14,1
12000.0,49,3275.13,0.2729,0.1669,3,0,20.02,9812.35,5.95,0
38812.38,50,12088.0,0.3114,0.0437,1,0,2.78,13134.1,0.59,1
74134.06,46,45963.5,0.62,0.2363,2,3,9.52,500.0,5.44,0
65338.93,40,21519.08,0.3293,0.1566,1,2,13.69,13123.71,6.94,1
50569.73,58,0.0,0.0,0.3018,8,0,7.43,5233.57,5.78,1
54553.99,39,6724.13,0.1233,0.3532,6,3,16.27,12230.63,4.3,1
41222.29,47,14361.45,0.3484,0.112,3,0,9.77,8753.44,1.66,0
59095.18,45,18044.2,0.3053,0.3954,5,1,6.69,14307.14,5.8,1
70317.57,60,0.0,0.0,0.4668,2,0,4.26,21534.95,3.72,1
22682.26,58,13380.12,0.5899,0.299,6,1,16.69,13017.11,4.47,0
60992.95,43,6388.33,0.1047,0.539,3,1,14.7,20003.62,12.07,1
73648.7,49,1754.9,0.0238,0.1493,4,3,17.54,3816.63,12.62,0
46697.99,35,18115.15,0.3879,0.2497,2,3,20.85,23469.44,1.97,0
69014.01,23,24286.53,0.3519,0.2295,3,2,2.78,3898.15,3.96,0
111293.09,30,25092.5,0.2255,0.5286,6,4,10.69,1972.49,2.34,1
52913.14,35,21892.64,0.4137,0.1296,4,0,12.42,9801.36,2.38,1
62866.14,36,9031.57,0.1437,0.3716,2,2,10.57,8444.32,6.16,0
40238.86,37,23574.6,0.5859,0.5855,5,0,5.71,500.0,3.38,1
58625.02,39,18708.65,0.3191,0.7864,4,1,17.68,2977.25,7.08,0
64205.43,31,16607.3,0.2587,0.2078,7,1,9.32,500.0,4.05,1
58896.85,25,7659.68,0.1301,0.3438,6,0,13.46,1190.24,9.4,1
34606.09,25,9037.49,0.2612,0.3879,4,1,9.99,6721.28,5.81,0
59127.24,34,15886.64,0.2687,0.757,5,0,8.57,23918.78,7.86,1
84243.92,46,44278.49,0.5256,0.361,2,0,16.31,17704.32,5.47,0
63972.72,28,18614.91,0.291,0.3415,5,2,3.29,14588.0,6.78,0
74239.74,25,7665.74,0.1033,0.3242,5,0,9.03,29322.3,6.95,1
50259.76,27,5011.33,0.0997,0.0513,3,2,11.58,500.0,6.93,1
69998.0,36,9098.8,0.13,0.4318,2,4,7.87,11458.4,10.48,0
60585.36,34,41127.52,0.6788,0.3249,5,1,16.94,28283.54,12.54,0
35981.79,57,10208.92,0.2837,0.0895,8,0,5.23,7941.26,9.12,0
61370.42,61,25882.45,0.4217,0.5664,5,1,3.61,5377.76,1.9,0
35166.07,24,10488.86,0.2983,0.0449,4,0,9.13,18538.7,5.39,1
42342.39,56,18134.21,0.4283,0.1892,3,1,11.56,7546.25,3.73,1
58786.57,37,24500.94,0.4168,0.4264,4,2,2.29,22074.4,3.43,0
60944.89,56,8137.17,0.1335,0.1514,4,4,21.3,18651.93,2.7,0
31215.35,26,7306.66,0.2341,0.1986,3,1,18.19,10476.07,0.96,0
76079.72,36,34906.44,0.4588,0.4024,1,1,13.59,19844.58,7.84,0
66440.13,49,26815.11,0.4036,0.2524,3,1,8.02,10115.62,2.66,1
40905.43,56,24488.07,0.5987,0.4529,4,3,3.29,13061.7,8.11,0
24248.3,58,24447.32,1.0082,0.3116,4,2,3.69,16681.94,4.91,0
52101.91,57,20514.91,0.3937,0.2027,5,1,20.84,8883.71,8.57,1
46081.13,30,39213.31,0.851,0.0469,2,2,9.93,24082.31,5.56,0
57262.81,61,15526.9,0.2712,0.0458,2,3,5.52,12559.88,3.33,1
47737.67,56,21927.15,0.4593,0.19,4,2,8.76,14317.18,4.46,1
14850.86,49,0.0,0.0,0.0863,2,2,13.46,1468.88,12.0,1
47233.06,34,5100.47,0.108,0.3317,7,1,17.58,6843.66,5.0,1
48887.62,24,590.17,0.0121,0.1897,3,1,8.5,13303.07,3.77,1
67673.22,64,30288.76,0.4476,0.2226,1,2,18.17,18949.88,1.98,0
41036.01,62,0.0,0.0,0.4496,2,1,5.9,23303.45,8.26,1
88573.49,56,10172.28,0.1148,0.2996,5,1,13.66,3514.56,7.33,1
16767.19,33,0.0,0.0,0.0213,3,0,7.41,5387.05,6.44,1
81223.35,38,5024.55,0.0619,0.4181,0,2,15.39,2161.21,3.23,1
50513.62,53,9108.61,0.1803,0.2678,5,2,10.12,15948.9,7.53,1
72191.7,41,31618.45,0.438,0.2565,1,0,10.42,23306.63,8.94,1
56596.03,36,19759.54,0.3491,0.3127,7,4,13.75,10736.21,2.49,0
77791.11,35,5002.3,0.0643,0.1162,4,3,12.06,12467.0,2.57,0
47252.76,25,27791.56,0.5881,0.2365,5,1,15.9,13060.24,12.59,0
33027.59,26,15213.99,0.4606,0.1534,7,2,12.14,8247.44,6.84,1
83410.09,58,15450.8,0.1852,0.0791,3,0,11.83,2229.53,2.53,1
52730.39,23,567.94,0.0108,0.0937,3,1,4.41,20479.7,1.26,0
59431.17,32,3119.84,0.0525,0.15,2,1,9.26,13234.03,3.99,1
79695.04,56,5098.83,0.064,0.0789,1,1,3.95,7614.56,3.75,1
34360.9,53,15557.54,0.4528,0.3383,3,3,6.11,36041.01,7.39,0
66909.82,56,15934.63,0.2382,0.2278,2,3,8.58,11977.32,1.44,1
43202.1,53,33529.11,0.7761,0.1383,3,1,5.27,500.0,2.67,0
52356.61,51,19620.66,0.3748,0.0539,1,1,11.53,17238.47,11.94,0
56445.58,41,0.0,0.0,0.1162,5,0,27.14,500.0,6.28,1
24995.56,47,18151.7,0.7262,0.2084,1,1,4.01,15728.09,10.16,0
39423.26,47,0.0,0.0,0.254,2,1,6.74,15515.72,4.55,1
82021.46,28,3408.35,0.0416,0.1723,3,0,6.51,23039.09,1.95,1
72723.82,57,5253.97,0.0722,0.0658,3,2,5.19,3981.53,1.36,1
53747.21,52,7039.94,0.131,0.2183,2,2,12.21,9650.7,6.89,1
59862.47,46,0.0,0.0,0.2751,6,0,5.68,11447.41,6.26,1
49115.15,22,17441.78,0.3551,0.4498,5,2,11.28,18926.05,3.74,0
82131.67,32,0.0,0.0,0.3371,2,1,8.49,15473.94,4.56,1
50992.95,42,19280.01,0.3781,0.2644,1,2,4.47,16150.34,3.97,0
59636.84,37,41843.65,0.7016,0.3227,5,0,4.23,21750.61,12.91,0
77920.6,27,0.0,0.0,0.3915,6,1,7.32,10222.8,5.03,1
39452.57,63,11585.88,0.2937,0.3314,5,1,10.45,23701.81,2.35,0
86175.78,24,0.0,0.0,0.4774,6,0,17.51,11293.31,2.07,1
24390.77,57,11388.78,0.4669,0.1031,4,0,15.39,19163.69,2.77,0
87592.84,58,22712.61,0.2593,0.0997,7,0,10.36,8035.89,4.73,1
47546.49,52,23647.67,0.4974,0.5508,3,1,11.05,16760.25,5.77,0
50146.03,31,15928.36,0.3176,0.3032,3,5,9.9,21265.21,0.8,0
17199.8,21,25671.16,1.4925,0.3896,3,1,12.59,3343.42,2.72,0
45904.11,45,45552.65,0.9923,0.1871,4,1,15.25,19554.8,5.84,0
34203.87,62,35547.66,1.0393,0.1332,4,0,6.57,13430.05,6.1,0
42847.07,44,8729.75,0.2037,0.4584,4,1,9.49,28307.16,7.57,1
52253.78,63,0.0,0.0,0.0889,4,2,3.73,9888.85,4.59,0
74155.83,37,10126.18,0.1366,0.5678,3,0,6.56,14347.95,0.85,0
59152.07,28,3636.21,0.0615,0.1693,4,0,8.4,10751.41,2.3,1
61153.53,47,20416.17,0.3339,0.1194,4,1,9.86,17302.73,4.94,1
33089.61,38,825.68,0.025,0.3987,5,2,2.81,500.0,10.37,0
37384.92,47,14126.13,0.3779,0.6052,3,0,8.43,716.96,5.42,0
90974.5,42,25056.17,0.2754,0.1409,4,2,2.12,17348.52,2.29,1
40295.98,36,13791.65,0.3423,0.0934,5,0,14.42,12212.17,5.78,1
88124.17,22,3644.23,0.0414,0.2202,2,2,3.89,500.0,9.03,1
50138.78,25,29097.77,0.5803,0.3272,2,1,11.81,6927.48,5.5,0
55045.76,38,0.0,0.0,0.2442,5,4,13.87,8857.35,8.21,1
76407.3,23,11066.46,0.1448,0.4617,5,4,10.25,8119.24,3.37,1
80437.85,47,14500.08,0.1803,0.2718,3,0,3.05,19452.45,3.78,0
52783.75,37,15190.9,0.2878,0.4952,6,0,11.27,22050.88,2.12,1
47235.14,36,17165.95,0.3634,0.0542,6,0,11.73,500.0,10.81,1
53881.59,26,22325.28,0.4143,0.2632,4,1,5.63,11044.15,2.68,0
61759.15,27,14575.11,0.236,0.1165,5,0,4.19,12909.99,5.01,0
72826.07,34,10583.3,0.1453,0.3775,2,1,16.98,500.0,6.45,1
55084.6,58,10108.93,0.1835,0.2231,3,3,5.64,22024.93,3.73,1
67377.73,60,7661.81,0.1137,0.3469,5,1,37.54,14967.87,10.05,1
87767.19,35,24450.52,0.2786,0.0755,2,2,7.19,18804.11,5.48,1
62626.19,53,7241.66,0.1156,0.2517,6,1,14.6,8433.67,5.06,1
61233.06,63,25161.25,0.4109,0.2687,4,0,8.34,5768.6,7.93,0
24621.78,47,15227.99,0.6185,0.1813,5,2,6.82,7444.6,12.46,0
12000.0,49,8744.94,0.7287,0.204,3,2,4.16,11119.75,5.26,0
62767.51,57,22420.89,0.3572,0.3428,7,1,5.6,8595.94,4.69,1
53103.52,25,6270.55,0.1181,0.4992,3,1,9.64,19244.45,8.95,1
44704.35,49,22658.21,0.5068,0.4851,2,2,3.66,33328.35,9.51,0
59870.6,52,17552.71,0.2932,0.4672,2,0,10.71,16660.49,1.39,0
53791.93,26,7844.1,0.1458,0.0843,4,0,7.69,500.0,5.04,1
77555.61,22,21343.62,0.2752,0.3697,4,2,16.84,13240.58,3.79,0
56722.22,26,21559.08,0.3801,0.3882,1,2,8.74,2497.61,2.38,1
40061.53,63,28890.24,0.7211,0.1301,4,1,18.19,8738.62,1.67,0
74803.32,24,26593.76,0.3555,0.2869,3,2,4.71,11715.04,5.71,1
50657.38,49,20895.29,0.4125,0.0452,4,3,4.9,9926.87,2.56,0
65530.73,45,1468.91,0.0224,0.6063,5,1,7.99,3719.62,10.69,0
45451.79,29,44383.04,0.9765,0.235,8,3,13.57,16175.52,13.39,0
42003.46,23,0.0,0.0,0.342,1,2,15.85,500.0,7.59,1
56683.36,46,26391.16,0.4656,0.2993,4,2,7.57,15090.86,7.71,1
55256.57,63,20175.41,0.3651,0.2593,3,0,4.98,4783.7,6.78,0
64596.54,47,910.29,0.0141,0.1762,1,1,3.87,14229.59,3.14,1
49627.08,56,13508.39,0.2722,0.2879,5,1,6.77,1242.51,5.96,0
18272.8,52,14054.97,0.7692,0.0725,5,3,5.84,13851.93,2.04,0
46344.52,21,30666.99,0.6617,0.2578,3,0,5.5,23018.51,10.34,0
70876.37,36,6440.27,0.0909,0.3466,1,0,5.8,7242.49,6.7,0
49052.48,31,11856.66,0.2417,0.738,7,2,8.97,7067.03,7.49,1
50072.33,46,0.0,0.0,0.1444,7,2,15.41,15460.0,11.41,1
74727.53,60,35817.15,0.4793,0.2402,5,0,5.45,13688.56,6.94,0
40760.54,21,2154.38,0.0529,0.4934,8,1,10.26,946.13,9.15,0
24143.94,46,18922.93,0.7838,0.2338,5,2,4.1,20861.02,10.47,0
51787.38,48,13783.11,0.2661,0.1975,4,0,6.31,18471.59,6.81,1
45316.52,29,13823.99,0.3051,0.3163,6,0,7.24,22256.73,5.25,1
35675.07,64,24718.34,0.6929,0.1258,5,0,9.57,16367.21,4.86,1
51492.43,42,35055.15,0.6808,0.5135,3,3,12.42,27102.48,6.11,0
64830.11,28,18017.92,0.2779,0.5793,2,1,5.08,500.0,8.99,0
54814.23,62,22860.94,0.4171,0.4764,5,2,7.17,24191.31,15.19,0
61139.62,47,18946.7,0.3099,0.1973,3,1,21.27,8880.63,0.25,1
91268.15,59,27210.38,0.2981,0.3669,4,1,11.52,7648.25,4.05,1
48142.42,39,9445.0,0.1962,0.2009,5,2,8.17,6284.38,5.73,1
60566.97,45,27904.69,0.4607,0.2885,3,5,8.84,16074.8,5.88,1
44815.73,58,28326.0,0.6321,0.2426,5,0,12.37,18401.95,12.67,0
38072.81,41,27990.44,0.7352,0.125,5,0,9.16,8269.25,4.62,0
43301.85,44,7078.23,0.1635,0.1467,4,4,15.53,14188.62,3.83,0
45424.83,44,12979.95,0.2857,0.1296,4,0,9.2,34110.75,5.98,1
62189.52,39,17873.6,0.2874,0.1646,2,1,11.16,6640.97,3.36,1
101981.52,22,0.0,0.0,0.1451,4,0,4.02,8844.17,3.34,1
40679.13,34,34139.04,0.8392,0.5504,4,1,7.85,23359.14,3.06,0
46667.49,52,14852.68,0.3183,0.2725,1,2,10.51,500.0,4.91,0
53737.54,62,18407.13,0.3425,0.1445,3,1,8.42,13960.93,6.69,0
62915.98,52,8075.95,0.1284,0.3601,3,0,8.19,500.0,8.46,0
60271.02,48,0.0,0.0,0.0752,4,0,6.27,963.99,5.08,1
80681.92,59,7751.64,0.0961,0.1667,3,0,8.83,2479.38,12.15,1
12000.0,60,17630.45,1.4692,0.4779,5,2,11.56,4987.97,6.66,0
12000.0,62,23081.15,1.9234,0.2201,1,2,10.94,2022.41,2.81,0
45082.44,60,16941.5,0.3758,0.2346,10,2,17.76,13607.86,7.96,1
76946.0,33,19160.69,0.249,0.1611,3,1,18.36,23198.76,4.69,1
23687.04,32,10955.68,0.4625,0.4107,8,1,12.84,28312.48,9.35,0
12000.0,28,20954.98,1.7462,0.2869,2,2,16.69,3764.64,6.81,0
66423.59,35,32793.99,0.4937,0.4384,2,4,9.97,17827.42,5.06,0
59873.14,46,23457.47,0.3918,0.5259,5,1,12.75,21668.04,4.2,0
33195.83,32,24714.5,0.7445,0.0682,3,1,7.62,12967.38,3.34,0
35289.21,63,18528.2,0.525,0.1211,7,1,19.0,17667.93,10.33,0
35605.13,47,0.0,0.0,0.3184,2,0,10.41,15680.34,8.53,1
57210.71,38,2464.0,0.0431,0.0819,6,1,12.65,15668.26,9.0,1
42473.69,56,20458.51,0.4817,0.3141,5,1,11.21,6106.91,5.58,0
64881.28,47,14868.73,0.2292,0.328,4,0,15.72,500.0,2.21,0
12000.0,29,20278.11,1.6898,0.1118,3,1,1.75,9210.48,1.27,0
37862.96,59,35117.08,0.9275,0.2956,1,2,6.52,5865.03,6.85,0
32478.92,21,23712.43,0.7301,0.4103,0,0,14.58,9776.98,2.25,0
49873.19,27,30106.63,0.6037,0.1871,6,1,9.12,19691.61,9.7,0
44239.04,46,16136.18,0.3647,0.1839,4,0,3.96,23485.4,14.74,0
70956.88,27,5313.41,0.0749,0.0202,5,2,13.08,13205.85,5.24,1
17813.26,27,14305.61,0.8031,0.3381,5,1,20.95,2527.87,8.61,0
55909.83,28,5342.98,0.0956,0.0539,1,0,11.82,8885.64,4.46,1
66166.73,36,33699.54,0.5093,0.4098,6,1,11.21,5820.96,7.33,1
92132.95,23,24484.69,0.2658,0.1528,4,1,7.26,12991.68,9.48,1
45364.68,30,21246.15,0.4683,0.3596,3,2,19.01,8265.97,6.46,1
61489.17,27,29831.32,0.4851,0.2572,6,1,10.11,19221.3,2.32,0
18922.74,41,0.0,0.0,0.2994,4,2,12.0,5216.36,7.91,0
12000.0,57,22057.66,1.8381,0.1466,5,1,4.77,29467.46,1.97,0
71895.49,51,0.0,0.0,0.1903,4,0,7.97,500.0,3.0,1
54888.79,43,14912.93,0.2717,0.0944,5,2,12.6,14445.73,15.85,1
78570.25,47,11259.51,0.1433,0.0369,2,3,3.63,500.0,9.06,0
27531.94,42,22940.84,0.8332,0.252,5,0,8.64,20383.15,5.71,0
65398.04,59,17738.25,0.2712,0.3708,2,2,15.74,12375.06,14.97,1
92376.36,47,31141.41,0.3371,0.2497,5,0,12.69,13646.03,4.19,1
63394.11,24,7777.23,0.1227,0.2907,2,3,14.77,4821.95,8.96,1
60531.63,44,23509.37,0.3884,0.2753,3,0,6.88,20687.61,10.01,0
55171.12,43,16946.68,0.3072,0.1014,2,2,8.88,17142.74,0.53,1
23582.37,39,0.0,0.0,0.3502,2,1,11.71,7636.68,5.5,0
82111.46,62,3976.6,0.0484,0.5233,4,0,7.44,11867.55,3.7,1
42782.85,23,13201.46,0.3086,0.1442,2,0,6.65,4877.42,0.89,0
65089.67,47,28347.51,0.4355,0.1266,6,0,7.25,4246.82,14.22,1
23739.31,23,20564.68,0.8663,0.4182,8,1,5.53,7077.54,6.16,0
31410.81,48,989.99,0.0315,0.0675,5,0,6.98,9808.37,1.37,1
83701.75,37,13316.21,0.1591,0.4398,4,2,12.59,12013.98,6.66,1
48053.95,51,39213.68,0.816,0.1457,0,2,3.57,11645.41,9.15,0
84065.51,30,16334.68,0.1943,0.2597,4,1,9.47,5078.47,2.24,0
53435.39,42,11072.09,0.2072,0.1705,5,1,12.54,18072.33,5.39,0
18162.04,50,20900.88,1.1508,0.4496,7,0,6.78,20716.07,8.29,0
72841.35,41,24160.72,0.3317,0.2562,10,1,7.04,19308.81,4.75,1
43202.15,56,9525.98,0.2205,0.2527,6,0,6.02,17649.66,9.52,0
68973.78,43,21030.9,0.3049,0.5863,3,2,10.52,500.0,2.95,0
55504.22,58,11053.33,0.1991,0.3492,6,1,12.79,4012.3,5.87,1
24137.64,32,23631.93,0.979,0.1962,3,0,13.2,500.0,1.81,1
58285.9,45,17036.32,0.2923,0.2269,3,1,10.86,500.0,13.2,1
98924.46,40,20783.61,0.2101,0.3781,2,1,12.49,21151.28,3.18,1
64859.73,62,5889.8,0.0908,0.1363,4,1,18.32,25561.13,4.36,1
53849.64,27,5144.56,0.0955,0.1549,8,1,1.89,12060.56,11.24,1
76506.87,49,26345.97,0.3444,0.1619,5,0,8.95,15770.64,12.96,0
59213.37,49,14047.24,0.2372,0.256,2,1,16.9,9125.7,7.07,1
59190.68,33,18420.42,0.3112,0.1792,2,1,8.56,21357.51,6.37,0
33167.5,23,11323.25,0.3414,0.1001,5,0,5.38,14240.21,9.67,1
59676.96,22,25784.72,0.4321,0.0744,4,2,13.71,7828.64,7.04,1
75708.87,36,7706.28,0.1018,0.5365,3,2,23.86,16498.37,3.69,1
38278.76,50,13372.79,0.3494,0.2954,5,3,3.68,10546.9,4.3,0
83489.92,58,24431.91,0.2926,0.536,4,0,16.33,13564.68,16.73,1
53165.88,26,29075.61,0.5469,0.3664,3,2,5.29,17546.64,2.6,0
37244.61,27,8714.89,0.234,0.0844,6,0,8.46,42081.24,6.74,0
74952.64,25,38516.21,0.5139,0.2139,5,1,12.93,26289.72,4.36,1
49264.12,27,18758.9,0.3808,0.3566,2,1,8.93,13200.14,2.88,1
70190.3,54,2484.86,0.0354,0.2993,5,1,12.64,4482.16,11.05,1
49164.83,52,19428.62,0.3952,0.2834,3,2,9.33,500.0,3.89,0
53803.48,33,10404.01,0.1934,0.5248,3,1,13.83,22273.96,6.07,0
64871.2,50,20208.82,0.3115,0.4923,4,4,6.19,20958.57,1.74,0
60817.94,45,14485.73,0.2382,0.2075,9,0,12.54,6976.31,1.85,1
15089.36,41,15891.28,1.0531,0.1541,0,4,8.93,11299.29,6.06,0
32575.13,41,4060.88,0.1247,0.3421,2,0,7.64,13664.01,3.12,0
73588.2,48,26880.73,0.3653,0.2538,4,1,4.71,16752.55,2.23,0
52357.27,40,1126.47,0.0215,0.0645,7,2,4.26,25236.06,2.18,1
44525.37,54,1694.82,0.0381,0.3488,4,0,10.07,1575.55,11.9,1
27828.52,25,19408.32,0.6974,0.2469,2,0,5.6,17389.22,5.51,0
33405.27,38,34234.13,1.0248,0.1773,4,2,4.14,13750.59,7.41,0
14564.03,59,10768.88,0.7394,0.6667,5,1,18.91,7918.91,2.96,0
52974.39,63,23411.67,0.4419,0.5011,2,0,8.28,18451.69,3.27,1
43031.25,31,27880.08,0.6479,0.4658,5,3,7.55,11109.63,5.16,0
35668.24,37,24776.21,0.6946,0.3461,4,0,2.96,11356.76,3.29,0
53637.53,42,11265.5,0.21,0.1909,3,2,9.72,14510.32,2.58,0
62279.41,57,1907.44,0.0306,0.1946,3,2,14.2,8336.2,6.08,1
96863.96,40,0.0,0.0,0.1517,6,2,9.99,17235.17,7.76,1
24762.33,26,11845.91,0.4784,0.106,3,0,17.56,8821.19,6.27,0
78187.62,54,29137.05,0.3727,0.616,5,2,14.87,25521.14,10.63,0
74462.03,34,1510.01,0.0203,0.6099,3,0,7.34,13826.67,12.34,1
39418.15,43,23402.52,0.5937,0.2489,6,1,8.95,6639.68,8.86,0
59064.72,40,3598.17,0.0609,0.5228,5,1,14.73,14470.21,3.36,1
45847.34,33,16272.87,0.3549,0.1897,4,0,3.13,19916.01,5.23,1
58713.77,64,23493.5,0.4001,0.0555,7,1,6.81,500.0,5.3,1
85182.62,61,7086.05,0.0832,0.5287,4,0,9.28,22136.46,4.8,0
67112.12,52,17045.82,0.254,0.2452,3,1,14.1,14722.3,8.4,1
65172.17,46,10018.9,0.1537,0.238,4,2,13.15,11757.06,2.98,1
46393.81,34,23461.78,0.5057,0.16,4,0,6.54,6509.57,11.04,0
25318.87,56,17823.81,0.704,0.4121,5,3,13.68,14776.42,9.71,0
50830.64,28,15678.09,0.3084,0.5121,4,3,21.65,4930.79,0.91,1
79132.16,60,33700.2,0.4259,0.3356,8,0,13.26,500.0,5.71,1
24456.64,42,22947.67,0.9383,0.2182,4,0,9.05,6295.83,4.12,0
33898.21,42,6715.78,0.1981,0.246,7,0,12.88,9819.62,3.82,1
57525.35,36,13969.63,0.2428,0.2182,7,1,5.42,16905.15,2.26,1
35306.9,47,14089.21,0.399,0.5274,9,0,2.94,10249.57,7.54,0
39149.53,30,15963.83,0.4078,0.3759,6,1,12.77,2839.25,5.36,1
46528.03,45,45294.11,0.9735,0.1954,6,1,13.09,6711.16,3.92,0
27687.65,51,19450.22,0.7025,0.1307,8,2,10.27,12165.12,9.16,0
35517.56,41,0.0,0.0,0.0986,5,1,11.19,17164.78,4.06,1
69068.56,47,8486.41,0.1229,0.0911,3,2,12.97,18505.48,4.52,1
28852.6,37,0.0,0.0,0.0633,6,5,11.7,1104.24,3.26,1
23042.56,53,11042.42,0.4792,0.2153,2,0,10.66,12409.25,3.5,0
42399.5,51,0.0,0.0,0.3284,3,0,11.62,18189.76,9.13,1
69639.11,62,4540.91,0.0652,0.4198,7,1,7.74,5015.47,2.63,1
51061.56,46,0.0,0.0,0.5713,6,1,1.81,26401.76,5.51,0
45708.38,41,19609.92,0.429,0.1128,2,4,6.56,8044.09,13.37,0
55887.18,56,15006.47,0.2685,0.4213,1,1,15.3,20159.68,5.29,1
20085.85,21,18635.55,0.9278,0.2294,1,1,6.8,17529.35,16.04,0
64894.11,24,13745.38,0.2118,0.2902,3,1,17.19,6497.98,8.61,1
62668.7,24,0.0,0.0,0.1696,3,2,9.53,12129.41,8.77,1
46813.83,46,21162.26,0.4521,0.3809,1,2,6.98,22913.1,9.74,0
75118.49,24,38066.69,0.5068,0.1073,3,1,11.31,7704.97,4.74,1
32450.08,29,19910.55,0.6136,0.4035,5,1,14.32,13418.21,16.68,0
77558.18,50,9888.9,0.1275,0.1434,3,1,17.3,500.0,13.22,1
58089.87,24,0.0,0.0,0.195,4,0,17.19,14876.7,4.79,1
48268.95,25,4103.2,0.085,0.1095,3,2,3.38,8763.79,6.93,1
54602.53,43,20436.48,0.3743,0.1481,4,3,7.72,16190.9,4.24,0
52854.7,36,27877.42,0.5274,0.7137,7,2,8.19,5245.0,1.42,0
79405.66,42,18130.39,0.2283,0.2221,3,1,8.82,14557.77,3.09,1
33466.42,57,24598.65,0.735,0.7182,1,2,17.46,9198.02,2.22,0
39749.62,28,23492.14,0.591,0.1871,3,1,11.67,500.0,4.5,0
75726.06,53,21078.41,0.2784,0.0655,3,0,3.35,12702.92,3.0,1
43089.3,58,7098.32,0.1647,0.2388,2,0,6.46,22088.61,2.94,0
73010.66,63,17087.08,0.234,0.251,4,2,7.23,3228.49,3.87,1
88988.72,36,4819.47,0.0542,0.5039,3,1,6.41,6843.52,6.12,0
46964.1,25,15209.15,0.3238,0.5654,6,0,4.7,22602.78,5.83,1
68627.25,36,18970.36,0.2764,0.1467,4,0,9.4,16451.86,5.62,1
31926.15,27,35145.41,1.1008,0.1323,4,1,12.77,9368.64,3.19,0
70094.67,21,0.0,0.0,0.2859,3,2,8.66,14366.1,1.87,1
58988.48,29,20778.09,0.3522,0.2509,4,2,3.35,6994.64,5.51,1
64460.77,38,32774.84,0.5084,0.1076,3,1,10.79,31771.76,3.17,0
42088.56,23,24106.17,0.5727,0.3203,8,1,10.93,19094.94,9.2,0
21778.33,44,24995.35,1.1477,0.2221,7,2,3.62,25670.46,2.2,0
65065.04,48,22052.34,0.3389,0.198,4,0,9.14,12735.31,4.25,1
13731.94,30,30580.01,2.2269,0.5836,2,0,7.25,1809.32,5.86,0
48652.99,29,1950.26,0.0401,0.2702,3,0,6.49,16026.71,5.96,1
73823.64,33,0.0,0.0,0.6616,2,2,9.09,22040.9,7.61,1
58837.95,55,14923.99,0.2536,0.2651,7,0,11.65,22377.07,13.69,1
93966.85,43,0.0,0.0,0.2265,1,0,10.98,500.0,4.14,1
75502.18,37,29767.75,0.3943,0.0964,1,2,7.67,13691.39,6.18,1
41922.03,27,29648.58,0.7072,0.1527,2,0,6.05,500.0,6.46,0
55546.27,36,9799.79,0.1764,0.1967,4,1,4.19,7312.77,9.02,0
54052.59,60,10550.75,0.1952,0.4935,2,1,6.63,16683.37,3.31,0
23356.46,56,14131.83,0.6051,0.0925,3,2,8.8,22651.09,5.82,0
36192.02,40,15624.25,0.4317,0.5236,6,0,19.16,13779.87,4.58,1
43784.78,44,16526.09,0.3774,0.0811,4,3,15.65,2818.03,12.47,1
14275.59,25,21698.79,1.52,0.4035,13,0,6.48,16794.97,3.48,0
55949.87,26,12928.48,0.2311,0.1468,6,1,6.91,5193.03,14.88,0
50018.56,48,26318.32,0.5262,0.3786,3,2,5.27,9661.43,4.0,1
21542.12,25,20351.37,0.9447,0.2543,5,0,16.52,12723.52,3.01,0
63084.26,59,7716.44,0.1223,0.242,5,2,18.41,6641.16,12.79,0
69317.45,58,31021.35,0.4475,0.1212,5,2,12.57,17091.61,11.71,0
59540.69,22,0.0,0.0,0.4311,5,1,7.73,18019.67,20.47,1
48518.64,63,13894.01,0.2864,0.1472,5,1,9.14,20225.49,2.36,1
66828.84,59,26603.01,0.3981,0.1025,7,0,5.03,23402.66,4.18,0
68604.41,41,6323.12,0.0922,0.5618,6,0,8.77,10854.61,10.37,0
61148.07,60,18714.67,0.3061,0.5026,6,1,4.63,2184.36,7.74,1
38507.75,57,21520.08,0.5589,0.4445,1,3,5.84,2955.58,3.98,0
60532.02,38,4673.71,0.0772,0.0673,7,0,5.71,25881.28,8.12,1
78909.61,32,14130.27,0.1791,0.1896,5,2,13.99,24922.32,6.25,1
43067.42,37,13121.95,0.3047,0.0622,5,3,6.63,22706.92,5.75,0
96958.79,57,8379.15,0.0864,0.2441,3,1,6.34,7315.95,5.79,1
44487.38,58,42620.1,0.958,0.3237,2,2,3.0,25504.83,6.84,0
55648.14,35,5842.72,0.105,0.4444,4,1,6.34,10642.53,7.49,1
41550.29,27,27059.16,0.6512,0.2247,3,1,3.15,14744.61,3.24,0
59465.42,34,10286.39,0.173,0.136,2,2,10.95,18611.48,4.42,0
20155.57,21,1960.37,0.0973,0.2721,5,2,21.57,22089.74,5.53,1
44079.16,58,16233.77,0.3683,0.1321,3,4,10.69,16329.84,6.07,0
33157.58,23,22789.12,0.6873,0.4857,8,2,8.15,23000.09,3.08,0
57706.77,57,26046.11,0.4514,0.3095,6,2,12.75,12106.27,9.02,1
74888.95,64,33747.18,0.4506,0.294,5,0,8.78,10377.02,4.2,1
67920.12,51,50342.96,0.7412,0.5425,9,1,10.25,9437.28,5.09,0
12000.0,63,18006.17,1.5005,0.3227,5,0,21.17,2805.01,1.64,0
95841.39,33,7042.89,0.0735,0.095,5,3,11.95,500.0,3.68,1
60905.6,38,20434.49,0.3355,0.1491,1,0,4.75,20331.4,9.14,0
39470.02,37,11805.44,0.2991,0.2983,4,2,11.11,10127.08,2.84,0
58142.56,37,26111.59,0.4491,0.155,2,0,13.2,17945.15,6.32,1
58523.8,31,0.0,0.0,0.3405,3,3,15.05,16786.23,7.08,0
41663.03,40,43420.01,1.0422,0.4423,3,0,12.17,13264.76,1.19,0
58958.33,30,25272.58,0.4287,0.1859,4,0,8.29,19555.87,2.32,1
42850.55,49,0.0,0.0,0.1139,7,2,10.67,20572.04,4.44,0
46912.76,54,6491.65,0.1384,0.0816,5,2,6.1,4386.22,15.3,1
41274.42,37,24792.97,0.6007,0.3821,1,1,13.39,24263.44,7.43,1
26346.57,62,29116.13,1.1051,0.1965,5,0,14.33,18914.92,3.06,0
57916.73,33,0.0,0.0,0.4145,7,2,5.59,4995.29,4.32,1
66705.99,64,23556.31,0.3531,0.105,3,1,2.85,6806.24,12.94,1
65297.67,59,0.0,0.0,0.3131,3,1,2.47,2057.05,8.92,1
71398.51,47,13927.97,0.1951,0.3242,5,1,10.04,17022.47,6.95,1
61486.8,46,28344.56,0.461,0.0587,2,0,14.05,10585.18,6.71,1
44345.49,48,8381.81,0.189,0.2257,3,1,7.29,500.0,4.46,1
71793.28,33,0.0,0.0,0.2867,2,0,8.9,7565.53,5.04,1
27849.65,32,16754.58,0.6016,0.2193,4,1,9.58,8952.68,13.01,0
36986.57,64,7743.37,0.2094,0.3683,3,3,9.47,12845.39,2.57,0
35716.0,48,22554.7,0.6315,0.4207,4,0,6.66,500.0,9.36,0
76601.12,22,4376.08,0.0571,0.1414,2,1,4.78,12933.21,6.53,1
73855.77,57,5728.36,0.0776,0.3902,3,0,9.95,24005.87,3.14,0
64746.1,54,0.0,0.0,0.1688,0,1,10.18,13496.06,2.36,1
76438.6,43,17039.34,0.2229,0.3645,3,1,14.99,16715.59,6.37,1
37414.34,49,13069.14,0.3493,0.3664,5,1,10.12,24507.07,4.06,0
61971.9,55,739.38,0.0119,0.4691,3,1,13.06,11243.65,5.62,1
52496.51,31,17325.58,0.33,0.1059,5,0,9.85,10985.48,9.57,1
71937.64,53,27324.84,0.3798,0.226,6,2,15.48,14758.82,4.91,1
52695.52,31,12413.18,0.2356,0.1537,7,0,4.23,4921.16,5.19,1
47301.14,29,18218.0,0.3851,0.4501,3,2,8.43,6443.52,5.41,0
65818.17,34,18279.73,0.2777,0.4056,8,2,9.2,500.0,8.76,1
72523.38,29,548.04,0.0076,0.4783,1,1,13.38,30306.76,8.02,1
41633.1,59,39679.03,0.9531,0.177,3,0,7.55,18645.62,3.24,0
53778.49,23,9349.8,0.1739,0.1309,2,0,10.1,4421.36,9.52,1
33831.19,49,22873.39,0.6761,0.3005,3,1,4.72,20190.86,12.3,0
12000.0,39,24230.58,2.0192,0.3961,4,2,7.02,5535.63,7.23,0
59009.19,56,13324.86,0.2258,0.0891,2,2,6.35,12544.45,2.74,0
67178.11,52,22281.54,0.3317,0.1458,4,2,5.91,12503.88,1.96,0
60241.34,27,17949.83,0.298,0.2637,5,1,5.85,8430.59,2.86,1
16008.77,48,0.0,0.0,0.3267,4,0,6.1,5497.37,5.51,0
47983.01,64,11012.73,0.2295,0.242,7,1,17.06,21668.38,4.76,0
12000.0,38,7649.39,0.6374,0.3765,4,2,5.42,12675.97,8.74,0
82394.02,25,9459.06,0.1148,0.3915,3,3,10.22,25455.46,6.26,1
33278.91,43,0.0,0.0,0.5827,3,5,5.24,3672.38,8.92,1
80108.07,42,28517.2,0.356,0.2691,0,1,7.45,8217.47,2.4,0
73917.39,46,34223.91,0.463,0.4358,3,2,9.61,11634.55,3.93,0
36988.19,62,26736.04,0.7228,0.1799,4,3,4.15,20825.69,15.85,0
32344.3,32,30246.35,0.9351,0.3574,4,2,10.49,5686.3,15.69,0
62007.4,60,10864.38,0.1752,0.2471,6,3,7.52,16570.34,3.64,0
38113.52,39,7364.92,0.1932,0.3907,4,0,10.34,14743.34,2.62,1
57049.69,21,5656.96,0.0992,0.2482,4,1,11.73,23427.56,8.3,1
45343.45,23,22728.78,0.5013,0.0914,5,2,6.36,15983.78,5.67,0
19376.83,47,17724.76,0.9147,0.2407,2,0,10.59,500.0,4.48,0
12000.0,38,14073.34,1.1728,0.451,6,2,12.89,3888.69,2.66,0
59533.68,50,30541.78,0.513,0.1509,3,2,14.32,4293.83,4.08,0
43768.85,22,19859.3,0.4537,0.2403,3,1,10.22,8380.06,2.4,1
43938.2,25,4936.11,0.1123,0.1596,3,2,7.46,22595.16,5.72,0
68917.28,49,6829.09,0.0991,0.3816,7,2,12.91,9878.5,6.39,1
78468.85,53,23183.92,0.2955,0.4116,6,0,6.24,12276.26,8.14,1
49549.11,62,27500.79,0.555,0.1576,5,1,11.18,10200.37,4.67,1
48188.03,40,21620.16,0.4487,0.2362,4,0,8.49,16310.73,8.11,0
65002.86,50,37762.66,0.5809,0.1068,5,0,15.01,6225.21,6.54,0
27861.29,62,34620.09,1.2426,0.335,4,0,9.26,10635.21,5.81,0
59463.06,25,20292.43,0.3413,0.157,4,0,5.96,10538.4,1.63,0
66037.72,41,4937.03,0.0748,0.3838,3,3,5.58,11432.67,6.7,0
68604.6,35,0.0,0.0,0.6292,3,3,10.56,7473.67,7.24,0
16264.95,40,10351.42,0.6364,0.2118,3,3,9.69,1319.85,10.77,0
39772.89,28,24038.56,0.6044,0.0306,4,2,3.94,19461.15,6.51,1
37434.73,51,36919.76,0.9862,0.1286,7,0,23.15,11068.76,8.7,0
56997.74,32,20009.36,0.3511,0.1388,2,0,9.21,21028.1,12.94,0
64614.89,41,29024.67,0.4492,0.3102,4,2,10.46,15835.76,3.66,0
84934.21,50,12056.31,0.1419,0.4152,6,0,13.74,16117.39,1.48,1
45100.69,47,22473.23,0.4983,0.1887,4,3,10.58,21045.36,5.02,0
45048.55,64,24880.28,0.5523,0.2453,5,0,5.29,32783.25,1.2,0
77993.44,46,0.0,0.0,0.116,2,1,8.38,22429.85,11.26,1
60931.54,53,10038.73,0.1648,0.362,4,1,5.54,19091.18,10.95,1
80353.03,46,26396.4,0.3285,0.1137,6,0,6.01,14338.44,0.33,0
60774.56,46,18293.62,0.301,0.3345,5,0,7.72,22070.53,2.92,1
31857.67,56,641.82,0.0201,0.0785,2,1,10.15,6027.79,3.89,1
28337.43,60,0.0,0.0,0.3099,6,2,8.1,16678.02,9.24,1
23969.76,21,10610.63,0.4427,0.0899,6,0,5.73,22217.69,7.13,0
68241.04,35,14140.97,0.2072,0.0098,3,0,0.97,19619.12,1.64,1
78771.94,21,4392.92,0.0558,0.1277,6,1,16.45,11390.47,11.03,1
91987.24,31,16717.02,0.1817,0.6752,2,0,12.88,15643.46,3.13,0
71862.11,22,21076.64,0.2933,0.3784,6,1,11.64,9366.77,7.15,1
78256.77,21,23048.25,0.2945,0.4684,6,0,5.17,5854.16,6.15,1
43399.67,51,0.0,0.0,0.1278,5,3,7.56,23606.35,3.4,1
31871.68,64,0.0,0.0,0.2975,10,0,5.91,8526.24,2.81,0
72001.59,36,11344.53,0.1576,0.1513,5,3,5.08,8458.55,7.03,1
63353.62,42,21866.08,0.3451,0.1782,5,1,9.35,8634.78,7.98,1
57148.89,62,20870.81,0.3652,0.3866,3,2,8.4,6432.81,5.96,0
62747.43,38,20662.44,0.3293,0.3702,1,4,12.86,6202.18,4.31,0
61463.71,37,10398.98,0.1692,0.4135,7,2,7.76,500.0,2.94,0
80676.34,50,11068.4,0.1372,0.2198,4,1,4.75,500.0,8.76,1
80899.71,30,6260.05,0.0774,0.6948,2,1,23.25,10458.73,1.77,1
65884.41,55,24218.33,0.3676,0.3277,3,0,7.63,15651.21,1.72,0
71916.06,41,3954.13,0.055,0.2207,3,1,13.05,500.0,2.14,1
65281.25,36,25200.44,0.386,0.0916,3,1,7.78,13455.13,2.37,0
45776.61,26,17494.24,0.3822,0.2585,5,4,8.12,22264.75,2.36,0
70131.29,23,14459.47,0.2062,0.1411,5,1,7.07,8227.92,4.52,1
27110.1,61,7119.48,0.2626,0.0949,3,2,6.22,4085.63,1.94,0
76077.83,63,0.0,0.0,0.4796,7,1,6.3,11519.0,9.24,1
31109.54,41,7228.17,0.2323,0.204,5,0,11.08,16153.63,6.3,0
60716.07,33,11039.92,0.1818,0.3594,2,1,8.88,7525.68,9.67,1
38096.92,38,0.0,0.0,0.2705,3,3,7.91,19622.92,7.09,0
66067.78,44,12631.74,0.1912,0.1989,5,0,9.36,15754.57,5.98,1
54321.5,47,26092.29,0.4803,0.1929,4,2,17.24,25848.32,9.3,0
23104.88,24,21806.61,0.9438,0.4262,5,0,27.87,500.0,3.43,0
63413.99,42,9045.53,0.1426,0.4722,6,0,2.54,706.27,3.3,0
43441.58,44,15563.24,0.3583,0.4401,1,0,17.52,8652.41,10.66,1
72622.93,60,8326.03,0.1146,0.2165,8,1,16.39,1287.29,5.36,1
55026.51,30,16785.13,0.305,0.6051,1,0,18.65,24591.14,4.34,1
62908.42,22,33481.29,0.5322,0.4284,8,0,5.28,13862.75,10.5,1
35848.62,60,26621.99,0.7426,0.108,6,1,4.87,9360.72,4.17,0
43213.36,26,21249.53,0.4917,0.5678,2,1,13.92,24429.52,5.17,0
45827.23,38,9085.38,0.1983,0.4195,5,3,6.69,14340.74,2.88,0
72134.05,37,23999.26,0.3327,0.1833,4,0,7.06,10329.1,4.21,1
88547.54,58,0.0,0.0,0.4463,4,0,5.47,5746.68,0.63,0
38896.56,43,11971.76,0.3078,0.3238,2,1,5.43,16446.49,18.18,1
76536.96,50,22004.54,0.2875,0.4706,2,0,7.45,16177.78,3.55,0
12000.0,41,23885.05,1.9904,0.1911,2,0,10.61,17454.64,4.79,0
31116.21,30,23038.61,0.7404,0.3721,5,1,17.67,18449.34,7.81,0
35824.43,63,18537.97,0.5175,0.2391,7,0,15.2,23604.52,7.03,1
27949.83,33,12651.3,0.4526,0.0877,5,0,3.12,5376.22,4.14,0
23328.23,32,21455.71,0.9197,0.2003,1,1,14.63,29894.24,13.67,0
63259.98,29,3565.67,0.0564,0.2336,2,3,9.34,26400.26,3.59,1
50718.65,24,4863.87,0.0959,0.3106,0,1,9.17,25738.01,9.58,1
62588.11,59,15740.82,0.2515,0.1193,3,1,10.36,10350.4,7.49,1
68809.45,44,17078.37,0.2482,0.0933,4,1,12.43,6288.17,5.95,1
60312.34,54,0.0,0.0,0.0472,5,1,8.85,12839.29,5.06,1
68155.26,59,20461.76,0.3002,0.6694,5,1,12.19,14267.58,8.44,0
53609.35,61,24272.74,0.4528,0.1674,2,2,12.09,18857.71,5.47,1
31260.13,25,14072.58,0.4502,0.3937,3,0,10.15,10686.11,5.94,0
76156.28,35,43493.6,0.5711,0.2714,5,1,5.17,19370.79,5.01,0
43217.76,24,6804.78,0.1575,0.2887,5,2,10.22,9220.45,9.42,1
36288.07,59,10666.95,0.294,0.188,1,0,17.48,12381.99,5.88,1
51441.64,28,10259.2,0.1994,0.2656,5,2,20.5,17782.44,5.08,1
36743.78,44,14085.75,0.3834,0.1869,4,0,11.39,12974.01,2.33,1
46651.39,48,11055.3,0.237,0.243,7,2,19.79,6593.28,3.02,1
61881.08,63,0.0,0.0,0.2699,5,2,6.44,4784.49,10.4,1
61966.83,47,8441.42,0.1362,0.5204,8,1,12.59,20521.32,2.64,0
37043.4,21,13828.55,0.3733,0.725,1,1,15.6,15970.1,4.44,0
45245.89,54,29742.86,0.6574,0.1022,4,2,7.94,23098.62,6.16,0
76486.66,37,41426.92,0.5416,0.2823,4,0,18.68,21161.47,0.89,0
64928.0,57,31025.69,0.4778,0.3838,3,2,18.42,9747.21,15.05,1
96501.3,58,5695.45,0.059,0.4097,2,0,8.87,20053.45,9.13,1
78602.56,46,6650.28,0.0846,0.1293,4,1,6.41,14819.53,7.72,1
77885.86,44,13088.06,0.168,0.2196,5,3,6.09,11091.49,6.81,1
27242.63,59,36414.71,1.3367,0.2807,7,1,10.05,33199.82,8.18,0
70277.21,41,13014.91,0.1852,0.2001,5,0,9.32,30767.85,2.74,1
53937.86,50,0.0,0.0,0.2679,4,0,9.24,17203.53,0.73,1
43980.36,33,8985.87,0.2043,0.5521,1,2,9.48,5200.44,2.83,0
58360.31,57,24084.67,0.4127,0.4783,5,0,5.79,8172.76,7.82,0
73904.23,23,23279.28,0.315,0.435,3,1,3.49,7664.65,1.68,1
65016.63,52,12597.4,0.1938,0.3658,4,1,15.77,18514.2,3.47,0
37430.52,55,23200.98,0.6198,0.2157,6,1,9.17,15072.29,5.54,0
69849.18,39,0.0,0.0,0.211,2,1,15.83,9502.13,6.34,1
42248.25,34,16245.95,0.3845,0.3585,5,2,3.4,28530.52,2.49,0
59333.66,42,25328.23,0.4269,0.2971,4,2,4.01,8562.35,8.63,0
48933.0,37,5005.64,0.1023,0.4398,4,2,1.21,26909.39,7.96,1
50622.67,24,4963.94,0.0981,0.1654,7,2,9.47,21366.47,6.34,0
70324.86,60,0.0,0.0,0.1595,5,2,12.37,17151.9,2.55,1
34196.13,39,34078.75,0.9966,0.2414,8,1,14.57,5768.85,10.08,0
93903.9,57,6358.15,0.0677,0.5277,3,0,3.76,24834.16,5.5,1
18578.28,22,17892.52,0.9631,0.0942,0,2,7.19,27783.89,3.34,0
43046.65,35,22247.0,0.5168,0.5072,2,2,10.45,13889.41,4.26,1
62404.24,22,33144.82,0.5311,0.1603,5,2,6.13,21981.95,3.03,0
66686.28,31,13153.23,0.1972,0.3332,1,0,6.91,12785.68,4.85,0
52990.49,43,8526.84,0.1609,0.4423,2,2,12.19,24040.15,10.35,0
53852.19,30,17076.81,0.3171,0.4311,4,0,3.06,4413.4,8.97,0
63211.0,23,30408.96,0.4811,0.3955,5,3,4.87,19914.9,6.21,0
50378.61,25,12957.93,0.2572,0.4696,5,0,13.09,500.0,2.88,0
82863.63,23,3541.57,0.0427,0.1431,3,0,8.44,2641.28,5.46,1
71786.98,58,0.0,0.0,0.1244,5,0,6.08,3523.32,6.36,1
72456.49,33,344.43,0.0048,0.1476,6,0,4.72,12109.92,4.14,1
35676.87,62,25372.7,0.7112,0.264,1,3,8.21,4929.53,14.06,0
53412.23,39,11152.51,0.2088,0.3985,6,1,7.96,4990.47,1.59,1
48990.68,60,7709.75,0.1574,0.358,2,1,17.14,10565.21,8.47,0
34887.97,55,6408.39,0.1837,0.4673,3,2,9.28,10978.59,4.19,0
62203.28,44,16020.55,0.2576,0.233,6,2,2.3,2775.0,11.96,1
44247.08,44,12126.54,0.2741,0.443,5,5,10.19,1255.42,9.89,0
68108.08,37,11722.41,0.1721,0.1704,4,2,9.97,5191.74,6.38,0
33596.17,60,31191.89,0.9284,0.3773,2,1,22.97,20015.78,8.26,0
89380.81,30,33456.2,0.3743,0.128,7,2,6.03,33096.03,3.3,1
37073.35,22,0.0,0.0,0.3304,3,1,17.06,23676.49,3.1,1
59386.05,64,18931.11,0.3188,0.1552,3,1,16.65,9142.59,11.04,1
70837.19,43,5677.65,0.0802,0.4704,4,1,6.81,15330.36,2.39,0
43587.19,26,12020.99,0.2758,0.583,5,0,6.86,11987.23,11.79,0
72049.37,22,18711.34,0.2597,0.2183,2,0,2.94,10855.88,13.76,1
30416.33,41,12447.36,0.4092,0.3161,2,1,11.16,12877.42,8.84,0
84042.35,55,17765.52,0.2114,0.2087,5,3,11.8,14217.38,4.31,1
55282.99,49,23075.64,0.4174,0.2588,5,1,11.45,500.0,2.07,0
43071.77,27,18534.92,0.4303,0.2886,2,1,6.8,7045.92,2.36,0
49016.36,49,7237.96,0.1477,0.3101,3,1,15.43,11659.77,9.12,1
71178.39,57,7449.6,0.1047,0.1542,5,0,8.14,31074.99,4.98,1
43310.89,43,0.0,0.0,0.5422,4,1,4.0,17096.7,4.25,1
40012.85,53,4752.96,0.1188,0.1696,2,1,10.49,20815.83,12.97,0
50569.27,28,38544.82,0.7622,0.1035,0,1,14.19,11117.91,5.64,0
31460.76,32,5495.96,0.1747,0.4109,7,1,7.95,23511.97,4.68,0
91410.88,30,679.45,0.0074,0.5455,6,1,10.56,14274.2,7.03,1
43672.11,35,18839.13,0.4314,0.3187,6,0,12.49,18605.98,7.11,0
71632.34,44,13675.62,0.1909,0.1074,5,1,9.89,13401.28,9.93,1
59189.4,46,12652.88,0.2138,0.3865,2,1,9.17,16416.39,0.37,0
35309.32,62,31908.55,0.9037,0.3352,3,0,13.05,8194.35,1.87,0
54880.91,59,21589.52,0.3934,0.2165,4,2,6.18,26637.95,10.13,0
70680.06,23,8640.08,0.1222,0.0255,4,0,11.27,8146.74,2.25,1
51234.77,22,9906.29,0.1934,0.1328,2,0,10.65,4410.2,12.19,1
78862.26,26,8968.96,0.1137,0.1454,1,3,10.83,13282.72,7.75,0
75430.31,41,25496.88,0.338,0.3138,4,2,5.65,26985.0,6.58,0
73378.3,29,11302.23,0.154,0.4371,9,2,18.12,6534.99,2.01,1
45806.86,30,0.0,0.0,0.1256,6,5,8.31,10551.31,5.85,1
33403.15,56,14420.16,0.4317,0.1485,2,0,9.16,14050.02,5.17,0
42728.25,23,0.0,0.0,0.3131,3,1,11.05,1407.89,16.3,1
58924.82,61,41210.77,0.6994,0.5115,3,0,21.23,995.61,1.72,1
65915.73,44,3411.99,0.0518,0.2483,6,3,14.79,21001.59,7.75,1
12000.0,42,13057.62,1.0881,0.3469,4,1,10.84,12604.14,2.5,0
54837.74,34,18098.43,0.33,0.2095,5,1,7.6,3517.51,2.66,1
58161.78,62,11536.1,0.1983,0.033,6,1,28.81,9490.89,4.01,1
49449.11,64,11519.64,0.233,0.2347,7,1,9.35,7525.45,3.49,1
80825.48,47,20061.93,0.2482,0.5657,2,2,9.29,12063.43,8.91,0
63435.6,53,33314.59,0.5252,0.1941,5,1,7.92,13572.59,8.48,0
81203.84,42,24210.11,0.2981,0.3359,3,1,4.19,500.0,3.38,1
50680.79,49,32742.17,0.646,0.3609,4,0,9.74,22672.12,1.4,1
73749.55,39,2440.57,0.0331,0.6203,6,1,15.18,12590.58,15.97,1
87701.33,39,18808.35,0.2145,0.3387,1,1,10.71,6893.08,2.57,1
81233.87,26,16862.95,0.2076,0.1636,7,1,13.57,19074.64,4.99,1
33157.17,39,19213.1,0.5795,0.2017,3,1,14.3,3724.09,5.99,1
49926.48,33,31514.78,0.6312,0.2742,1,1,7.34,9485.67,7.45,0
48096.71,46,12350.53,0.2568,0.0536,5,1,10.58,2267.57,3.41,0
64785.09,42,10133.96,0.1564,0.3518,6,1,12.44,17955.11,3.78,0
68727.07,41,21407.77,0.3115,0.1663,5,0,12.47,21548.52,12.0,1
38222.15,56,0.0,0.0,0.4017,4,1,2.76,15072.67,4.56,0
56356.77,22,12157.78,0.2157,0.0978,7,0,17.65,10487.43,2.01,1
14601.45,64,13389.63,0.917,0.2015,3,1,5.78,1794.24,11.28,1
83838.9,50,3955.7,0.0472,0.0667,3,0,12.67,8340.97,6.24,1
44752.52,47,27684.71,0.6186,0.3337,4,2,15.1,13854.19,6.5,0
56117.28,27,2253.12,0.0402,0.5671,3,2,5.04,7404.0,2.02,0
48807.01,40,13369.52,0.2739,0.0857,1,2,11.3,8360.59,4.49,0
77920.55,51,18517.89,0.2377,0.2067,5,0,13.44,3022.64,1.77,1
12000.0,43,31241.42,2.6035,0.1664,3,0,7.01,6053.31,4.2,0
54667.79,33,14873.32,0.2721,0.195,2,1,16.71,500.0,3.43,0
52883.62,37,26233.84,0.4961,0.1607,1,0,5.53,14212.81,3.09,0
45927.27,24,23407.14,0.5097,0.1901,5,0,9.44,12398.48,3.69,0
89524.53,34,16481.49,0.1841,0.119,3,1,8.0,12756.07,7.5,0
37253.41,40,1925.84,0.0517,0.395,2,3,13.51,9115.13,1.57,1
70435.92,33,0.0,0.0,0.0704,8,2,7.59,7274.67,2.16,1
62125.06,23,16278.06,0.262,0.3886,2,3,7.85,9616.68,4.65,1
80230.39,46,8487.64,0.1058,0.0873,4,1,7.76,8589.57,3.15,1
41656.22,46,26031.13,0.6249,0.06,2,1,16.72,13225.52,8.65,1
40340.62,38,23950.28,0.5937,0.5254,7,2,13.1,26663.86,2.58,0
76921.4,52,12784.67,0.1662,0.2827,8,3,11.71,10486.48,7.62,0
63506.43,34,1107.44,0.0174,0.3497,6,1,25.28,7264.63,2.23,1
24101.25,23,21128.83,0.8767,0.4085,5,1,6.22,10005.85,3.8,0
44213.9,21,2784.61,0.063,0.0358,4,1,16.74,8061.77,5.79,1
62727.65,46,5898.43,0.094,0.0614,5,2,24.78,8030.04,7.9,1
71755.28,44,3247.01,0.0453,0.1242,4,0,5.0,7325.17,5.72,1
41415.39,55,13337.99,0.3221,0.3657,6,3,23.15,17480.01,1.21,1
12000.0,34,29042.31,2.4202,0.2078,3,0,7.13,17376.89,9.42,0
65464.46,23,14939.51,0.2282,0.277,7,3,9.32,19218.95,7.79,1
30593.59,33,9681.38,0.3165,0.3047,7,1,8.46,20912.67,4.64,0
14653.22,34,0.0,0.0,0.2682,4,1,10.36,9083.26,12.16,1
12000.0,41,21625.5,1.8021,0.6145,4,0,9.2,500.0,6.27,0
71279.62,46,5635.14,0.0791,0.4626,2,1,7.21,27756.56,5.22,1
57572.35,23,16410.21,0.285,0.4312,12,1,11.37,500.0,3.96,0
50486.87,60,10749.38,0.2129,0.277,4,1,9.16,9266.74,2.74,0
82780.49,24,25058.13,0.3027,0.4945,3,2,6.23,587.74,7.37,0
67746.49,56,13113.16,0.1936,0.3174,4,1,2.41,15222.6,13.54,0
87326.0,63,14292.88,0.1637,0.5162,3,0,14.83,4345.06,3.79,0
27145.29,21,20828.97,0.7673,0.5275,4,0,11.92,21052.91,3.04,0
54308.99,60,40283.28,0.7417,0.0915,4,1,6.01,13859.74,3.63,1
22665.73,53,25661.36,1.1322,0.3137,5,0,4.65,24091.29,3.65,0
50412.35,27,13936.73,0.2765,0.3944,9,0,6.46,12812.63,6.66,1
50027.68,31,15038.38,0.3006,0.2926,4,1,9.08,21274.23,2.09,1
67532.27,47,8701.69,0.1289,0.4486,5,0,11.44,3315.1,6.92,0
55911.28,34,3600.05,0.0644,0.3564,2,2,6.58,19880.59,2.43,0
67468.14,42,8366.99,0.124,0.3318,5,2,13.32,10919.82,9.36,1
69068.8,36,5734.21,0.083,0.1767,4,0,7.48,13903.03,8.59,1
98098.57,32,22840.42,0.2328,0.0508,1,1,12.65,19420.1,0.54,1
48694.07,30,2145.66,0.0441,0.3631,5,0,4.62,15092.51,3.75,1
36179.55,44,30998.53,0.8568,0.3571,5,0,5.77,5675.17,12.23,0
59921.67,38,24024.56,0.4009,0.183,6,1,11.42,8084.23,8.0,1
38954.4,42,15246.02,0.3914,0.283,5,1,9.68,3538.7,4.05,1
84639.22,29,15003.82,0.1773,0.2639,2,3,15.98,17722.43,3.92,0
49335.64,37,8312.62,0.1685,0.4383,7,3,20.23,9234.34,1.27,1
43688.47,58,18241.01,0.4175,0.461,3,3,8.45,8409.74,2.84,0
45573.69,60,28057.11,0.6156,0.1288,2,2,3.57,13620.18,5.75,0
69368.35,33,6562.12,0.0946,0.1233,2,1,11.74,10104.65,3.49,0
51845.06,57,0.0,0.0,0.2769,7,1,4.03,21351.29,3.54,1
42166.66,26,23438.62,0.5559,0.4002,5,1,16.69,18280.67,4.47,0
88307.04,41,18892.39,0.2139,0.3646,1,2,13.53,17783.21,8.46,1
37876.6,56,1557.61,0.0411,0.5285,3,0,6.81,8678.0,10.06,1
55711.32,27,6199.3,0.1113,0.7426,7,0,15.23,17678.53,6.61,0
68046.12,56,4690.75,0.0689,0.0426,8,0,5.74,16027.23,6.41,0
22373.3,45,6305.61,0.2818,0.2498,4,3,12.9,2270.23,2.29,0
64605.21,31,11115.81,0.1721,0.0735,2,3,7.34,10030.8,5.57,1
33897.85,64,11801.43,0.3481,0.1682,4,0,18.2,10629.58,16.95,1
71455.66,34,7190.48,0.1006,0.0893,4,3,15.6,23963.9,7.24,0
35746.98,49,5902.03,0.1651,0.2685,1,1,12.79,8641.58,5.44,0
68855.38,30,12254.59,0.178,0.3525,2,1,17.49,15859.31,4.0,1
77116.66,25,17012.3,0.2206,0.1296,2,1,4.61,22407.73,7.56,1
72228.73,28,11204.44,0.1551,0.2371,2,1,14.55,4619.57,4.03,1
60026.33,25,28904.0,0.4815,0.2503,4,1,12.2,14235.25,3.65,1
50373.98,44,21097.05,0.4188,0.2657,9,2,8.43,28259.71,11.75,0
43471.61,60,0.0,0.0,0.0967,6,0,8.3,500.0,3.1,1
84420.69,46,21284.73,0.2521,0.2891,2,1,8.97,7145.39,10.93,1
41010.1,26,22266.53,0.543,0.1079,9,1,6.51,14183.35,2.71,0
34258.68,36,9783.18,0.2856,0.3368,6,1,4.52,14914.65,2.91,0
68307.38,56,0.0,0.0,0.5461,6,1,5.35,13259.28,6.2,1
39077.26,32,15096.8,0.3863,0.3808,2,2,6.45,16365.71,5.62,0
35998.73,31,14907.5,0.4141,0.0842,3,2,6.16,22087.65,9.74,0
26127.91,23,1540.25,0.059,0.3983,4,2,8.6,12433.97,4.7,1
45341.8,64,0.0,0.0,0.2375,1,1,4.35,11406.05,5.09,1
53345.7,57,13949.36,0.2615,0.0458,6,1,12.83,16757.05,10.64,1
59861.83,26,12203.07,0.2039,0.1433,3,1,14.73,27919.56,4.86,0
74026.12,39,9992.82,0.135,0.4617,7,2,5.17,16799.76,3.56,1
65537.96,38,13999.07,0.2136,0.2052,4,1,6.31,20310.59,2.35,1
51182.56,36,1766.68,0.0345,0.2113,7,2,8.88,500.0,4.36,0
51036.09,43,9782.15,0.1917,0.4287,5,1,12.29,10563.25,4.41,0
65203.15,63,21399.9,0.3282,0.5033,2,2,14.81,2290.79,12.48,0
80451.4,57,10800.36,0.1342,0.3874,5,3,6.21,12121.82,3.74,0
57526.28,29,0.0,0.0,0.1346,4,0,5.27,23415.57,6.24,1
45617.38,23,9327.69,0.2045,0.1612,2,0,10.68,1665.8,4.26,1
35142.68,28,2158.1,0.0614,0.2677,3,1,12.64,25896.96,1.18,1
26095.89,58,18205.64,0.6976,0.5721,7,0,10.51,11963.01,3.31,0
68325.39,24,18826.05,0.2755,0.4061,5,5,5.54,19142.14,8.33,1
66559.57,32,0.0,0.0,0.1565,3,2,10.18,20230.44,4.84,1
66547.27,64,24108.16,0.3623,0.2071,4,1,5.62,27964.24,3.54,0
52426.81,51,1653.76,0.0315,0.5505,7,2,9.92,16648.86,4.97,0
83138.69,45,33710.19,0.4055,0.2359,3,1,4.29,5025.13,3.66,0
45317.63,36,14414.68,0.3181,0.2862,1,0,4.5,20099.66,7.63,0
74105.38,62,43.28,0.0006,0.3075,3,1,12.46,500.0,3.69,1
54225.14,34,1296.17,0.0239,0.6409,3,0,15.66,4741.28,9.76,1
42832.98,33,19177.14,0.4477,0.4036,7,0,6.59,7355.39,3.82,0
66850.61,61,10304.4,0.1541,0.2754,4,1,15.69,500.0,7.17,1
63192.72,27,13840.15,0.219,0.0857,4,4,8.18,25472.33,4.44,0
62139.46,32,34353.36,0.5528,0.0826,8,1,12.93,22632.72,7.83,0
56625.57,57,6609.07,0.1167,0.1786,3,1,12.67,15608.07,5.82,1
54242.14,24,15719.55,0.2898,0.0561,2,2,7.89,19837.7,9.48,1
102767.44,22,32038.13,0.3118,0.2113,4,0,11.89,14930.41,7.78,1
78685.13,55,18246.16,0.2319,0.2767,7,0,7.4,18911.41,10.93,1
69456.54,64,0.0,0.0,0.3088,2,2,8.38,22099.26,5.54,1
57235.98,23,21064.67,0.368,0.1945,1,0,12.42,500.0,3.77,0
75143.14,24,1043.97,0.0139,0.1873,5,1,8.37,19323.04,12.45,1
65359.9,58,31881.69,0.4878,0.1472,1,1,10.74,21033.56,7.67,0
55524.1,32,5125.59,0.0923,0.4082,4,0,17.35,7275.71,9.06,0
48928.71,39,50634.11,1.0349,0.0583,3,0,10.11,10151.17,2.13,0
53381.65,30,32608.51,0.6109,0.4131,2,0,12.69,5797.73,4.34,0
12000.0,21,5440.65,0.4534,0.0814,3,1,6.35,14489.12,9.45,0
59212.02,37,15240.17,0.2574,0.3612,7,2,12.04,15126.56,12.74,1
45230.48,36,24043.73,0.5316,0.3425,3,1,9.42,13566.51,5.29,0
86853.4,29,24403.93,0.281,0.3441,4,2,5.75,5868.64,13.69,0
55386.88,29,20308.04,0.3667,0.2748,1,1,2.41,22974.28,10.52,0
31220.73,29,30025.91,0.9617,0.2744,2,1,5.22,7345.44,8.19,0
54002.4,32,13524.37,0.2504,0.2136,3,0,10.29,16421.18,5.63,1
34077.58,61,10599.39,0.311,0.0199,5,1,12.27,18307.95,5.66,0
64468.15,35,10837.63,0.1681,0.4333,5,0,13.83,500.0,5.96,0
60818.95,22,25300.48,0.416,0.255,7,1,7.2,14679.1,7.49,1
74156.79,31,19382.17,0.2614,0.37,7,1,8.47,22028.81,1.01,0
39182.36,31,18495.4,0.472,0.1812,5,1,9.99,11886.8,3.64,0
55680.16,28,24542.81,0.4408,0.1498,6,1,8.9,19191.87,4.74,0
27699.56,52,0.0,0.0,0.2127,5,0,10.75,6575.56,3.82,0
69029.9,26,18720.83,0.2712,0.1369,1,2,10.38,20433.7,3.88,1
65377.42,40,17622.83,0.2696,0.4974,2,1,4.16,2903.92,9.53,1
64916.1,59,35025.7,0.5396,0.2578,5,0,16.38,11825.06,3.77,0
55032.38,55,0.0,0.0,0.4181,8,3,3.28,21879.27,3.71,1
63295.46,28,33686.24,0.5322,0.1867,5,2,17.67,21436.76,4.54,0
87086.78,63,15904.91,0.1826,0.443,5,0,10.95,1602.34,3.85,1
49298.11,54,20867.87,0.4233,0.2245,3,2,5.03,10287.74,5.21,1
57772.9,39,35111.03,0.6077,0.4359,3,0,18.1,7204.11,5.69,0
33277.47,27,21729.14,0.653,0.059,4,0,12.02,21437.83,5.68,1
37634.78,51,19804.42,0.5262,0.2692,10,2,8.65,11404.04,9.03,0
56956.27,38,17907.49,0.3144,0.1856,0,2,6.07,13186.32,0.86,1
77078.67,60,9198.26,0.1193,0.2736,3,0,11.11,15854.76,2.25,1
49874.38,34,14658.13,0.2939,0.4479,4,0,5.87,2289.17,3.21,0
50281.67,59,6413.85,0.1276,0.2479,3,0,14.52,14391.86,5.53,1
46862.3,56,14465.2,0.3087,0.3387,1,1,6.19,3918.65,12.4,0
44304.87,37,0.0,0.0,0.1796,5,1,11.6,8081.86,3.67,0
60899.43,57,20148.47,0.3308,0.3024,5,1,4.41,8452.26,3.77,0
25054.85,64,13539.15,0.5404,0.2933,1,0,7.33,15872.07,9.45,0
80618.79,29,10965.56,0.136,0.2198,4,0,5.99,5657.12,3.49,1
41691.55,40,17637.1,0.423,0.4584,0,1,14.01,8203.81,4.15,0
69438.07,48,0.0,0.0,0.1091,5,0,6.59,14592.25,2.15,1
29600.03,40,38151.24,1.2889,0.2781,3,3,14.96,23082.44,10.56,0
68376.8,61,13766.79,0.2013,0.4696,3,0,21.25,15500.89,7.41,1
68438.89,56,13249.87,0.1936,0.4283,7,3,15.63,21044.82,6.92,1
62684.04,47,3415.25,0.0545,0.1704,4,0,10.32,500.0,4.76,1
35111.43,28,15287.36,0.4354,0.0828,7,3,5.43,23481.47,11.44,1
59990.96,52,31643.52,0.5275,0.7312,1,0,5.3,5141.21,2.99,0
31338.88,21,27430.99,0.8753,0.5352,4,3,7.28,7129.7,6.96,0
49944.73,37,25253.25,0.5056,0.2881,2,0,8.24,27531.59,3.99,0
75588.26,29,21556.79,0.2852,0.515,6,1,16.6,13362.5,6.94,1
70934.04,40,10697.49,0.1508,0.2066,3,1,8.28,6001.23,4.84,0
55303.66,52,0.0,0.0,0.296,6,1,7.83,7106.0,3.85,0
35503.87,22,12587.53,0.3545,0.4223,3,1,13.82,934.64,1.66,1
67911.75,52,12169.54,0.1792,0.3503,2,0,7.15,12116.84,5.54,0
55387.62,29,27585.53,0.498,0.1867,5,2,9.73,9312.13,5.1,0
12000.0,50,18712.69,1.5594,0.7082,2,1,3.66,17355.56,11.81,0
70652.6,40,34347.74,0.4861,0.1827,6,1,6.11,25751.63,12.57,0
54515.34,58,29369.86,0.5387,0.6191,4,0,9.36,1968.97,5.66,0
79049.02,21,9522.05,0.1205,0.4444,6,3,10.19,16767.63,2.58,1
33094.59,25,0.0,0.0,0.3409,2,2,7.14,500.0,5.71,0
12000.0,55,31626.9,2.6356,0.3566,6,1,5.43,15478.34,25.85,0
60581.68,56,31312.62,0.5169,0.4301,2,1,2.93,2612.91,9.42,0
60831.27,21,0.0,0.0,0.2846,2,1,8.93,1227.14,3.47,1
21186.57,34,33110.88,1.5628,0.2396,6,1,16.95,32404.63,4.5,0
35430.01,29,19585.41,0.5528,0.3386,0,2,13.19,29183.52,4.72,0
110104.35,50,16928.23,0.1537,0.5752,6,4,12.87,6336.22,5.51,1
48887.79,44,34377.4,0.7032,0.169,5,1,7.98,27217.13,1.06,0
69619.18,24,31136.22,0.4472,0.3762,6,1,4.94,11683.5,5.2,0
41986.8,34,22815.97,0.5434,0.2008,4,2,10.87,1033.04,8.89,0
13193.94,45,20678.6,1.5673,0.2239,5,1,10.61,17195.32,16.69,0
51594.84,24,22396.73,0.4341,0.7555,2,4,8.1,19593.97,13.88,0
49687.91,45,10199.31,0.2053,0.5321,4,0,9.81,18019.46,4.61,0
47002.44,30,14338.78,0.3051,0.0813,5,0,6.45,500.0,2.35,1
52707.18,55,4172.19,0.0792,0.3923,2,4,15.06,2854.82,6.9,1
60285.37,27,11003.52,0.1825,0.0816,6,2,13.64,19496.47,9.77,1
51997.66,62,10600.39,0.2039,0.4451,1,1,10.91,2782.16,2.99,1
29719.88,33,7376.34,0.2482,0.0609,2,1,6.55,20146.09,4.89,1
64723.7,24,16640.96,0.2571,0.0481,3,0,6.66,9097.09,2.99,1
16012.56,63,11112.23,0.694,0.3657,5,3,16.32,500.0,7.93,0
13992.85,56,21026.82,1.5027,0.1503,5,0,10.02,1448.24,5.45,0
69783.61,34,0.0,0.0,0.5624,4,2,14.75,15632.72,1.35,1
65140.41,38,13639.74,0.2094,0.2028,4,1,17.81,16014.88,6.44,1
53852.09,28,16578.62,0.3079,0.3782,8,1,5.83,24494.78,4.67,0
27091.03,52,11272.45,0.4161,0.3404,5,0,14.34,12159.86,14.99,0
40841.78,47,12931.29,0.3166,0.1277,4,1,11.04,10405.35,7.54,0
49745.07,62,0.0,0.0,0.4886,3,2,21.88,26380.5,4.33,1
23082.12,57,19277.73,0.8352,0.2253,2,0,0.92,5284.81,1.33,0
40219.43,43,22771.27,0.5662,0.3354,4,2,11.81,9733.58,3.36,0
68046.61,27,20922.45,0.3075,0.2705,5,3,12.66,15798.35,4.77,0
83546.11,32,27464.72,0.3287,0.5545,3,0,3.6,4834.32,9.32,1
46611.3,45,17418.36,0.3737,0.6112,4,3,11.65,15572.85,3.95,1
70129.77,23,20744.17,0.2958,0.1087,3,1,26.65,12035.21,3.73,1
16718.8,46,16873.09,1.0092,0.1659,6,3,6.62,21081.36,8.94,0
68189.02,24,23250.61,0.341,0.1265,5,0,10.04,8656.54,1.81,1
38921.03,62,0.0,0.0,0.066,2,2,8.69,6890.7,7.48,0
61146.91,56,4277.03,0.0699,0.1614,6,0,8.61,27351.67,11.97,1
50044.95,35,34042.8,0.6802,0.0859,2,1,4.53,18811.95,3.8,0
81408.28,52,0.0,0.0,0.39,9,3,14.96,20690.56,7.09,1
37511.29,49,13317.86,0.355,0.0287,4,3,10.03,18684.42,5.21,0
67552.13,30,29067.3,0.4303,0.1403,7,0,5.41,6608.16,5.47,0
49409.85,41,13880.87,0.2809,0.2896,6,4,7.15,4322.2,13.59,0
51833.89,36,10139.87,0.1956,0.336,3,1,13.63,4407.14,8.69,0
51322.92,39,16553.06,0.3225,0.2623,2,2,7.93,7396.53,5.72,0
38086.54,49,10762.56,0.2826,0.1782,4,1,11.55,21601.5,13.09,0
54718.02,38,15370.19,0.2809,0.2615,4,0,9.08,11794.58,6.68,1
53747.04,64,6799.43,0.1265,0.2314,4,0,7.08,19519.18,2.22,1
59824.8,36,28304.09,0.4731,0.4344,3,2,8.53,18586.01,1.24,1
56690.1,21,32079.18,0.5659,0.1983,4,0,7.02,24818.84,9.26,0
70959.89,22,13399.32,0.1888,0.274,7,2,9.99,18411.65,1.31,0
73470.17,35,0.0,0.0,0.2879,3,2,10.61,13703.43,3.58,1
33987.53,59,8713.88,0.2564,0.1086,7,1,3.32,1609.9,1.43,1
72375.45,48,12792.14,0.1767,0.2668,4,4,16.23,27530.23,6.86,0
31273.27,21,21066.47,0.6736,0.4149,3,1,19.32,20517.76,1.49,0
66757.12,25,2903.84,0.0435,0.2079,10,2,11.43,15393.54,9.38,1
67394.78,62,5770.05,0.0856,0.2109,4,2,8.88,13700.29,5.7,0
16773.66,42,21128.11,1.2596,0.0455,4,1,10.13,500.0,5.05,0
56859.58,56,26266.91,0.462,0.1587,2,4,6.41,15375.39,6.69,0
45630.08,33,7540.87,0.1653,0.4933,0,0,5.83,7758.13,6.95,1
39824.69,21,0.0,0.0,0.132,3,1,3.29,500.0,12.19,0
82017.05,36,54409.42,0.6634,0.2777,1,2,4.43,8126.31,9.43,1
41926.42,61,24399.65,0.582,0.1978,2,3,12.57,13928.0,1.26,0
38872.46,42,11795.95,0.3035,0.1058,7,1,7.66,14987.83,6.95,1
56513.9,52,25428.38,0.4499,0.0381,3,0,13.7,2573.36,10.48,1
68711.79,36,13506.52,0.1966,0.3115,5,2,11.53,1103.32,7.12,0
52167.03,35,25405.88,0.487,0.2286,0,0,10.14,9577.32,3.14,1
78327.41,62,16912.72,0.2159,0.1805,4,2,6.56,16565.94,2.36,0
65619.51,32,16095.26,0.2453,0.2196,2,0,13.96,5656.52,11.32,0
12000.0,21,13637.02,1.1364,0.0132,2,1,6.05,8444.54,3.96,0
44410.66,37,0.0,0.0,0.2841,3,1,8.93,13506.05,3.32,1
43763.16,61,38257.14,0.8742,0.1483,4,1,5.42,5436.17,7.55,0
64587.22,48,3701.59,0.0573,0.5589,0,1,5.3,500.0,3.76,1
12000.0,27,0.0,0.0,0.2841,1,2,12.68,14485.85,3.76,0
105980.19,29,12445.68,0.1174,0.1754,6,1,4.02,500.0,9.15,1
65620.52,42,3462.34,0.0528,0.1306,2,1,11.65,14641.25,6.03,1
57977.54,46,14379.45,0.248,0.419,2,1,11.27,10232.02,6.59,1
78631.35,32,23253.17,0.2957,0.6919,2,0,7.35,10169.85,16.67,1
101873.08,27,26943.63,0.2645,0.5065,1,1,7.45,3176.71,3.88,1
72414.93,35,24776.77,0.3421,0.228,3,0,2.29,9344.11,2.83,0
73976.26,58,11332.42,0.1532,0.2332,2,0,5.85,4970.88,7.14,1
57613.8,41,15595.1,0.2707,0.3015,4,1,10.92,34783.15,3.4,1
52169.48,34,19894.55,0.3813,0.1467,2,0,17.23,5569.05,4.3,1
45484.09,22,0.0,0.0,0.3427,2,2,18.34,20308.26,6.1,1
38477.76,28,21847.02,0.5678,0.0642,6,1,13.01,7478.36,9.95,1
41259.72,26,0.0,0.0,0.6693,4,2,6.82,13944.96,9.05,1
27988.88,57,39484.16,1.4107,0.2238,5,1,6.61,12060.89,7.63,0
53482.57,57,10145.82,0.1897,0.3694,4,0,11.51,10676.85,10.26,1
21306.65,53,12781.5,0.5999,0.1242,5,1,12.68,10425.9,4.29,0
58818.33,61,5763.51,0.098,0.4819,6,2,8.9,13979.96,8.36,1
54273.39,26,7440.36,0.1371,0.1485,5,0,7.42,23011.42,10.43,0
57938.71,46,42289.12,0.7299,0.0702,4,1,6.16,2950.11,4.47,0
44557.37,59,26284.44,0.5899,0.3872,3,5,4.49,500.0,2.62,0
116537.21,61,0.0,0.0,0.7511,7,2,9.91,5356.61,4.52,1
82202.32,57,33050.55,0.4021,0.3015,4,2,18.37,13023.05,13.35,0
30109.15,34,29318.91,0.9738,0.0529,6,1,12.69,9633.38,2.54,0
59657.36,57,11625.45,0.1949,0.2428,6,0,3.66,24336.09,5.88,0
42839.88,28,18680.36,0.4361,0.3677,4,2,8.62,23358.17,4.59,0
34710.41,59,14820.67,0.427,0.1772,2,0,6.1,8362.73,2.02,1
28198.56,33,38670.96,1.3714,0.498,6,1,11.06,24359.35,6.16,0
63644.33,33,5444.52,0.0855,0.6693,2,0,15.17,15364.83,6.88,0
41372.4,60,16752.13,0.4049,0.2731,4,1,10.15,6169.5,2.35,1
74356.52,63,9862.26,0.1326,0.203,4,0,7.09,11042.03,13.88,1
74875.64,48,0.0,0.0,0.252,4,0,15.2,10454.98,3.58,1
82478.29,38,41299.66,0.5007,0.3427,2,2,11.93,6112.07,12.64,0
37952.26,39,821.2,0.0216,0.1963,5,0,6.91,6928.41,2.14,0
64507.31,58,17641.55,0.2735,0.3044,5,0,11.32,15611.2,3.67,1
67649.08,52,0.0,0.0,0.0103,4,5,9.27,8801.01,5.86,0
45516.44,42,10211.15,0.2243,0.174,3,2,24.11,9737.78,4.09,1
39564.56,22,20063.63,0.5071,0.3003,4,0,14.2,10342.32,7.12,0
87190.41,33,5103.19,0.0585,0.158,3,0,11.02,10654.76,7.08,1
59549.92,43,22041.62,0.3701,0.2549,3,1,5.15,19365.48,7.88,0
67719.36,45,11771.51,0.1738,0.3098,7,4,11.45,5388.4,1.0,1
38558.48,48,28920.99,0.7501,0.1033,3,1,7.09,13843.11,3.45,0
30614.31,31,31341.13,1.0237,0.1595,1,1,7.59,500.0,9.92,0
43611.0,53,7959.06,0.1825,0.6091,2,1,5.13,7826.35,5.98,0
52519.57,44,15920.79,0.3031,0.1492,1,2,20.27,1540.27,6.1,1
33715.6,22,17201.45,0.5102,0.1232,2,0,4.45,24943.74,8.73,0
54803.1,50,22432.19,0.4093,0.4684,3,0,8.01,13071.13,7.21,1
21229.9,37,15172.58,0.7147,0.3689,7,1,2.06,8593.44,3.0,0
32599.05,60,17282.53,0.5302,0.4276,4,4,6.56,500.0,0.85,0
68418.22,54,12079.12,0.1765,0.4325,7,3,6.38,1284.92,9.59,0
67075.81,58,16382.88,0.2442,0.4087,2,2,6.74,18813.04,4.99,1
47162.46,42,30575.28,0.6483,0.5671,1,1,15.38,14837.34,3.13,0
34644.71,25,22753.0,0.6568,0.3696,6,0,7.1,500.0,7.7,0
34451.93,60,23415.07,0.6796,0.449,4,0,2.76,509.34,4.23,0
47534.64,36,23676.84,0.4981,0.4643,4,4,4.22,26784.02,2.85,0
67890.37,33,13154.29,0.1938,0.0406,6,2,10.1,22842.16,6.84,1
73564.91,46,18825.92,0.2559,0.2775,6,3,9.01,14362.79,4.85,1
45069.37,51,1977.92,0.0439,0.2281,6,2,6.73,12928.42,2.97,0
31930.15,59,30225.69,0.9466,0.0898,4,2,14.07,10655.67,8.8,0
60356.87,43,0.0,0.0,0.3768,5,1,7.81,1940.03,2.56,1
38529.3,32,13954.22,0.3622,0.2524,4,2,7.92,18882.97,10.28,1
44634.95,34,28690.75,0.6428,0.2633,2,0,7.33,10436.05,6.0,0
81505.52,38,0.0,0.0,0.2787,4,0,14.7,17842.41,3.82,1
71542.31,47,19797.36,0.2767,0.3076,5,1,11.61,8766.26,3.46,0
58159.49,48,6830.8,0.1174,0.2629,5,2,16.32,14904.08,7.22,1
29561.62,38,10574.36,0.3577,0.1612,5,0,14.82,8157.97,14.97,0
59227.93,36,26351.29,0.4449,0.0896,2,1,10.01,12556.12,4.65,1
76253.15,36,17376.68,0.2279,0.3614,0,1,10.22,18379.46,4.84,1
47487.33,33,0.0,0.0,0.1837,3,2,18.45,7718.05,4.84,1
82022.28,49,3282.89,0.04,0.0892,9,3,7.69,28156.74,2.82,1
80854.91,29,26704.03,0.3303,0.0232,6,0,4.09,7376.26,4.02,0
88274.66,46,20387.31,0.231,0.2448,0,1,12.83,13091.58,6.48,1
61104.86,48,35977.63,0.5888,0.5019,3,0,14.86,23056.65,3.26,0
66747.83,61,35191.77,0.5272,0.2224,3,1,11.97,23602.24,3.15,1
83283.75,33,10893.06,0.1308,0.3734,3,1,4.67,15738.67,9.69,0
63947.88,56,45038.85,0.7043,0.0671,7,2,14.13,14150.99,7.99,0
44975.32,29,15293.76,0.34,0.1766,4,2,13.0,12552.04,8.47,0
46029.14,34,3447.98,0.0749,0.2424,1,1,11.18,22850.87,8.15,0
59771.1,32,7396.32,0.1237,0.1944,1,0,7.08,19658.17,6.71,1
29188.77,52,0.0,0.0,0.2518,4,1,7.15,20716.8,1.86,0
52134.82,58,34284.23,0.6576,0.3959,2,4,5.55,25075.78,13.92,0
76930.94,23,34137.14,0.4437,0.2812,4,0,8.46,15663.77,4.73,0
12000.0,36,2813.91,0.2345,0.1053,5,0,7.58,8744.26,4.16,1
85689.64,40,12265.39,0.1431,0.1327,3,1,14.03,14810.24,0.98,1
77447.48,52,16147.29,0.2085,0.1327,2,1,8.48,12448.9,4.22,0
45804.71,43,3475.76,0.0759,0.4575,2,3,5.89,10487.45,7.16,0
65867.82,37,0.0,0.0,0.3053,1,2,5.86,8765.59,2.47,1
55062.95,36,12475.71,0.2266,0.2005,5,1,6.74,16381.57,1.73,0
79599.81,58,11147.05,0.14,0.1338,5,1,6.07,17100.65,1.44,1
74653.66,28,10339.07,0.1385,0.264,8,0,4.88,6431.91,3.06,0
26998.59,39,17672.59,0.6546,0.1959,4,0,6.69,14527.92,7.63,0
66745.25,50,32154.24,0.4817,0.2385,1,2,7.63,24986.11,3.27,0
50887.44,54,11362.89,0.2233,0.3467,4,2,5.07,6027.86,3.45,1
56656.65,34,17045.32,0.3009,0.4048,3,4,5.23,22951.93,4.91,0
40436.56,42,23722.45,0.5867,0.3255,2,0,18.44,5003.85,4.68,0
89962.74,64,21649.72,0.2407,0.4246,3,1,26.3,14890.56,2.81,1
75801.24,37,7626.92,0.1006,0.0697,9,1,8.55,500.0,2.36,1
40204.58,35,16156.53,0.4019,0.3092,1,2,24.48,17118.34,3.34,1
28307.79,52,21570.48,0.762,0.4419,4,4,18.21,10233.58,1.63,0
47286.55,33,1459.78,0.0309,0.2093,2,1,7.2,500.0,7.15,1
63690.05,41,30162.47,0.4736,0.0407,5,0,10.7,8230.46,6.63,1
59804.12,60,32179.07,0.5381,0.2013,3,0,4.75,26129.54,1.77,0
80062.66,53,6326.64,0.079,0.3933,3,1,15.4,16559.44,7.27,0
70798.39,47,17324.04,0.2447,0.4653,5,0,15.55,12903.91,7.42,1
74391.38,55,22707.34,0.3052,0.1551,2,1,4.7,16242.69,5.02,1
61537.11,36,8452.63,0.1374,0.1807,3,2,8.1,20078.81,2.17,1
27214.03,48,20779.37,0.7636,0.4003,2,1,28.48,24189.21,3.04,0
51086.03,54,16959.07,0.332,0.168,5,2,9.68,9672.06,1.84,1
76201.79,21,0.0,0.0,0.3381,1,1,2.88,16742.6,1.75,1
53969.54,61,20509.94,0.38,0.1589,4,1,6.81,15800.57,7.94,1
65061.81,51,1798.29,0.0276,0.129,1,2,8.38,12853.22,4.33,1
48625.03,56,26270.43,0.5403,0.1539,4,3,4.3,10508.28,3.65,0
34403.76,64,6945.47,0.2019,0.0941,5,3,9.11,24832.04,4.11,0
52533.12,53,13064.57,0.2487,0.3631,4,0,7.5,14104.28,7.63,1
61180.95,53,31467.35,0.5143,0.0299,4,3,10.3,2260.82,2.82,1
41886.25,59,20956.58,0.5003,0.1553,2,1,12.88,500.0,12.73,1
50285.78,38,2046.31,0.0407,0.3174,10,0,31.74,19633.41,2.65,1
36210.74,43,2821.0,0.0779,0.3789,3,0,9.75,8557.4,5.89,1
77384.9,43,7808.37,0.1009,0.4379,2,1,12.77,10782.45,4.9,1
49110.88,35,19735.73,0.4019,0.1244,11,0,12.83,15262.75,4.96,1
84055.11,46,19299.6,0.2296,0.4743,6,3,5.3,31686.5,8.4,0
85574.96,50,4882.77,0.0571,0.3884,2,0,5.28,22829.99,8.12,1
53379.08,45,993.49,0.0186,0.4006,3,1,11.4,10186.39,8.29,0
34831.03,36,18379.0,0.5277,0.6846,2,0,8.47,17845.82,3.45,0
13282.04,59,12817.68,0.965,0.2819,3,3,12.91,7181.53,0.98,0
25559.26,34,40886.59,1.5997,0.3302,5,1,10.51,18190.87,6.41,0
27523.3,37,15439.24,0.561,0.3608,5,0,3.12,5418.76,2.62,0
82569.39,32,36771.03,0.4453,0.1651,3,1,13.06,13461.0,4.28,0
57316.49,49,955.4,0.0167,0.677,4,2,3.94,13727.69,4.03,0
62792.09,52,0.0,0.0,0.2201,5,1,11.0,3587.51,8.41,1
12000.0,44,1558.98,0.1299,0.3443,3,1,13.03,7291.94,2.52,0
31040.67,33,29269.56,0.9429,0.1525,5,1,9.63,500.0,10.67,0
72741.6,40,36073.22,0.4959,0.044,5,3,13.57,8966.2,3.27,0
60735.48,35,5613.85,0.0924,0.378,6,0,4.84,20924.58,4.01,1
52055.89,24,9473.21,0.182,0.3314,4,0,14.97,27991.26,5.47,0
66296.85,54,972.23,0.0147,0.0733,2,1,6.91,23933.36,2.66,1
87715.96,48,0.0,0.0,0.2242,7,0,2.44,8914.33,3.55,0
50579.15,22,23620.94,0.467,0.0779,4,0,16.21,11944.99,6.32,0
56387.4,50,17676.24,0.3135,0.1677,4,0,11.34,11430.17,6.42,1
58851.94,46,15125.86,0.257,0.2585,3,1,8.03,10323.9,7.42,1
102842.19,46,0.0,0.0,0.0914,6,1,3.48,19794.55,9.8,0
13012.87,40,34679.48,2.665,0.1106,5,1,6.89,7588.45,6.81,0
68664.46,62,8959.72,0.1305,0.3597,2,1,8.58,23619.18,1.73,1
52703.96,48,21403.52,0.4061,0.2391,1,0,10.77,13109.95,3.72,0
66335.43,40,0.0,0.0,0.5568,10,0,17.44,2672.37,6.48,1
41852.55,31,12713.7,0.3038,0.418,2,1,5.6,11222.31,6.81,0
54020.7,30,18496.49,0.3424,0.1924,7,2,4.0,15832.17,9.92,1
69228.21,43,18924.9,0.2734,0.7295,2,0,7.01,19815.45,11.56,0
117258.2,57,16855.78,0.1437,0.5521,6,1,15.11,18033.81,3.81,1
71160.72,61,20934.27,0.2942,0.2931,2,0,6.44,9470.08,8.44,0
38038.69,39,1433.75,0.0377,0.1302,3,1,7.07,7852.4,9.91,1
